region1	region2	dist	dist_bp	contact_frequency	n_total	n_valid	balanced.sum	balanced.avg	balanced.avg.smoothed	balanced.avg.smoothed.agg	count.sum	count.avg
chr17	chr17	0	0		3331	2908						
chr17	chr17	1	25000	0.0003274792856391056	3330	2862			0.0003274792856391056	0.0003274792856391056		
chr17	chr17	2	50000	0.029131986220362803	3329	2839	87.88365661020038	0.030955849457626056	0.029131986220362803	0.029131986220362803	60796.0	18.262541303694803
chr17	chr17	3	75000	0.022004038422481224	3328	2825	63.77803636098035	0.022576296056984194	0.022004038422481224	0.022004038422481224	44242.0	13.293870192307692
chr17	chr17	4	100000	0.017672045345871308	3327	2810	50.640971695579864	0.018021698112306	0.017672045345871308	0.017672045345871308	35402.0	10.640817553351368
chr17	chr17	5	125000	0.014905305381476065	3326	2794	42.93822581784238	0.01536801210373743	0.014905305381476065	0.014905305381476065	30068.0	9.040288634996994
chr17	chr17	6	150000	0.012914032369245732	3325	2782	36.946024209141505	0.013280382533839506	0.012914032369245732	0.012914032369245732	25869.0	7.78015037593985
chr17	chr17	7	175000	0.011365277451552915	3324	2774	32.79923017802576	0.0118238032364909	0.011365277451552915	0.011365277451552915	23006.0	6.921179302045728
chr17	chr17	8	200000	0.010113509242124804	3323	2765	28.85378986946946	0.010435367041399442	0.010113509242124804	0.010113509242124804	20175.0	6.071321095395727
chr17	chr17	9	225000	0.009079907072389112	3322	2757	25.820632709655495	0.009365481577677002	0.009079907072389112	0.009079907072389112	18172.0	5.470198675496689
chr17	chr17	10	250000	0.008214143640909012	3321	2752	23.586389059323796	0.00857063555934731	0.008214143640909012	0.008214143640909012	16606.0	5.000301114122252
chr17	chr17	11	275000	0.007480798977127961	3320	2746	21.03745348181453	0.007661126541083223	0.007480798977127961	0.007480798977127961	14843.0	4.47078313253012
chr17	chr17	12	300000	0.0068536960927833394	3319	2738	19.51683607420084	0.0071281358926957045	0.0068536960927833394	0.0068536960927833394	13798.0	4.157276288038566
chr17	chr17	13	325000	0.006312819239375189	3318	2733	17.66561719530784	0.006463818951814065	0.006312819239375189	0.006312819239375189	12517.0	3.772453285111513
chr17	chr17	14	350000	0.005842468191963939	3317	2729	16.439787853699762	0.0060241069452912285	0.005842468191963939	0.005842468191963939	11600.0	3.4971359662345494
chr17	chr17	15	375000	0.005430103294053496	3316	2723	15.201483489006518	0.005582623389278927	0.005430103294053496	0.005430103294053496	10778.0	3.250301568154403
chr17	chr17	16	400000	0.005065662616490286	3315	2721	14.491378291123791	0.005325754609012786	0.005065662616490286	0.005065662616490286	10347.0	3.121266968325792
chr17	chr17	17	425000	0.004741053065674105	3314	2715	13.062297634266594	0.004811159349637788	0.004741053065674105	0.004741053065674105	9303.0	2.8071816535908267
chr17	chr17	18	450000	0.00444973931710487	3313	2711	12.235087351985477	0.00451312702028236	0.00444973931710487	0.00444973931710487	8748.0	2.6405070932689405
chr17	chr17	19	475000	0.0041864676906116245	3312	2707	11.973777914631125	0.004423264837322174	0.0041864676906116245	0.0041864676906116245	8556.0	2.5833333333333335
chr17	chr17	20	500000	0.003947036209036628	3311	2704	10.995215972656512	0.004066278096396639	0.003947036209036628	0.003947036209036628	7899.0	2.385684083358502
chr17	chr17	21	525000	0.0037280637724048634	3310	2702	10.474200477874842	0.0038764620569484982	0.0037280637724048634	0.0037280637724048634	7478.0	2.259214501510574
chr17	chr17	22	550000	0.0035268475574037447	3309	2697	9.905483706188855	0.0036727785339966093	0.0035268475574037447	0.0035268475574037447	7106.0	2.1474765790268964
chr17	chr17	23	575000	0.0033412094527297564	3308	2694	9.5362080695935	0.0035397951260554934	0.0033412094527297564	0.0033412094527297564	6825.0	2.063180169286578
chr17	chr17	24	600000	0.0031693831425045555	3307	2693	8.79332059854776	0.0032652508720934868	0.0031693831425045555	0.0031693831425045555	6323.0	1.9120048382219534
chr17	chr17	25	625000	0.003009911060694464	3306	2692	8.469636213944575	0.0031462244479734678	0.003009911060694464	0.003009911060694464	6068.0	1.8354506957047791
chr17	chr17	26	650000	0.002861580260382248	3305	2686	7.905600155466589	0.0029432614130553195	0.002861580260382248	0.002861580260382248	5663.0	1.713464447806354
chr17	chr17	27	675000	0.0027233659015884525	3304	2688	7.605150260482098	0.0028292969719055424	0.0027233659015884525	0.0027233659015884525	5417.0	1.6395278450363195
chr17	chr17	28	700000	0.0025943846104997934	3303	2686	7.176609178619797	0.0026718574752865962	0.0025943846104997934	0.0025943846104997934	5133.0	1.5540417801998183
chr17	chr17	29	725000	0.002473869216878049	3302	2683	6.975763436429375	0.002599986372131709	0.002473869216878049	0.002473869216878049	5044.0	1.5275590551181102
chr17	chr17	30	750000	0.0023611481875351944	3301	2682	6.848762289416501	0.002553602643332029	0.0023611481875351944	0.0023611481875351944	4895.0	1.4828839745531657
chr17	chr17	31	775000	0.002255619909918599	3300	2683	6.0783873841590585	0.0022655189653965927	0.002255619909918599	0.002255619909918599	4379.0	1.326969696969697
chr17	chr17	32	800000	0.002156746247766297	3299	2680	5.982831715926426	0.0022323998940023976	0.002156746247766297	0.002156746247766297	4335.0	1.3140345559260382
chr17	chr17	33	825000	0.002064042247073564	3298	2681	5.758547481713155	0.002147910287845265	0.002064042247073564	0.002064042247073564	4116.0	1.2480291085506368
chr17	chr17	34	850000	0.001977061796467999	3297	2681	5.4786216446179425	0.0020434993079514892	0.001977061796467999	0.001977061796467999	3925.0	1.1904761904761905
chr17	chr17	35	875000	0.001895396100510763	3296	2681	5.399277419492914	0.0020139042967149997	0.001895396100510763	0.001895396100510763	3868.0	1.1735436893203883
chr17	chr17	36	900000	0.0018186709896682528	3295	2684	4.989908108467918	0.0018591311879537697	0.0018186709896682528	0.0018186709896682528	3581.0	1.0867981790591805
chr17	chr17	37	925000	0.0017465358116047003	3294	2684	4.711002815539141	0.0017552171443886515	0.0017465358116047003	0.0017465358116047003	3377.0	1.025197328476017
chr17	chr17	38	950000	0.0016786661204602172	3293	2683	4.644578810904093	0.0017311139809556815	0.0016786661204602172	0.0016786661204602172	3332.0	1.0118433039781354
chr17	chr17	39	975000	0.001614762314778112	3292	2683	4.454152353766195	0.001660138782618783	0.001614762314778112	0.001614762314778112	3195.0	0.9705346294046172
chr17	chr17	40	1000000	0.0015545421521526524	3291	2683	4.211181988735215	0.0015695795709039192	0.0015545421521526524	0.0015545421521526524	3030.0	0.9206927985414768
chr17	chr17	41	1025000	0.0014977443429923685	3290	2680	4.082355897469847	0.0015232671259215846	0.0014977443429923685	0.0014977443429923685	2934.0	0.8917933130699088
chr17	chr17	42	1050000	0.0014441253771368308	3289	2679	3.8149915646298194	0.0014240356717543185	0.0014441253771368308	0.0014441253771368308	2771.0	0.8425053207661903
chr17	chr17	43	1075000	0.0013934606650877186	3288	2676	3.8694521798012693	0.0014459836247388898	0.0013934606650877186	0.0013934606650877186	2775.0	0.843978102189781
chr17	chr17	44	1100000	0.0013454770158421695	3287	2674	3.7245721452244434	0.0013928841231205847	0.0013454770158421695	0.0013454770158421695	2682.0	0.8159415880742318
chr17	chr17	45	1125000	0.0013001691861004182	3286	2674	3.6356065685138934	0.0013596135259962205	0.0013001691861004182	0.0013001691861004182	2621.0	0.7976262933657943
chr17	chr17	46	1150000	0.001257120225246031	3285	2673	3.370994636526425	0.001261127810148307	0.001257120225246031	0.001257120225246031	2438.0	0.7421613394216134
chr17	chr17	47	1175000	0.0012163771605557228	3284	2672	3.1148842021485366	0.0011657500756543924	0.0012163771605557228	0.0012163771605557228	2260.0	0.6881851400730816
chr17	chr17	48	1200000	0.001177594715709592	3283	2668	3.201827292323268	0.0012000851920252128	0.001177594715709592	0.001177594715709592	2331.0	0.7100213219616205
chr17	chr17	49	1225000	0.001140810770894973	3282	2667	3.173828860978694	0.001190037068233481	0.001140810770894973	0.001140810770894973	2313.0	0.7047531992687386
chr17	chr17	50	1250000	0.0011057303861458842	3281	2663	3.028841604487793	0.0011373794984933508	0.0011057303861458842	0.0011057303861458842	2190.0	0.6674794270039622
chr17	chr17	51	1275000	0.0010723918260654112	3280	2660	2.9029068142067143	0.0010913183512055316	0.0010723918260654112	0.0010723918260654112	2081.0	0.6344512195121951
chr17	chr17	52	1300000	0.001040537711925581	3279	2658	2.8110742742717427	0.001057590020418263	0.001040537711925581	0.001040537711925581	2018.0	0.6154315340042696
chr17	chr17	53	1325000	0.001010209878937171	3278	2655	2.833652288166713	0.0010672889974262573	0.001010209878937171	0.001010209878937171	2050.0	0.6253813300793166
chr17	chr17	54	1350000	0.0009811800113887872	3277	2654	2.6696687688929397	0.001005903831534642	0.0009811800113887872	0.0009811800113887872	1964.0	0.5993286542569424
chr17	chr17	55	1375000	0.0009534943708411442	3276	2651	2.5603221355167944	0.0009657948455363239	0.0009534943708411442	0.0009534943708411442	1880.0	0.5738705738705738
chr17	chr17	56	1400000	0.0009269501033205145	3275	2649	2.530116985230717	0.00095512154972847	0.0009269501033205145	0.0009269501033205145	1852.0	0.5654961832061068
chr17	chr17	57	1425000	0.0009015952499492162	3274	2648	2.5112586288457432	0.0009483605093828335	0.0009015952499492162	0.0009015952499492162	1820.0	0.5558949297495418
chr17	chr17	58	1450000	0.0008772500241544719	3273	2648	2.2975216752750702	0.0008676441371884706	0.0008772500241544719	0.0008772500241544719	1665.0	0.5087076076993584
chr17	chr17	59	1475000	0.0008539616943735579	3272	2644	2.3008503833177176	0.000870215727427276	0.0008539616943735579	0.0008539616943735579	1662.0	0.5079462102689487
chr17	chr17	60	1500000	0.0008315709185222875	3271	2645	2.2728261864037527	0.0008592915638577515	0.0008315709185222875	0.0008315709185222875	1631.0	0.4986242739223479
chr17	chr17	61	1525000	0.0008101229456882484	3270	2645	2.214600571343329	0.0008372780988065516	0.0008101229456882484	0.0008101229456882484	1612.0	0.4929663608562691
chr17	chr17	62	1550000	0.0007894782581276308	3269	2645	2.130504754958579	0.0008054838393038105	0.0007894782581276308	0.0007894782581276308	1554.0	0.4753747323340471
chr17	chr17	63	1575000	0.0007696775073541033	3268	2645	2.0810122048622928	0.0007867721001369726	0.0007696775073541033	0.0007696775073541033	1482.0	0.45348837209302323
chr17	chr17	64	1600000	0.0007505990799869871	3267	2646	1.9094446432060794	0.0007216344078632197	0.0007505990799869871	0.0007505990799869871	1371.0	0.4196510560146924
chr17	chr17	65	1625000	0.0007322784798989073	3266	2646	2.0641127759121787	0.0007800879727559255	0.0007322784798989073	0.0007322784798989073	1503.0	0.46019595835884874
chr17	chr17	66	1650000	0.0007146109955799983	3265	2646	1.923231747478043	0.0007268449536954055	0.0007146109955799983	0.0007146109955799983	1400.0	0.42879019908116384
chr17	chr17	67	1675000	0.0006976259400942909	3264	2644	1.8632822695751028	0.000704720979415697	0.0006976259400942909	0.0006976259400942909	1350.0	0.41360294117647056
chr17	chr17	68	1700000	0.0006812342105514291	3263	2645	1.7448228555000165	0.0006596683763705166	0.0006812342105514291	0.0006812342105514291	1263.0	0.3870671161507815
chr17	chr17	69	1725000	0.0006654585824612229	3262	2642	1.780067715281761	0.0006737576515071011	0.0006654585824612229	0.0006654585824612229	1286.0	0.3942366646229307
chr17	chr17	70	1750000	0.0006502237981530647	3261	2641	1.7851505339835287	0.0006759373472107265	0.0006502237981530647	0.0006502237981530647	1282.0	0.3931309414290095
chr17	chr17	71	1775000	0.0006355465485466767	3260	2640	1.7546349553968434	0.0006646344528018346	0.0006355465485466767	0.0006355465485466767	1251.0	0.38374233128834356
chr17	chr17	72	1800000	0.0006213643403262894	3259	2638	1.6830602176379736	0.000638006147702037	0.0006213643403262894	0.0006213643403262894	1184.0	0.3633016262657257
chr17	chr17	73	1825000	0.0006076877448115973	3258	2637	1.6725039169369496	0.0006342449438517063	0.0006076877448115973	0.0006076877448115973	1219.0	0.3741559238796808
chr17	chr17	74	1850000	0.0005944656750869176	3257	2637	1.6206977990897264	0.0006145990895296649	0.0005944656750869176	0.0005944656750869176	1177.0	0.36137549892539145
chr17	chr17	75	1875000	0.0005817030349724737	3256	2635	1.546263049704212	0.0005868170966619401	0.0005817030349724737	0.0005817030349724737	1119.0	0.34367321867321865
chr17	chr17	76	1900000	0.000569358390970419	3255	2635	1.479968548873918	0.0005616578933107848	0.000569358390970419	0.000569358390970419	1084.0	0.33302611367127494
chr17	chr17	77	1925000	0.000557432001454051	3254	2632	1.482499753862734	0.0005632597849022546	0.000557432001454051	0.000557432001454051	1061.0	0.326060233558697
chr17	chr17	78	1950000	0.0005458911433161835	3253	2629	1.5040301108175087	0.0005720920923611673	0.0005458911433161835	0.0005458911433161835	1069.0	0.3286197356286505
chr17	chr17	79	1975000	0.0005347317182723566	3252	2627	1.4290371630811258	0.0005439806482988678	0.0005347317182723566	0.0005347317182723566	1032.0	0.3173431734317343
chr17	chr17	80	2000000	0.0005239280161351674	3251	2624	1.4373963037349697	0.0005477882255087537	0.0005239280161351674	0.0005239280161351674	1009.0	0.31036604121808675
chr17	chr17	81	2025000	0.0005134727700631496	3250	2621	1.3287591913573076	0.0005069664980378892	0.0005134727700631496	0.0005134727700631496	957.0	0.29446153846153844
chr17	chr17	82	2050000	0.0005033463555539467	3249	2618	1.3071551944797823	0.0004992953378456006	0.0005033463555539467	0.0005033463555539467	952.0	0.29301323484148967
chr17	chr17	83	2075000	0.0004935387950512249	3248	2613	1.352607862984474	0.0005176455656274297	0.0004935387950512249	0.0004935387950512249	983.0	0.30264778325123154
chr17	chr17	84	2100000	0.00048403539078667397	3247	2607	1.247066888065308	0.0004783532366955535	0.00048403539078667397	0.00048403539078667397	896.0	0.27594702802587
chr17	chr17	85	2125000	0.0004748242276399573	3246	2601	1.1970575526759326	0.00046022973959090066	0.0004748242276399573	0.0004748242276399573	863.0	0.2658656808379544
chr17	chr17	86	2150000	0.0004658942427654065	3245	2597	1.209873203909748	0.0004658733938813046	0.0004658942427654065	0.0004658942427654065	876.0	0.2699537750385208
chr17	chr17	87	2175000	0.00045723255342844946	3244	2595	1.1772263997491	0.0004536517918108285	0.00045723255342844946	0.00045723255342844946	846.0	0.26078914919852036
chr17	chr17	88	2200000	0.0004488321424445052	3243	2594	1.1251313655504986	0.00043374378008885836	0.0004488321424445052	0.0004488321424445052	821.0	0.25316065371569535
chr17	chr17	89	2225000	0.00044067839271336986	3242	2595	1.0912758014308466	0.00042053017396179057	0.00044067839271336986	0.00044067839271336986	791.0	0.24398519432449106
chr17	chr17	90	2250000	0.0004327614106090265	3241	2596	1.1894973648304261	0.0004582039155741241	0.0004327614106090265	0.0004327614106090265	849.0	0.2619561863622339
chr17	chr17	91	2275000	0.0004250781656595613	3240	2594	1.0847423790869908	0.0004181736233951391	0.0004250781656595613	0.0004250781656595613	790.0	0.24382716049382716
chr17	chr17	92	2300000	0.00041761308120986593	3239	2593	1.0257477034176268	0.0003955833796442834	0.00041761308120986593	0.00041761308120986593	752.0	0.2321704229700525
chr17	chr17	93	2325000	0.00041035769122387737	3238	2592	1.0419787992981042	0.00040199799355636735	0.00041035769122387737	0.00041035769122387737	747.0	0.230697961704756
chr17	chr17	94	2350000	0.0004033107922393836	3237	2589	1.0957668371993325	0.0004232394118189774	0.0004033107922393836	0.0004033107922393836	789.0	0.24374420759962928
chr17	chr17	95	2375000	0.0003964575715657601	3236	2585	1.046727057298435	0.00040492342642105804	0.0003964575715657601	0.0003964575715657601	763.0	0.2357849196538937
chr17	chr17	96	2400000	0.00038979075046979036	3235	2581	0.9705596852662569	0.0003760401725169535	0.00038979075046979036	0.00038979075046979036	709.0	0.21916537867078825
chr17	chr17	97	2425000	0.0003833096964376511	3234	2578	1.017713928179849	0.0003947687851744954	0.0003833096964376511	0.0003833096964376511	722.0	0.22325293753865183
chr17	chr17	98	2450000	0.0003770012303067315	3233	2574	0.9427856164806667	0.0003662725782753173	0.0003770012303067315	0.0003770012303067315	676.0	0.20909372100216517
chr17	chr17	99	2475000	0.00037085906458642553	3232	2570	0.9403411162658093	0.0003658914849283305	0.00037085906458642553	0.00037085906458642553	680.0	0.2103960396039604
chr17	chr17	100	2500000	0.00036488243214865255	3231	2570	0.9605624280047231	0.00037375969961273275	0.00036488243214865255	0.00036488243214865255	690.0	0.2135561745589601
chr17	chr17	101	2525000	0.00035906015921940217	3230	2568	0.9561794003947302	0.0003723440032689759	0.00035906015921940217	0.00035906015921940217	682.0	0.21114551083591332
chr17	chr17	102	2550000	0.0003533867893814094	3229	2566	0.9460075811604163	0.0003686701407484085	0.0003533867893814094	0.0003533867893814094	678.0	0.20997212759368225
chr17	chr17	103	2575000	0.000347861105754279	3228	2564	0.989404700408399	0.0003858832684900152	0.000347861105754279	0.000347861105754279	698.0	0.21623296158612143
chr17	chr17	104	2600000	0.00034247396891858413	3227	2564	0.7897076527423261	0.00030799830450168724	0.00034247396891858413	0.00034247396891858413	577.0	0.17880384257824605
chr17	chr17	105	2625000	0.00033722062245065	3226	2561	0.8664521405791954	0.000338325708933696	0.00033722062245065	0.00033722062245065	631.0	0.19559826410415376
chr17	chr17	106	2650000	0.0003320994299478617	3225	2561	0.9357918704125529	0.0003654009646280956	0.0003320994299478617	0.0003320994299478617	664.0	0.20589147286821705
chr17	chr17	107	2675000	0.0003271030090096529	3224	2560	0.8305549867938242	0.00032443554171633757	0.0003271030090096529	0.0003271030090096529	599.0	0.1857940446650124
chr17	chr17	108	2700000	0.000322227195818696	3223	2557	0.7889400843651607	0.00030854129228203393	0.000322227195818696	0.000322227195818696	571.0	0.17716413279553211
chr17	chr17	109	2725000	0.00031747013909135885	3222	2554	0.8206340425946315	0.0003213132508201376	0.00031747013909135885	0.00031747013909135885	593.0	0.1840471756672874
chr17	chr17	110	2750000	0.00031282579908850183	3221	2556	0.7801966941372419	0.0003052412731366361	0.00031282579908850183	0.00031282579908850183	564.0	0.17510090034150885
chr17	chr17	111	2775000	0.00030829051638690857	3220	2555	0.7986478910642613	0.0003125823448392412	0.00030829051638690857	0.00030829051638690857	574.0	0.1782608695652174
chr17	chr17	112	2800000	0.0003038625917973954	3219	2554	0.796010810966473	0.0003116722047636934	0.0003038625917973954	0.0003038625917973954	571.0	0.1773842808325567
chr17	chr17	113	2825000	0.00029953678180534555	3218	2554	0.7379990080559721	0.00028895810808769463	0.00029953678180534555	0.00029953678180534555	532.0	0.16532007458048478
chr17	chr17	114	2850000	0.00029530985878157054	3217	2555	0.7893162109705677	0.0003089300238632359	0.00029530985878157054	0.00029530985878157054	562.0	0.17469692259869443
chr17	chr17	115	2875000	0.00029118067407464754	3216	2554	0.8064871509308049	0.00031577413897055794	0.00029118067407464754	0.00029118067407464754	587.0	0.18252487562189054
chr17	chr17	116	2900000	0.00028714423150015507	3215	2552	0.7884969900004619	0.0003089721747650713	0.00028714423150015507	0.00028714423150015507	564.0	0.17542768273716952
chr17	chr17	117	2925000	0.00028319767523436425	3214	2553	0.7315955160680794	0.0002865630693568662	0.00028319767523436425	0.00028319767523436425	516.0	0.16054760423148726
chr17	chr17	118	2950000	0.000279340703634367	3213	2552	0.7145692972783662	0.00028000364313415603	0.000279340703634367	0.000279340703634367	510.0	0.15873015873015872
chr17	chr17	119	2975000	0.00027556814912371404	3212	2549	0.6850188955208895	0.00026874024932165144	0.00027556814912371404	0.00027556814912371404	496.0	0.15442092154420922
chr17	chr17	120	3000000	0.0002718774777623702	3211	2548	0.7720569971246775	0.0003030051009123538	0.0002718774777623702	0.0002718774777623702	557.0	0.17346620990345687
chr17	chr17	121	3025000	0.000268269656958433	3210	2546	0.705961457634735	0.0002772825835171779	0.000268269656958433	0.000268269656958433	512.0	0.15950155763239876
chr17	chr17	122	3050000	0.0002647388186422503	3209	2544	0.632804247240248	0.00024874380787745596	0.0002647388186422503	0.0002647388186422503	454.0	0.14147709566843253
chr17	chr17	123	3075000	0.00026128270919722227	3208	2541	0.7101395262196738	0.0002794724621092774	0.00026128270919722227	0.00026128270919722227	522.0	0.16271820448877805
chr17	chr17	124	3100000	0.00025790378098001257	3207	2540	0.6838844782097947	0.0002692458575629113	0.00025790378098001257	0.00025790378098001257	491.0	0.15310258808855629
chr17	chr17	125	3125000	0.0002545951660416901	3206	2539	0.6347297921478283	0.0002499920410192313	0.0002545951660416901	0.0002545951660416901	471.0	0.14691203992514038
chr17	chr17	126	3150000	0.0002513548561065406	3205	2538	0.6651352736801275	0.00026207063580777285	0.0002513548561065406	0.0002513548561065406	473.0	0.14758190327613105
chr17	chr17	127	3175000	0.0002481869733001439	3204	2537	0.6586089155172129	0.0002596014645318143	0.0002481869733001439	0.0002481869733001439	487.0	0.15199750312109864
chr17	chr17	128	3200000	0.00024508339525660967	3203	2536	0.6004421377760097	0.00023676740448580827	0.00024508339525660967	0.00024508339525660967	448.0	0.1398688729316266
chr17	chr17	129	3225000	0.0002420423294398592	3202	2534	0.5847183661793057	0.00023074915792395647	0.0002420423294398592	0.0002420423294398592	416.0	0.12991880074953155
chr17	chr17	130	3250000	0.00023907115770958794	3201	2532	0.5976184697368377	0.000236026251870789	0.00023907115770958794	0.00023907115770958794	430.0	0.13433302093095909
chr17	chr17	131	3275000	0.00023615880916709437	3200	2530	0.6091324156095966	0.0002407638006362042	0.00023615880916709437	0.00023615880916709437	434.0	0.135625
chr17	chr17	132	3300000	0.00023330368342344997	3199	2527	0.6053026885825279	0.00023953410707658405	0.00023330368342344997	0.00023330368342344997	431.0	0.13472960300093778
chr17	chr17	133	3325000	0.0002305042353101282	3198	2524	0.5764315805876427	0.00022838018248321816	0.0002305042353101282	0.0002305042353101282	429.0	0.13414634146341464
chr17	chr17	134	3350000	0.0002277719232226964	3197	2523	0.6200711385180786	0.00024576739536982903	0.0002277719232226964	0.0002277719232226964	439.0	0.13731623396934625
chr17	chr17	135	3375000	0.00022509195436278245	3196	2520	0.5572539878369115	0.00022113253485591726	0.00022509195436278245	0.00022509195436278245	401.0	0.12546933667083854
chr17	chr17	136	3400000	0.00022246294930843642	3195	2516	0.5765290365479048	0.00022914508606832463	0.00022246294930843642	0.00022246294930843642	416.0	0.13020344287949923
chr17	chr17	137	3425000	0.00021988357477221925	3194	2514	0.5687846039676003	0.00022624685917565644	0.00021988357477221925	0.00021988357477221925	413.0	0.12930494677520352
chr17	chr17	138	3450000	0.00021736812339573735	3193	2512	0.5779438402804997	0.0002300731848250397	0.00021736812339573735	0.00021736812339573735	422.0	0.13216410898841216
chr17	chr17	139	3475000	0.00021489930072768587	3192	2511	0.5479310226765665	0.000218212275060361	0.00021489930072768587	0.00021489930072768587	387.0	0.1212406015037594
chr17	chr17	140	3500000	0.00021247591621137066	3191	2511	0.5445880315128647	0.0002168809364846136	0.00021247591621137066	0.00021247591621137066	391.0	0.12253212159197743
chr17	chr17	141	3525000	0.00021009681789916146	3190	2510	0.5035161937853938	0.0002006040612690812	0.00021009681789916146	0.00021009681789916146	358.0	0.1122257053291536
chr17	chr17	142	3550000	0.0002077788081285037	3189	2509	0.5430528627633204	0.00021644195407067375	0.0002077788081285037	0.0002077788081285037	388.0	0.12166823455628724
chr17	chr17	143	3575000	0.00020550237203138818	3188	2508	0.5083437450761233	0.00020268889357102208	0.00020550237203138818	0.00020550237203138818	376.0	0.11794228356336262
chr17	chr17	144	3600000	0.00020326648101743749	3187	2507	0.4953566433945299	0.0001975894070181611	0.00020326648101743749	0.00020326648101743749	358.0	0.11233134609350487
chr17	chr17	145	3625000	0.00020107013884953332	3186	2505	0.4995259214084421	0.00019941154547243199	0.00020107013884953332	0.00020107013884953332	365.0	0.11456371625863151
chr17	chr17	146	3650000	0.0001989322120199171	3185	2503	0.5122455477810033	0.0002046526359492622	0.0001989322120199171	0.0001989322120199171	372.0	0.11679748822605965
chr17	chr17	147	3675000	0.00019683137900723511	3184	2501	0.44195798439310224	0.0001767125087537394	0.00019683137900723511	0.00019683137900723511	323.0	0.10144472361809045
chr17	chr17	148	3700000	0.00019476675039975438	3183	2499	0.4723300696283144	0.00018900763090368725	0.00019476675039975438	0.00019476675039975438	336.0	0.1055607917059378
chr17	chr17	149	3725000	0.00019273746392661702	3182	2496	0.46416975005622196	0.00018596544473406328	0.00019273746392661702	0.00019273746392661702	326.0	0.10245128849780012
chr17	chr17	150	3750000	0.00019076398662905755	3181	2495	0.4458673773378376	0.00017870435965444394	0.00019076398662905755	0.00019076398662905755	324.0	0.10185476265325369
chr17	chr17	151	3775000	0.00018882362856405927	3180	2495	0.45571084613448887	0.00018264963772925407	0.00018882362856405927	0.00018882362856405927	326.0	0.10251572327044026
chr17	chr17	152	3800000	0.00018691562006788398	3179	2492	0.4632501444602965	0.00018589492153302427	0.00018691562006788398	0.00018691562006788398	342.0	0.10758100031456433
chr17	chr17	153	3825000	0.00018503921426800282	3178	2489	0.45859445617570044	0.00018424847576364018	0.00018503921426800282	0.00018503921426800282	328.0	0.10320956576463185
chr17	chr17	154	3850000	0.00018321593231114715	3177	2487	0.3959170511936831	0.0001591946325668207	0.00018321593231114715	0.00018321593231114715	284.0	0.08939250865596475
chr17	chr17	155	3875000	0.00018142224363441636	3176	2486	0.4392286069842506	0.0001766808555849761	0.00018142224363441636	0.00018142224363441636	314.0	0.09886649874055416
chr17	chr17	156	3900000	0.00017965748160728308	3175	2483	0.4427798614503935	0.00017832455153056525	0.00017965748160728308	0.00017965748160728308	327.0	0.10299212598425198
chr17	chr17	157	3925000	0.00017792099875949335	3174	2479	0.46521627478941996	0.0001876628780917386	0.00017792099875949335	0.00017792099875949335	331.0	0.1042848141146818
chr17	chr17	158	3950000	0.00017623489320661722	3173	2478	0.40400318381600636	0.0001630359902405191	0.00017623489320661722	0.00017623489320661722	289.0	0.09108099590293098
chr17	chr17	159	3975000	0.00017457525376128624	3172	2475	0.43471844710214574	0.00017564381701096798	0.00017457525376128624	0.00017457525376128624	314.0	0.09899117276166457
chr17	chr17	160	4000000	0.00017294150243483386	3171	2473	0.4021253117955864	0.00016260627246081133	0.00017294150243483386	0.00017294150243483386	301.0	0.09492273730684327
chr17	chr17	161	4025000	0.00017133307736728434	3170	2471	0.4346158286188556	0.00017588661619540898	0.00017133307736728434	0.00017133307736728434	311.0	0.09810725552050473
chr17	chr17	162	4050000	0.00016977218984185307	3169	2468	0.3757217793802844	0.00015223734982993696	0.00016977218984185307	0.00016977218984185307	275.0	0.08677816345850425
chr17	chr17	163	4075000	0.00016823499718782693	3168	2467	0.3832708788143261	0.00015535909153397895	0.00016823499718782693	0.00016823499718782693	275.0	0.08680555555555555
chr17	chr17	164	4100000	0.0001667209976288776	3167	2465	0.40654408353419125	0.00016492660589622363	0.0001667209976288776	0.0001667209976288776	294.0	0.09283233343858541
chr17	chr17	165	4125000	0.00016522970298690713	3166	2463	0.40749245207952806	0.00016544557534694602	0.00016522970298690713	0.00016522970298690713	302.0	0.09538850284270373
chr17	chr17	166	4150000	0.0001637830612357285	3165	2461	0.39570417291200904	0.00016078999305648478	0.0001637830612357285	0.0001637830612357285	281.0	0.08878357030015797
chr17	chr17	167	4175000	0.00016235766025383188	3164	2460	0.37047126495817834	0.00015059807518625135	0.00016235766025383188	0.00016235766025383188	268.0	0.08470290771175727
chr17	chr17	168	4200000	0.00016095306376001352	3163	2461	0.4021441297494083	0.0001634067979477482	0.00016095306376001352	0.00016095306376001352	291.0	0.09200126462219411
chr17	chr17	169	4225000	0.00015956884695928777	3162	2460	0.3668578256529123	0.00014912919741988305	0.00015956884695928777	0.00015956884695928777	261.0	0.0825426944971537
chr17	chr17	170	4250000	0.00015822633054364283	3161	2457	0.378197357635249	0.0001539264784840248	0.00015822633054364283	0.00015822633054364283	278.0	0.08794685226194242
chr17	chr17	171	4275000	0.000156902884304075	3160	2455	0.3599039965433594	0.00014660040592397533	0.000156902884304075	0.000156902884304075	263.0	0.08322784810126582
chr17	chr17	172	4300000	0.00015559812819241644	3159	2454	0.3841113387055848	0.0001565245878995863	0.00015559812819241644	0.00015559812819241644	286.0	0.09053497942386832
chr17	chr17	173	4325000	0.00015431169188477278	3158	2450	0.35185559623362445	0.00014361452907494875	0.00015431169188477278	0.00015431169188477278	256.0	0.08106396453451552
chr17	chr17	174	4350000	0.0001530665689993895	3157	2446	0.38812045352635843	0.00015867557380472544	0.0001530665689993895	0.0001530665689993895	282.0	0.08932530883750396
chr17	chr17	175	4375000	0.00015183854223452316	3156	2443	0.39130078216106473	0.00016017223993494258	0.00015183854223452316	0.00015183854223452316	282.0	0.08935361216730038
chr17	chr17	176	4400000	0.0001506272811601098	3155	2439	0.37309770025037775	0.00015297158681852306	0.0001506272811601098	0.0001506272811601098	269.0	0.08526148969889065
chr17	chr17	177	4425000	0.00014943246356120577	3154	2436	0.36678696774018427	0.00015056936278332687	0.00014943246356120577	0.00014943246356120577	272.0	0.08623969562460368
chr17	chr17	178	4450000	0.00014825377518879333	3153	2435	0.3282710945901975	0.0001348135912074733	0.00014825377518879333	0.00014825377518879333	241.0	0.07643514113542658
chr17	chr17	179	4475000	0.00014711503185663229	3152	2435	0.30455372617897847	0.0001250733988414696	0.00014711503185663229	0.00014711503185663229	228.0	0.07233502538071065
chr17	chr17	180	4500000	0.00014599130643247704	3151	2433	0.36371726882813904	0.00014949332874152857	0.00014599130643247704	0.00014599130643247704	268.0	0.08505236432878452
chr17	chr17	181	4525000	0.00014488231906598225	3150	2431	0.3152320827011688	0.00012967177404408424	0.00014488231906598225	0.00014488231906598225	229.0	0.07269841269841269
chr17	chr17	182	4550000	0.0001437877966290725	3149	2431	0.36935262256829704	0.0001519344395591514	0.0001437877966290725	0.0001437877966290725	270.0	0.08574150523975865
chr17	chr17	183	4575000	0.00014270747251865281	3148	2432	0.36171233938824215	0.00014873040270898115	0.00014270747251865281	0.00014270747251865281	262.0	0.08322744599745871
chr17	chr17	184	4600000	0.0001416630751724606	3147	2432	0.34670914343166176	0.00014256132542420303	0.0001416630751724606	0.0001416630751724606	256.0	0.08134731490308231
chr17	chr17	185	4625000	0.0001406319199840835	3146	2431	0.34869833755389434	0.00014343823017437036	0.0001406319199840835	0.0001406319199840835	262.0	0.08328035600762873
chr17	chr17	186	4650000	0.00013961376882747263	3145	2432	0.3127708755705695	0.00012860644554710916	0.00013961376882747263	0.00013961376882747263	233.0	0.07408585055643879
chr17	chr17	187	4675000	0.00013860838910799403	3144	2430	0.3415636173746736	0.00014056115941344594	0.00013860838910799403	0.00013860838910799403	250.0	0.07951653944020357
chr17	chr17	188	4700000	0.00013761555360522595	3143	2429	0.3261570713869824	0.00013427627475791782	0.00013761555360522595	0.00013761555360522595	239.0	0.07604199809099586
chr17	chr17	189	4725000	0.0001366547480603006	3142	2428	0.3365444077135302	0.00013860972311100915	0.0001366547480603006	0.0001366547480603006	236.0	0.07511139401654997
chr17	chr17	190	4750000	0.00013570566799009918	3141	2428	0.310654555711586	0.00012794668686638634	0.00013570566799009918	0.00013570566799009918	232.0	0.07386182744348933
chr17	chr17	191	4775000	0.000134768109709754	3140	2428	0.35885157702278064	0.00014779718987758677	0.000134768109709754	0.000134768109709754	259.0	0.08248407643312101
chr17	chr17	192	4800000	0.00013384187411418996	3139	2430	0.32485195755798046	0.0001336839331514323	0.00013384187411418996	0.00013384187411418996	234.0	0.07454603376871616
chr17	chr17	193	4825000	0.0001329267665519722	3138	2429	0.3369044666735147	0.00013870089200227037	0.0001329267665519722	0.0001329267665519722	252.0	0.08030592734225621
chr17	chr17	194	4850000	0.00013203995912819012	3137	2428	0.3232583095270307	0.00013313768926154478	0.00013203995912819012	0.00013203995912819012	239.0	0.07618744022951865
chr17	chr17	195	4875000	0.00013116358191007392	3136	2427	0.3171356930808356	0.000130669836456875	0.00013116358191007392	0.00013116358191007392	233.0	0.0742984693877551
chr17	chr17	196	4900000	0.0001302974596728831	3135	2425	0.2973625271659531	0.00012262372254266107	0.0001302974596728831	0.0001302974596728831	221.0	0.07049441786283892
chr17	chr17	197	4925000	0.00012944142100947077	3134	2424	0.28222850633036844	0.00011643090195147214	0.00012944142100947077	0.00012944142100947077	208.0	0.06636885768985322
chr17	chr17	198	4950000	0.00012859529822826352	3133	2422	0.27288915978739525	0.00011267099908645551	0.00012859529822826352	0.00012859529822826352	203.0	0.06479412703479094
chr17	chr17	199	4975000	0.000127773942479197	3132	2420	0.28641098370102563	0.00011835164615744861	0.000127773942479197	0.000127773942479197	209.0	0.06673052362707535
chr17	chr17	200	5000000	0.0001269619106072378	3131	2421	0.3264624309754261	0.00013484610944875097	0.0001269619106072378	0.0001269619106072378	239.0	0.07633343979559246
chr17	chr17	201	5025000	0.00012615905093977622	3130	2416	0.3294221286281415	0.0001363502188030387	0.00012615905093977622	0.00012615905093977622	242.0	0.07731629392971245
chr17	chr17	202	5050000	0.00012536521500961846	3129	2416	0.2633637531278652	0.00010900817596352036	0.00012536521500961846	0.00012536521500961846	191.0	0.06104186641099393
chr17	chr17	203	5075000	0.00012458025747179863	3128	2414	0.32118968880859544	0.0001330528951154082	0.00012458025747179863	0.00012458025747179863	230.0	0.07352941176470588
chr17	chr17	204	5100000	0.00012381679554607485	3127	2411	0.26351193616926527	0.00010929570143893209	0.00012381679554607485	0.00012381679554607485	196.0	0.06267988487368084
chr17	chr17	205	5125000	0.0001230617114332667	3126	2409	0.2913298966655145	0.00012093395461416127	0.0001230617114332667	0.0001230617114332667	203.0	0.06493921944977607
chr17	chr17	206	5150000	0.00012231487300174326	3125	2404	0.32121348066853306	0.00013361625651769262	0.00012231487300174326	0.00012231487300174326	230.0	0.0736
chr17	chr17	207	5175000	0.00012157615083166922	3124	2401	0.27687650080978765	0.00011531715985413897	0.00012157615083166922	0.00012157615083166922	207.0	0.06626120358514724
chr17	chr17	208	5200000	0.00012084541814658718	3123	2400	0.2626532438503489	0.00010943885160431203	0.00012084541814658718	0.00012084541814658718	196.0	0.0627601665065642
chr17	chr17	209	5225000	0.00012013316201446742	3122	2397	0.29348901973686503	0.00012244014173419483	0.00012013316201446742	0.00012013316201446742	224.0	0.07174887892376682
chr17	chr17	210	5250000	0.00011942847371327188	3121	2396	0.2819063563074634	0.00011765707692298139	0.00011942847371327188	0.00011942847371327188	204.0	0.06536366549182954
chr17	chr17	211	5275000	0.00011873123736786557	3120	2392	0.285758093279044	0.00011946408581899833	0.00011873123736786557	0.00011873123736786557	207.0	0.06634615384615385
chr17	chr17	212	5300000	0.00011804133941525493	3119	2389	0.26511817078712296	0.00011097453779285181	0.00011804133941525493	0.00011804133941525493	193.0	0.06187880731003527
chr17	chr17	213	5325000	0.00011735866854781885	3118	2386	0.30490014345339367	0.0001277871514892681	0.00011735866854781885	0.00011735866854781885	233.0	0.07472738935214882
chr17	chr17	214	5350000	0.00011669174811773177	3117	2383	0.25140305354917414	0.00010549855373444152	0.00011669174811773177	0.00011669174811773177	181.0	0.05806865575874238
chr17	chr17	215	5375000	0.00011603170040101898	3116	2379	0.29392880316410935	0.0001235514094847034	0.00011603170040101898	0.00011603170040101898	210.0	0.06739409499358151
chr17	chr17	216	5400000	0.00011537842309899797	3115	2377	0.2604100114121063	0.00010955406454022141	0.00011537842309899797	0.00011537842309899797	201.0	0.06452648475120386
chr17	chr17	217	5425000	0.00011473181589984955	3114	2372	0.25092669674298	0.00010578697164543846	0.00011473181589984955	0.00011473181589984955	178.0	0.057161207450224794
chr17	chr17	218	5450000	0.00011409178043109626	3113	2370	0.274001065925907	0.00011561226410375824	0.00011409178043109626	0.00011409178043109626	193.0	0.06199807259877931
chr17	chr17	219	5475000	0.0001134656159612143	3112	2368	0.28721230876181747	0.00012128898174063237	0.0001134656159612143	0.0001134656159612143	213.0	0.06844473007712082
chr17	chr17	220	5500000	0.00011284571731497303	3111	2368	0.2686188473240313	0.00011343701322805376	0.00011284571731497303	0.00011284571731497303	191.0	0.061395049823207974
chr17	chr17	221	5525000	0.00011223199373680166	3110	2368	0.24604993502484823	0.00010390622256116902	0.00011223199373680166	0.00011223199373680166	179.0	0.057556270096463025
chr17	chr17	222	5550000	0.000111624356188355	3109	2368	0.26043293857396194	0.00010998012608697716	0.000111624356188355	0.000111624356188355	193.0	0.06207783853329045
chr17	chr17	223	5575000	0.00011102271730847146	3108	2366	0.2219166749095669	9.379402997023115e-05	0.00011102271730847146	0.00011102271730847146	160.0	0.05148005148005148
chr17	chr17	224	5600000	0.00011042699137423618	3107	2365	0.2607815674699292	0.00011026704755599543	0.00011042699137423618	0.00011042699137423618	189.0	0.06083038300611522
chr17	chr17	225	5625000	0.00010984298617810361	3106	2365	0.2677581284206271	0.00011321696761971547	0.00010984298617810361	0.00010984298617810361	198.0	0.06374758531873792
chr17	chr17	226	5650000	0.00010926463889865656	3105	2363	0.2691934701043342	0.00011392021587149141	0.00010926463889865656	0.00010926463889865656	190.0	0.061191626409017714
chr17	chr17	227	5675000	0.0001086918700484076	3104	2362	0.25071818431267356	0.00010614656406125045	0.0001086918700484076	0.0001086918700484076	184.0	0.059278350515463915
chr17	chr17	228	5700000	0.00010812460160016772	3103	2361	0.30216063996946374	0.0001279799406901583	0.00010812460160016772	0.00010812460160016772	215.0	0.06928778601353529
chr17	chr17	229	5725000	0.00010756275695396159	3102	2360	0.2669092819745285	0.0001130971533790375	0.00010756275695396159	0.00010756275695396159	186.0	0.059961315280464215
chr17	chr17	230	5750000	0.00010700626090483304	3101	2358	0.23637677692262044	0.00010024460429288399	0.00010700626090483304	0.00010700626090483304	177.0	0.05707836181876814
chr17	chr17	231	5775000	0.00010645898075630802	3100	2358	0.23130987814110124	9.80957922566163e-05	0.00010645898075630802	0.00010645898075630802	179.0	0.057741935483870965
chr17	chr17	232	5800000	0.00010591684563352659	3099	2358	0.24637870263296285	0.00010448630306741427	0.00010591684563352659	0.00010591684563352659	184.0	0.05937399161019684
chr17	chr17	233	5825000	0.0001053797853021887	3098	2357	0.25551692253067215	0.0001084076888123344	0.0001053797853021887	0.0001053797853021887	184.0	0.05939315687540349
chr17	chr17	234	5850000	0.0001048477307826899	3097	2354	0.25218131194717786	0.00010712884959523273	0.0001048477307826899	0.0001048477307826899	185.0	0.05973522763965128
chr17	chr17	235	5875000	0.0001043206143224661	3096	2354	0.2587450403643353	0.00010991717942410166	0.0001043206143224661	0.0001043206143224661	192.0	0.06201550387596899
chr17	chr17	236	5900000	0.00010379836936906027	3095	2353	0.24080514188056792	0.00010233962680857115	0.00010379836936906027	0.00010379836936906027	174.0	0.056219709208400644
chr17	chr17	237	5925000	0.00010328326533546147	3094	2353	0.25239655692034907	0.00010726585504477223	0.00010328326533546147	0.00010328326533546147	189.0	0.06108597285067873
chr17	chr17	238	5950000	0.0001027728702898304	3093	2353	0.2700582913866007	0.00011477190454169175	0.0001027728702898304	0.0001027728702898304	191.0	0.06175234400258649
chr17	chr17	239	5975000	0.00010226712166793286	3092	2353	0.24391671110046728	0.00010366201066743192	0.00010226712166793286	0.00010226712166793286	184.0	0.059508408796895215
chr17	chr17	240	6000000	0.00010176595799389671	3091	2352	0.2594264291904531	0.00011030035254696136	0.00010176595799389671	0.00010176595799389671	191.0	0.061792300226463925
chr17	chr17	241	6025000	0.00010126931885684327	3090	2352	0.227390655542928	9.667970048593877e-05	0.00010126931885684327	0.00010126931885684327	167.0	0.0540453074433657
chr17	chr17	242	6050000	0.00010077714488811458	3089	2351	0.24938493883784432	0.00010607611179831745	0.00010077714488811458	0.00010077714488811458	176.0	0.05697636775655552
chr17	chr17	243	6075000	0.00010029043897479968	3088	2350	0.22980192262259108	9.778805217982599e-05	0.00010029043897479968	0.00010029043897479968	171.0	0.055375647668393785
chr17	chr17	244	6100000	9.980806797399005e-05	3087	2349	0.21264513042266148	9.052581116332971e-05	9.980806797399005e-05	9.980806797399005e-05	152.0	0.049238743116294136
chr17	chr17	245	6125000	9.932997574651825e-05	3086	2348	0.23979242706456758	0.00010212624662034394	9.932997574651825e-05	9.932997574651825e-05	171.0	0.05541153596889177
chr17	chr17	246	6150000	9.885610710541808e-05	3085	2348	0.24817659693980423	0.00010569701743603246	9.885610710541808e-05	9.885610710541808e-05	185.0	0.059967585089141004
chr17	chr17	247	6175000	9.838640779598531e-05	3084	2347	0.22525716350181338	9.597663549289023e-05	9.838640779598531e-05	9.838640779598531e-05	167.0	0.05415045395590143
chr17	chr17	248	6200000	9.792082447633554e-05	3083	2346	0.21727417903792942	9.261473957285994e-05	9.792082447633554e-05	9.792082447633554e-05	149.0	0.04832954914044762
chr17	chr17	249	6225000	9.745940520549947e-05	3082	2346	0.2622803182879356	0.0001117989421517202	9.745940520549947e-05	9.745940520549947e-05	183.0	0.05937702790395847
chr17	chr17	250	6250000	9.700199655928838e-05	3081	2343	0.23562034244798893	0.00010056352643960262	9.700199655928838e-05	9.700199655928838e-05	168.0	0.054527750730282376
chr17	chr17	251	6275000	9.654854784343237e-05	3080	2339	0.26815173390695946	0.0001146437511359382	9.654854784343237e-05	9.654854784343237e-05	195.0	0.0633116883116883
chr17	chr17	252	6300000	9.609900920299294e-05	3079	2337	0.22559999378910703	9.653401531412367e-05	9.609900920299294e-05	9.609900920299294e-05	158.0	0.05131536213056187
chr17	chr17	253	6325000	9.565333160520506e-05	3078	2335	0.2185232003435972	9.358595303794313e-05	9.565333160520506e-05	9.565333160520506e-05	157.0	0.051007147498375566
chr17	chr17	254	6350000	9.521146682273573e-05	3077	2333	0.2214537851080665	9.492232537851113e-05	9.521146682273573e-05	9.521146682273573e-05	157.0	0.05102372440688983
chr17	chr17	255	6375000	9.477279520009665e-05	3076	2329	0.2153790337956435	9.24770432785073e-05	9.477279520009665e-05	9.477279520009665e-05	152.0	0.0494148244473342
chr17	chr17	256	6400000	9.433784976757262e-05	3075	2327	0.21215053313602508	9.11691160876773e-05	9.433784976757262e-05	9.433784976757262e-05	153.0	0.04975609756097561
chr17	chr17	257	6425000	9.390658450322487e-05	3074	2326	0.20232373552313473	8.698354923608544e-05	9.390658450322487e-05	9.390658450322487e-05	148.0	0.048145738451528954
chr17	chr17	258	6450000	9.347895412964547e-05	3073	2325	0.23036442034861712	9.908147111768479e-05	9.347895412964547e-05	9.347895412964547e-05	166.0	0.05401887406443215
chr17	chr17	259	6475000	9.305491409908444e-05	3072	2323	0.22905113360599422	9.860143504347577e-05	9.305491409908444e-05	9.305491409908444e-05	161.0	0.052408854166666664
chr17	chr17	260	6500000	9.263442057893131e-05	3071	2321	0.18738612017277587	8.07350797814631e-05	9.263442057893131e-05	9.263442057893131e-05	140.0	0.045587756431129924
chr17	chr17	261	6525000	9.221634423534007e-05	3070	2319	0.2435148170198658	0.00010500854550231385	9.221634423534007e-05	9.221634423534007e-05	171.0	0.05570032573289902
chr17	chr17	262	6550000	9.180174271545089e-05	3069	2317	0.23206568574777564	0.0001001578272541112	9.180174271545089e-05	9.180174271545089e-05	171.0	0.05571847507331378
chr17	chr17	263	6575000	9.139057404042914e-05	3068	2313	0.21879067799314708	9.459173281156381e-05	9.139057404042914e-05	9.139057404042914e-05	156.0	0.05084745762711865
chr17	chr17	264	6600000	9.098279689561726e-05	3067	2311	0.20583984016072773	8.906959764635558e-05	9.098279689561726e-05	9.098279689561726e-05	143.0	0.046625366807955655
chr17	chr17	265	6625000	9.057837061755966e-05	3066	2311	0.21414679715421311	9.266412685167162e-05	9.057837061755966e-05	9.057837061755966e-05	155.0	0.05055446836268754
chr17	chr17	266	6650000	9.017725518133024e-05	3065	2310	0.21285503811207937	9.21450381437573e-05	9.017725518133024e-05	9.017725518133024e-05	160.0	0.052202283849918436
chr17	chr17	267	6675000	8.977941118815241e-05	3064	2308	0.22527430051840264	9.760584944471518e-05	8.977941118815241e-05	8.977941118815241e-05	159.0	0.05189295039164491
chr17	chr17	268	6700000	8.938341965448561e-05	3063	2306	0.20881504349944013	9.055292432759763e-05	8.938341965448561e-05	8.938341965448561e-05	149.0	0.048645119164218084
chr17	chr17	269	6725000	8.8990639823479e-05	3062	2303	0.18503603206956332	8.034565005191634e-05	8.8990639823479e-05	8.8990639823479e-05	131.0	0.04278249510124102
chr17	chr17	270	6750000	8.860103385179276e-05	3061	2302	0.1816604636939401	7.891418926756737e-05	8.860103385179276e-05	8.860103385179276e-05	137.0	0.04475661548513558
chr17	chr17	271	6775000	8.821456447994465e-05	3060	2299	0.21383456663761494	9.301199070796648e-05	8.821456447994465e-05	8.821456447994465e-05	149.0	0.04869281045751634
chr17	chr17	272	6800000	8.783119502118927e-05	3059	2298	0.21408121918831463	9.315979947272177e-05	8.783119502118927e-05	8.783119502118927e-05	158.0	0.05165086629617522
chr17	chr17	273	6825000	8.745088935064934e-05	3058	2298	0.21520830158214563	9.365026178509383e-05	8.745088935064934e-05	8.745088935064934e-05	150.0	0.04905166775670373
chr17	chr17	274	6850000	8.707361189469172e-05	3057	2297	0.2238930270299544	9.74719316630189e-05	8.707361189469172e-05	8.707361189469172e-05	164.0	0.053647366699378474
chr17	chr17	275	6875000	8.669801031862431e-05	3056	2296	0.22858753169935744	9.955902948578286e-05	8.669801031862431e-05	8.669801031862431e-05	170.0	0.055628272251308904
chr17	chr17	276	6900000	8.632538348692327e-05	3055	2295	0.215122145284975	9.373513955772331e-05	8.632538348692327e-05	8.632538348692327e-05	150.0	0.049099836333878884
chr17	chr17	277	6925000	8.595569718927852e-05	3054	2294	0.1989147648992623	8.671088269366273e-05	8.595569718927852e-05	8.595569718927852e-05	147.0	0.0481335952848723
chr17	chr17	278	6950000	8.558891773041003e-05	3053	2293	0.22573208992329216	9.844399909432716e-05	8.558891773041003e-05	8.558891773041003e-05	168.0	0.055027841467409105
chr17	chr17	279	6975000	8.522501192049588e-05	3052	2293	0.22312335365263114	9.730630338099919e-05	8.522501192049588e-05	8.522501192049588e-05	155.0	0.050786369593709045
chr17	chr17	280	7000000	8.486394706581277e-05	3051	2292	0.17577245786298076	7.668955404144012e-05	8.486394706581277e-05	8.486394706581277e-05	129.0	0.04228121927236971
chr17	chr17	281	7025000	8.450569095958204e-05	3050	2290	0.20246689874459317	8.841349290156907e-05	8.450569095958204e-05	8.450569095958204e-05	142.0	0.04655737704918033
chr17	chr17	282	7050000	8.41491949807521e-05	3049	2288	0.21228091754089387	9.278012130283823e-05	8.41491949807521e-05	8.41491949807521e-05	150.0	0.04919645785503444
chr17	chr17	283	7075000	8.379545688378006e-05	3048	2287	0.2111672254374371	9.233372340946091e-05	8.379545688378006e-05	8.379545688378006e-05	156.0	0.051181102362204724
chr17	chr17	284	7100000	8.344444570097523e-05	3047	2285	0.20878207325348022	9.137071039539616e-05	8.344444570097523e-05	8.344444570097523e-05	150.0	0.04922874958976042
chr17	chr17	285	7125000	8.309613091977917e-05	3046	2286	0.18866638845873088	8.253122854712637e-05	8.309613091977917e-05	8.309613091977917e-05	135.0	0.044320420223243596
chr17	chr17	286	7150000	8.275048247450942e-05	3045	2287	0.20461679376300904	8.946952066594186e-05	8.275048247450942e-05	8.275048247450942e-05	139.0	0.04564860426929392
chr17	chr17	287	7175000	8.240747073828047e-05	3044	2286	0.1874968399484562	8.20196150255714e-05	8.240747073828047e-05	8.240747073828047e-05	131.0	0.04303547963206308
chr17	chr17	288	7200000	8.206706651509948e-05	3043	2287	0.21136194622307053	9.24188658605468e-05	8.206706651509948e-05	8.206706651509948e-05	151.0	0.04962208347025961
chr17	chr17	289	7225000	8.172871026765407e-05	3042	2289	0.22172765654015697	9.686660399307862e-05	8.172871026765407e-05	8.172871026765407e-05	157.0	0.05161078238001315
chr17	chr17	290	7250000	8.139291058712505e-05	3041	2290	0.2237768722158904	9.77191581728779e-05	8.139291058712505e-05	8.139291058712505e-05	160.0	0.052614271621177246
chr17	chr17	291	7275000	8.10596394403053e-05	3040	2288	0.21960431929390062	9.598090878229922e-05	8.10596394403053e-05	8.10596394403053e-05	153.0	0.05032894736842105
chr17	chr17	292	7300000	8.072886919629727e-05	3039	2287	0.2143617940420555	9.37305614525822e-05	8.072886919629727e-05	8.072886919629727e-05	158.0	0.05199078644290885
chr17	chr17	293	7325000	8.040057261938549e-05	3038	2287	0.20678876826140427	9.041922530013304e-05	8.040057261938549e-05	8.040057261938549e-05	149.0	0.04904542462146149
chr17	chr17	294	7350000	8.007472286206112e-05	3037	2285	0.19443905633824163	8.509367892264404e-05	8.007472286206112e-05	8.007472286206112e-05	141.0	0.046427395456042145
chr17	chr17	295	7375000	7.9751293458191e-05	3036	2285	0.18393306328746098	8.049587014768533e-05	7.9751293458191e-05	7.9751293458191e-05	130.0	0.04281949934123847
chr17	chr17	296	7400000	7.943033814622385e-05	3035	2284	0.19401611444253025	8.49457593881481e-05	7.943033814622385e-05	7.943033814622385e-05	138.0	0.04546952224052718
chr17	chr17	297	7425000	7.911175046434187e-05	3034	2283	0.20251762994527367	8.87068024289416e-05	7.911175046434187e-05	7.911175046434187e-05	151.0	0.04976928147659855
chr17	chr17	298	7450000	7.879550506304632e-05	3033	2283	0.20703338520146589	9.068479421877613e-05	7.879550506304632e-05	7.879550506304632e-05	148.0	0.04879657105176393
chr17	chr17	299	7475000	7.848157694809387e-05	3032	2281	0.21517426127262387	9.433330174161503e-05	7.848157694809387e-05	7.848157694809387e-05	145.0	0.04782321899736148
chr17	chr17	300	7500000	7.816994147435101e-05	3031	2280	0.19006974417624098	8.336392288431622e-05	7.816994147435101e-05	7.816994147435101e-05	130.0	0.04289013526888816
chr17	chr17	301	7525000	7.786057433977426e-05	3030	2279	0.18938116170082486	8.309835967565812e-05	7.786057433977426e-05	7.786057433977426e-05	133.0	0.043894389438943894
chr17	chr17	302	7550000	7.755345157951465e-05	3029	2278	0.1719507473351276	7.548320778539403e-05	7.755345157951465e-05	7.755345157951465e-05	123.0	0.040607461208319574
chr17	chr17	303	7575000	7.724941939174704e-05	3028	2276	0.17736857031399117	7.792995180755324e-05	7.724941939174704e-05	7.724941939174704e-05	126.0	0.0416116248348745
chr17	chr17	304	7600000	7.694757497511813e-05	3027	2274	0.14371373358846085	6.31986515340637e-05	7.694757497511813e-05	7.694757497511813e-05	101.0	0.03336636934258341
chr17	chr17	305	7625000	7.664789546754723e-05	3026	2271	0.18442823406170233	8.121014269559768e-05	7.664789546754723e-05	7.664789546754723e-05	127.0	0.04196959682749504
chr17	chr17	306	7650000	7.635035831977015e-05	3025	2268	0.1594101331015827	7.028665480669431e-05	7.635035831977015e-05	7.635035831977015e-05	117.0	0.038677685950413224
chr17	chr17	307	7675000	7.605494129005411e-05	3024	2265	0.18059438713749393	7.97326212527567e-05	7.605494129005411e-05	7.605494129005411e-05	125.0	0.04133597883597884
chr17	chr17	308	7700000	7.57616224390195e-05	3023	2262	0.16023616464426135	7.083826907350193e-05	7.57616224390195e-05	7.57616224390195e-05	114.0	0.03771088322858088
chr17	chr17	309	7725000	7.54703801245641e-05	3022	2260	0.16941664161035447	7.496311575679401e-05	7.54703801245641e-05	7.54703801245641e-05	123.0	0.04070152217074785
chr17	chr17	310	7750000	7.518119299689045e-05	3021	2260	0.1582992276017592	7.004390601847753e-05	7.518119299689045e-05	7.518119299689045e-05	112.0	0.037073816617014234
chr17	chr17	311	7775000	7.489589053125289e-05	3020	2257	0.1805180700678156	7.998142227196083e-05	7.489589053125289e-05	7.489589053125289e-05	125.0	0.041390728476821195
chr17	chr17	312	7800000	7.461258144663321e-05	3019	2257	0.1933289749544987	8.565749887217488e-05	7.461258144663321e-05	7.461258144663321e-05	139.0	0.04604173567406426
chr17	chr17	313	7825000	7.433124549316635e-05	3018	2256	0.1837803519759329	8.146292197514757e-05	7.433124549316635e-05	7.433124549316635e-05	128.0	0.04241219350563287
chr17	chr17	314	7850000	7.405186269051291e-05	3017	2255	0.1647188919674119	7.304607182590329e-05	7.405186269051291e-05	7.405186269051291e-05	118.0	0.0391117003646006
chr17	chr17	315	7875000	7.37744133234279e-05	3016	2254	0.18009805931073733	7.99015347430068e-05	7.37744133234279e-05	7.37744133234279e-05	125.0	0.04144562334217507
chr17	chr17	316	7900000	7.349887793741586e-05	3015	2252	0.17170269119495368	7.624453427839862e-05	7.349887793741586e-05	7.349887793741586e-05	124.0	0.041127694859038146
chr17	chr17	317	7925000	7.322523733447113e-05	3014	2252	0.178522026729443	7.927265840561412e-05	7.322523733447113e-05	7.322523733447113e-05	131.0	0.04346383543463835
chr17	chr17	318	7950000	7.295347256889996e-05	3013	2250	0.13205553270040615	5.8691347866847176e-05	7.295347256889996e-05	7.295347256889996e-05	93.0	0.030866246266179887
chr17	chr17	319	7975000	7.26863782949942e-05	3012	2249	0.18183949129713736	8.085348657053684e-05	7.26863782949942e-05	7.26863782949942e-05	123.0	0.04083665338645418
chr17	chr17	320	8000000	7.242109329046204e-05	3011	2249	0.20014339995728378	8.899217428069532e-05	7.242109329046204e-05	7.242109329046204e-05	136.0	0.045167718365991365
chr17	chr17	321	8025000	7.21575997027955e-05	3010	2248	0.1775169171284151	7.896660014609213e-05	7.21575997027955e-05	7.21575997027955e-05	124.0	0.04119601328903655
chr17	chr17	322	8050000	7.189587991052271e-05	3009	2247	0.12661467301197024	5.634831909745004e-05	7.189587991052271e-05	7.189587991052271e-05	93.0	0.03090727816550349
chr17	chr17	323	8075000	7.16359165195124e-05	3008	2246	0.15587488157575424	6.940110488680064e-05	7.16359165195124e-05	7.16359165195124e-05	110.0	0.036569148936170214
chr17	chr17	324	8100000	7.137769235934816e-05	3007	2245	0.1786765732814936	7.958867406748045e-05	7.137769235934816e-05	7.137769235934816e-05	125.0	0.041569670768207514
chr17	chr17	325	8125000	7.112119047977201e-05	3006	2244	0.16293759414190553	7.261033607036789e-05	7.112119047977201e-05	7.112119047977201e-05	115.0	0.03825681969394544
chr17	chr17	326	8150000	7.086639414719503e-05	3005	2243	0.16493714249177377	7.353416963520899e-05	7.086639414719503e-05	7.086639414719503e-05	118.0	0.03926788685524126
chr17	chr17	327	8175000	7.061702415740152e-05	3004	2242	0.13820935326471212	6.164556345437651e-05	7.061702415740152e-05	7.061702415740152e-05	98.0	0.03262316910785619
chr17	chr17	328	8200000	7.036928909384728e-05	3003	2242	0.1686392769969932	7.521823238046083e-05	7.036928909384728e-05	7.036928909384728e-05	125.0	0.041625041625041624
chr17	chr17	329	8225000	7.012317330192062e-05	3002	2241	0.16012921506693995	7.145435745958945e-05	7.012317330192062e-05	7.012317330192062e-05	113.0	0.03764157228514324
chr17	chr17	330	8250000	6.987866132387745e-05	3001	2241	0.18245217513351325	8.141551768563732e-05	6.987866132387745e-05	6.987866132387745e-05	122.0	0.04065311562812396
chr17	chr17	331	8275000	6.963573789577895e-05	3000	2241	0.17659950924977358	7.880388632296902e-05	6.963573789577895e-05	6.963573789577895e-05	129.0	0.043
chr17	chr17	332	8300000	6.939438794448525e-05	2999	2241	0.17749486973031797	7.920342245886567e-05	6.939438794448525e-05	6.939438794448525e-05	123.0	0.04101367122374125
chr17	chr17	333	8325000	6.915459658470448e-05	2998	2241	0.1479342138130392	6.601258983178902e-05	6.915459658470448e-05	6.915459658470448e-05	105.0	0.03502334889926618
chr17	chr17	334	8350000	6.891634911609672e-05	2997	2241	0.15958347127853312	7.121083055713213e-05	6.891634911609672e-05	6.891634911609672e-05	116.0	0.038705372038705374
chr17	chr17	335	8375000	6.868421071132814e-05	2996	2240	0.1635789835998245	7.302633196420737e-05	6.868421071132814e-05	6.868421071132814e-05	117.0	0.039052069425901205
chr17	chr17	336	8400000	6.84535426723553e-05	2995	2237	0.15299043760153994	6.839089745263296e-05	6.84535426723553e-05	6.84535426723553e-05	106.0	0.035392320534223705
chr17	chr17	337	8425000	6.822433135123664e-05	2994	2235	0.1427017022429894	6.384863635033083e-05	6.822433135123664e-05	6.822433135123664e-05	102.0	0.03406813627254509
chr17	chr17	338	8450000	6.799656326670677e-05	2993	2231	0.1459066922688768	6.539968277403711e-05	6.799656326670677e-05	6.799656326670677e-05	99.0	0.033077180086869364
chr17	chr17	339	8475000	6.777022510165574e-05	2992	2227	0.13938186122347357	6.258727490950766e-05	6.777022510165574e-05	6.777022510165574e-05	101.0	0.03375668449197861
chr17	chr17	340	8500000	6.754530370065271e-05	2991	2224	0.13867389997086463	6.235337228905784e-05	6.754530370065271e-05	6.754530370065271e-05	99.0	0.033099297893681046
chr17	chr17	341	8525000	6.732178606751581e-05	2990	2222	0.1398049639929378	6.291852564938694e-05	6.732178606751581e-05	6.732178606751581e-05	101.0	0.033779264214046825
chr17	chr17	342	8550000	6.709965936292342e-05	2989	2219	0.13044336323834357	5.8784751346707336e-05	6.709965936292342e-05	6.709965936292342e-05	99.0	0.03312144529943125
chr17	chr17	343	8575000	6.688423450100975e-05	2988	2216	0.13877121642566315	6.262239008378301e-05	6.688423450100975e-05	6.688423450100975e-05	96.0	0.0321285140562249
chr17	chr17	344	8600000	6.667012539750156e-05	2987	2212	0.11486478676924466	5.192802295173809e-05	6.667012539750156e-05	6.667012539750156e-05	85.0	0.02845664546367593
chr17	chr17	345	8625000	6.645732022615205e-05	2986	2210	0.1242633690785978	5.6227768813845156e-05	6.645732022615205e-05	6.645732022615205e-05	88.0	0.029470864032150032
chr17	chr17	346	8650000	6.624580730087859e-05	2985	2208	0.12816296490310952	5.804482106119091e-05	6.624580730087859e-05	6.624580730087859e-05	90.0	0.03015075376884422
chr17	chr17	347	8675000	6.603557507370192e-05	2984	2205	0.14643531423973632	6.641057335135435e-05	6.603557507370192e-05	6.603557507370192e-05	102.0	0.03418230563002681
chr17	chr17	348	8700000	6.582661213272221e-05	2983	2203	0.12236170981158115	5.554321825310084e-05	6.582661213272221e-05	6.582661213272221e-05	91.0	0.030506201810258128
chr17	chr17	349	8725000	6.561890720013046e-05	2982	2201	0.15215635010220543	6.913055433993886e-05	6.561890720013046e-05	6.561890720013046e-05	116.0	0.038900067069081154
chr17	chr17	350	8750000	6.5412449130254e-05	2981	2199	0.12759789499250454	5.8025418368578694e-05	6.5412449130254e-05	6.5412449130254e-05	94.0	0.0315330426031533
chr17	chr17	351	8775000	6.521357894445427e-05	2980	2196	0.12648177551872428	5.759643693930978e-05	6.521357894445427e-05	6.521357894445427e-05	93.0	0.03120805369127517
chr17	chr17	352	8800000	6.501587657427108e-05	2979	2193	0.16070008785363635	7.327865383202751e-05	6.501587657427108e-05	6.501587657427108e-05	118.0	0.039610607586438404
chr17	chr17	353	8825000	6.481933187347968e-05	2978	2190	0.12679838122016965	5.7898804210123124e-05	6.481933187347968e-05	6.481933187347968e-05	94.0	0.0315648085963734
chr17	chr17	354	8850000	6.462393481241765e-05	2977	2188	0.14664628618605144	6.702298271757379e-05	6.462393481241765e-05	6.462393481241765e-05	104.0	0.034934497816593885
chr17	chr17	355	8875000	6.442967547632147e-05	2976	2186	0.12734252528712278	5.8253671220092765e-05	6.442967547632147e-05	6.442967547632147e-05	88.0	0.02956989247311828
chr17	chr17	356	8900000	6.423654406369106e-05	2975	2185	0.12719814232096321	5.8214252778472865e-05	6.423654406369106e-05	6.423654406369106e-05	98.0	0.03294117647058824
chr17	chr17	357	8925000	6.404453088468249e-05	2974	2185	0.16231351819875592	7.428536302002559e-05	6.404453088468249e-05	6.404453088468249e-05	113.0	0.03799596503026227
chr17	chr17	358	8950000	6.385362635952729e-05	2973	2184	0.1273857280214836	5.832679854463535e-05	6.385362635952729e-05	6.385362635952729e-05	91.0	0.030608812647157754
chr17	chr17	359	8975000	6.366382101697946e-05	2972	2185	0.14533923246076524	6.651681119485823e-05	6.366382101697946e-05	6.366382101697946e-05	102.0	0.034320323014804845
chr17	chr17	360	9000000	6.348241567230192e-05	2971	2184	0.12302129358014946	5.632843112644206e-05	6.348241567230192e-05	6.348241567230192e-05	83.0	0.0279367216425446
chr17	chr17	361	9025000	6.330202828678539e-05	2970	2185	0.14286692967208342	6.5385322504386e-05	6.330202828678539e-05	6.330202828678539e-05	97.0	0.03265993265993266
chr17	chr17	362	9050000	6.312265035197268e-05	2969	2186	0.12063393571943719	5.5184783037253973e-05	6.312265035197268e-05	6.312265035197268e-05	80.0	0.02694509936005389
chr17	chr17	363	9075000	6.294427345376606e-05	2968	2185	0.11782491814321311	5.392444766279776e-05	6.294427345376606e-05	6.294427345376606e-05	83.0	0.027964959568733155
chr17	chr17	364	9100000	6.276688927112392e-05	2967	2186	0.1395188016880796	6.382378851238774e-05	6.276688927112392e-05	6.276688927112392e-05	101.0	0.03404111897539602
chr17	chr17	365	9125000	6.259048957477985e-05	2966	2185	0.1062700991293224	4.8636200974518264e-05	6.259048957477985e-05	6.259048957477985e-05	79.0	0.026635198921105867
chr17	chr17	366	9150000	6.241506622598233e-05	2965	2186	0.11373465205135871	5.202866059074049e-05	6.241506622598233e-05	6.241506622598233e-05	82.0	0.027655986509274873
chr17	chr17	367	9175000	6.224061117525529e-05	2964	2187	0.13402732265281486	6.128364090206441e-05	6.224061117525529e-05	6.224061117525529e-05	100.0	0.033738191632928474
chr17	chr17	368	9200000	6.206711646117893e-05	2963	2187	0.12261946914011639	5.606742987659643e-05	6.206711646117893e-05	6.206711646117893e-05	90.0	0.030374620317246033
chr17	chr17	369	9225000	6.19023260040989e-05	2962	2185	0.14427641790563406	6.60303972108165e-05	6.19023260040989e-05	6.19023260040989e-05	104.0	0.035111411208642807
chr17	chr17	370	9250000	6.173841728102368e-05	2961	2185	0.10971595606684374	5.0213252204505146e-05	6.173841728102368e-05	6.173841728102368e-05	77.0	0.026004728132387706
chr17	chr17	371	9275000	6.15753832101244e-05	2960	2185	0.10352617420014942	4.738040009160157e-05	6.15753832101244e-05	6.15753832101244e-05	73.0	0.024662162162162164
chr17	chr17	372	9300000	6.141321678533608e-05	2959	2184	0.12361608080288831	5.660076959839209e-05	6.141321678533608e-05	6.141321678533608e-05	89.0	0.030077728962487327
chr17	chr17	373	9325000	6.125191107534617e-05	2958	2181	0.12161834543680299	5.576265265327968e-05	6.125191107534617e-05	6.125191107534617e-05	87.0	0.029411764705882353
chr17	chr17	374	9350000	6.109145922259935e-05	2957	2178	0.12028221119160318	5.5225992282646086e-05	6.109145922259935e-05	6.109145922259935e-05	88.0	0.029759891782211702
chr17	chr17	375	9375000	6.0931854442317894e-05	2956	2176	0.13629177503483342	6.26340877917433e-05	6.0931854442317894e-05	6.0931854442317894e-05	99.0	0.03349120433017591
chr17	chr17	376	9400000	6.0773090021537787e-05	2955	2174	0.13001516368699353	5.9804583112692516e-05	6.0773090021537787e-05	6.0773090021537787e-05	91.0	0.030795262267343484
chr17	chr17	377	9425000	6.0615159318160384e-05	2954	2172	0.1296756262835176	5.97033270181941e-05	6.0615159318160384e-05	6.0615159318160384e-05	93.0	0.03148273527420447
chr17	chr17	378	9450000	6.0466075108009744e-05	2953	2171	0.12282850661495952	5.6576926123887386e-05	6.0466075108009744e-05	6.0466075108009744e-05	87.0	0.02946156451066712
chr17	chr17	379	9475000	6.031775000454233e-05	2952	2169	0.11606506807811799	5.351086587280682e-05	6.031775000454233e-05	6.031775000454233e-05	77.0	0.0260840108401084
chr17	chr17	380	9500000	6.017017815487805e-05	2951	2167	0.11288440443785837	5.2092480128222596e-05	6.017017815487805e-05	6.017017815487805e-05	78.0	0.02643171806167401
chr17	chr17	381	9525000	6.002335376650887e-05	2950	2167	0.12465172797619427	5.752271710945744e-05	6.002335376650887e-05	6.002335376650887e-05	87.0	0.029491525423728814
chr17	chr17	382	9550000	5.987727110651933e-05	2949	2165	0.12310893984242968	5.686325165932087e-05	5.987727110651933e-05	5.987727110651933e-05	89.0	0.030179721939640556
chr17	chr17	383	9575000	5.973192450081957e-05	2948	2164	0.118037741923812	5.454609146202033e-05	5.973192450081957e-05	5.973192450081957e-05	78.0	0.026458616010854818
chr17	chr17	384	9600000	5.9587308333390115e-05	2947	2164	0.12553719457851215	5.801164259635496e-05	5.9587308333390115e-05	5.9587308333390115e-05	85.0	0.028842891075670174
chr17	chr17	385	9625000	5.944341704553827e-05	2946	2162	0.11982834541403306	5.5424766611486155e-05	5.944341704553827e-05	5.944341704553827e-05	83.0	0.028173794976238967
chr17	chr17	386	9650000	5.930024513516588e-05	2945	2159	0.12889739857211388	5.970236154335983e-05	5.930024513516588e-05	5.930024513516588e-05	91.0	0.030899830220713072
chr17	chr17	387	9675000	5.916591331762416e-05	2944	2158	0.11173021543203736	5.17748913030757e-05	5.916591331762416e-05	5.916591331762416e-05	81.0	0.02751358695652174
chr17	chr17	388	9700000	5.903223128643008e-05	2943	2157	0.10446529821133245	4.8430829027043326e-05	5.903223128643008e-05	5.903223128643008e-05	75.0	0.0254841997961264
chr17	chr17	389	9725000	5.8899194235867644e-05	2942	2155	0.09107060377198321	4.226014096147713e-05	5.8899194235867644e-05	5.8899194235867644e-05	64.0	0.021753908905506457
chr17	chr17	390	9750000	5.876679740799647e-05	2941	2154	0.1004999713355485	4.665736830805408e-05	5.876679740799647e-05	5.876679740799647e-05	69.0	0.023461407684461068
chr17	chr17	391	9775000	5.863503609205569e-05	2940	2153	0.10358406001798805	4.811150024058897e-05	5.863503609205569e-05	5.863503609205569e-05	73.0	0.024829931972789116
chr17	chr17	392	9800000	5.850390562387676e-05	2939	2153	0.13733266027213759	6.378665131079312e-05	5.850390562387676e-05	5.850390562387676e-05	97.0	0.033004423273222186
chr17	chr17	393	9825000	5.837340138530558e-05	2938	2153	0.10860409220006303	5.044314547146448e-05	5.837340138530558e-05	5.837340138530558e-05	76.0	0.025867937372362152
chr17	chr17	394	9850000	5.82435188036326e-05	2937	2153	0.10610072894000797	4.928041288435112e-05	5.82435188036326e-05	5.82435188036326e-05	75.0	0.02553626149131767
chr17	chr17	395	9875000	5.811425335103201e-05	2936	2153	0.10818336277206247	5.024773003811541e-05	5.811425335103201e-05	5.811425335103201e-05	79.0	0.02690735694822888
chr17	chr17	396	9900000	5.7994140803675164e-05	2935	2152	0.10510030915616797	4.8838433622754635e-05	5.7994140803675164e-05	5.7994140803675164e-05	76.0	0.025894378194207836
chr17	chr17	397	9925000	5.787457850348061e-05	2934	2152	0.13951982715332767	6.483263343556118e-05	5.787457850348061e-05	5.787457850348061e-05	96.0	0.032719836400818
chr17	chr17	398	9950000	5.775556255320095e-05	2933	2153	0.11610854923442657	5.392872700159153e-05	5.775556255320095e-05	5.775556255320095e-05	82.0	0.027957722468462325
chr17	chr17	399	9975000	5.76370890928925e-05	2932	2154	0.10710086864926685	4.972185174060671e-05	5.76370890928925e-05	5.76370890928925e-05	78.0	0.02660300136425648
chr17	chr17	400	10000000	5.751915429946588e-05	2931	2155	0.11638605096941157	5.4007448245666624e-05	5.751915429946588e-05	5.751915429946588e-05	84.0	0.028659160696008188
chr17	chr17	401	10025000	5.740175438624297e-05	2930	2155	0.1269235704684013	5.8897248477216384e-05	5.740175438624297e-05	5.740175438624297e-05	86.0	0.029351535836177476
chr17	chr17	402	10050000	5.72848856025204e-05	2929	2155	0.13425753085495573	6.230047835496786e-05	5.72848856025204e-05	5.72848856025204e-05	92.0	0.031410037555479685
chr17	chr17	403	10075000	5.716854423313951e-05	2928	2155	0.10219772039327496	4.742353614537121e-05	5.716854423313951e-05	5.716854423313951e-05	76.0	0.025956284153005466
chr17	chr17	404	10100000	5.7052726598061966e-05	2927	2154	0.10551600238305091	4.8986073529735796e-05	5.7052726598061966e-05	5.7052726598061966e-05	76.0	0.025965152032798085
chr17	chr17	405	10125000	5.693742905195239e-05	2926	2153	0.10927080718798769	5.075281337110436e-05	5.693742905195239e-05	5.693742905195239e-05	78.0	0.026657552973342446
chr17	chr17	406	10150000	5.68314206598866e-05	2925	2153	0.12952595107586426	6.01606832679351e-05	5.68314206598866e-05	5.68314206598866e-05	91.0	0.03111111111111111
chr17	chr17	407	10175000	5.672586969461004e-05	2924	2152	0.10952596877951132	5.089496690497738e-05	5.672586969461004e-05	5.672586969461004e-05	76.0	0.025991792065663474
chr17	chr17	408	10200000	5.6620773065681975e-05	2923	2152	0.11032695727489417	5.126717345487647e-05	5.6620773065681975e-05	5.6620773065681975e-05	73.0	0.02497434143003763
chr17	chr17	409	10225000	5.651612771104886e-05	2922	2150	0.13007428110247965	6.0499665629060305e-05	5.651612771104886e-05	5.651612771104886e-05	91.0	0.031143052703627654
chr17	chr17	410	10250000	5.6411930596714155e-05	2921	2148	0.10984158517751129	5.1136678388040634e-05	5.6411930596714155e-05	5.6411930596714155e-05	78.0	0.02670318384115029
chr17	chr17	411	10275000	5.630817871641412e-05	2920	2146	0.10044624110418442	4.680626332907009e-05	5.630817871641412e-05	5.630817871641412e-05	77.0	0.02636986301369863
chr17	chr17	412	10300000	5.6204869091297395e-05	2919	2144	0.09025695855988615	4.209746201487227e-05	5.6204869091297395e-05	5.6204869091297395e-05	67.0	0.022953066118533743
chr17	chr17	413	10325000	5.6101998769609366e-05	2918	2141	0.12750402020989396	5.955348912185612e-05	5.6101998769609366e-05	5.6101998769609366e-05	92.0	0.031528444139821796
chr17	chr17	414	10350000	5.599956482638072e-05	2917	2137	0.09926210931083151	4.644927904110038e-05	5.599956482638072e-05	5.599956482638072e-05	75.0	0.025711347274597188
chr17	chr17	415	10375000	5.5897564363120246e-05	2916	2134	0.09466061072723508	4.4358299309857116e-05	5.5897564363120246e-05	5.5897564363120246e-05	66.0	0.02263374485596708
chr17	chr17	416	10400000	5.580441249556619e-05	2915	2130	0.10602038865767982	4.977483035571823e-05	5.580441249556619e-05	5.580441249556619e-05	81.0	0.027787307032590053
chr17	chr17	417	10425000	5.571163895896901e-05	2914	2126	0.11523455421936339	5.4202518447489834e-05	5.571163895896901e-05	5.571163895896901e-05	86.0	0.029512697323266987
chr17	chr17	418	10450000	5.561924131500542e-05	2913	2122	0.10282631068285555	4.845726233876322e-05	5.561924131500542e-05	5.561924131500542e-05	72.0	0.024716786817713696
chr17	chr17	419	10475000	5.5527217146850975e-05	2912	2119	0.10933988758952111	5.159975818287924e-05	5.5527217146850975e-05	5.5527217146850975e-05	76.0	0.0260989010989011
chr17	chr17	420	10500000	5.5435564058939815e-05	2911	2116	0.10923218618330002	5.162201615467865e-05	5.5435564058939815e-05	5.5435564058939815e-05	76.0	0.02610786671246994
chr17	chr17	421	10525000	5.5344279676727656e-05	2910	2115	0.12930011811842976	6.113480762100698e-05	5.5344279676727656e-05	5.5344279676727656e-05	93.0	0.031958762886597936
chr17	chr17	422	10550000	5.525336164645768e-05	2909	2112	0.13311220036658888	6.302661002205913e-05	5.525336164645768e-05	5.525336164645768e-05	94.0	0.03231350979718116
chr17	chr17	423	10575000	5.516280763493023e-05	2908	2111	0.11460350089288018	5.428872614537195e-05	5.516280763493023e-05	5.516280763493023e-05	76.0	0.026134800550206328
chr17	chr17	424	10600000	5.5072615329274707e-05	2907	2112	0.08970953198564247	4.2476104159868594e-05	5.5072615329274707e-05	5.5072615329274707e-05	69.0	0.023735810113519093
chr17	chr17	425	10625000	5.498278243672547e-05	2906	2113	0.10975189354365203	5.1941265283318515e-05	5.498278243672547e-05	5.498278243672547e-05	79.0	0.02718513420509291
chr17	chr17	426	10650000	5.4901256063830555e-05	2905	2110	0.1181651868008006	5.6002458199431566e-05	5.4901256063830555e-05	5.4901256063830555e-05	87.0	0.029948364888123923
chr17	chr17	427	10675000	5.4820041302734663e-05	2904	2109	0.1517817233030404	7.196857434947388e-05	5.4820041302734663e-05	5.4820041302734663e-05	103.0	0.03546831955922865
chr17	chr17	428	10700000	5.473913623679362e-05	2903	2109	0.10105752904019108	4.791727313427742e-05	5.473913623679362e-05	5.473913623679362e-05	76.0	0.026179813985532208
chr17	chr17	429	10725000	5.465853896559387e-05	2902	2108	0.13134320812142278	6.230702472553263e-05	5.465853896559387e-05	5.465853896559387e-05	86.0	0.029634734665747762
chr17	chr17	430	10750000	5.457824760477816e-05	2901	2107	0.08563514002628982	4.064316090474125e-05	5.457824760477816e-05	5.457824760477816e-05	61.0	0.02102723198896932
chr17	chr17	431	10775000	5.4498260285872404e-05	2900	2105	0.08669397497781775	4.118478621274002e-05	5.4498260285872404e-05	5.4498260285872404e-05	60.0	0.020689655172413793
chr17	chr17	432	10800000	5.4418575156115774e-05	2899	2104	0.0963460412721459	4.579184471109596e-05	5.4418575156115774e-05	5.4418575156115774e-05	65.0	0.02242152466367713
chr17	chr17	433	10825000	5.433919037829237e-05	2898	2103	0.09569992119578603	4.550638192857158e-05	5.433919037829237e-05	5.433919037829237e-05	70.0	0.024154589371980676
chr17	chr17	434	10850000	5.426010413056515e-05	2897	2103	0.0946463825758106	4.5005412541992673e-05	5.426010413056515e-05	5.426010413056515e-05	65.0	0.02243700379703141
chr17	chr17	435	10875000	5.4181314606312324e-05	2896	2103	0.10251142591222266	4.8745328536482485e-05	5.4181314606312324e-05	5.4181314606312324e-05	72.0	0.024861878453038673
chr17	chr17	436	10900000	5.411056782618475e-05	2895	2103	0.1222360273512188	5.812459693353248e-05	5.411056782618475e-05	5.411056782618475e-05	90.0	0.031088082901554404
chr17	chr17	437	10925000	5.404007518346761e-05	2894	2102	0.11754687946131293	5.592144598540101e-05	5.404007518346761e-05	5.404007518346761e-05	82.0	0.028334485141672427
chr17	chr17	438	10950000	5.396983518682216e-05	2893	2103	0.09616016228339097	4.572523170869756e-05	5.396983518682216e-05	5.396983518682216e-05	75.0	0.025924645696508816
chr17	chr17	439	10975000	5.389984635704033e-05	2892	2102	0.13626288611463808	6.482535019725884e-05	5.389984635704033e-05	5.389984635704033e-05	93.0	0.032157676348547715
chr17	chr17	440	11000000	5.383010722691814e-05	2891	2103	0.11625320185163007	5.5279696553319104e-05	5.383010722691814e-05	5.383010722691814e-05	75.0	0.025942580421999307
chr17	chr17	441	11025000	5.376061634113157e-05	2890	2104	0.11956525152633575	5.682759102962726e-05	5.376061634113157e-05	5.376061634113157e-05	87.0	0.030103806228373702
chr17	chr17	442	11050000	5.369137225611388e-05	2889	2105	0.10418308331031154	4.9493151216300016e-05	5.369137225611388e-05	5.369137225611388e-05	78.0	0.02699896157840083
chr17	chr17	443	11075000	5.362237353993374e-05	2888	2107	0.10255818645521164	4.8674981706317815e-05	5.362237353993374e-05	5.362237353993374e-05	78.0	0.027008310249307478
chr17	chr17	444	11100000	5.355361877217606e-05	2887	2109	0.1086904700074674	5.153649597319459e-05	5.355361877217606e-05	5.355361877217606e-05	78.0	0.027017665396605474
chr17	chr17	445	11125000	5.348510654382324e-05	2886	2111	0.10640930700970427	5.040706158678554e-05	5.348510654382324e-05	5.348510654382324e-05	73.0	0.025294525294525295
chr17	chr17	446	11150000	5.341683545713852e-05	2885	2111	0.12011015925748697	5.689728055778634e-05	5.341683545713852e-05	5.341683545713852e-05	84.0	0.029116117850953208
chr17	chr17	447	11175000	5.3356184268867406e-05	2884	2110	0.092869756689784	4.40141026965801e-05	5.3356184268867406e-05	5.3356184268867406e-05	69.0	0.0239251040221914
chr17	chr17	448	11200000	5.329573724879174e-05	2883	2112	0.11223665246226021	5.314235438553987e-05	5.329573724879174e-05	5.329573724879174e-05	78.0	0.027055150884495317
chr17	chr17	449	11225000	5.323549325619029e-05	2882	2112	0.10649871247119949	5.042552673825733e-05	5.323549325619029e-05	5.323549325619029e-05	77.0	0.026717557251908396
chr17	chr17	450	11250000	5.317545115923756e-05	2881	2108	0.0943280141036335	4.474763477401969e-05	5.317545115923756e-05	5.317545115923756e-05	68.0	0.023602915654286707
chr17	chr17	451	11275000	5.311560983491447e-05	2880	2105	0.11418016506712132	5.4242358701720345e-05	5.311560983491447e-05	5.311560983491447e-05	83.0	0.028819444444444446
chr17	chr17	452	11300000	5.3055968168920807e-05	2879	2105	0.11796044160065684	5.603821453712914e-05	5.3055968168920807e-05	5.3055968168920807e-05	84.0	0.029176797499131643
chr17	chr17	453	11325000	5.299652505558821e-05	2878	2103	0.1174998063055302	5.587247090134579e-05	5.299652505558821e-05	5.299652505558821e-05	85.0	0.029534398888116747
chr17	chr17	454	11350000	5.293727939779456e-05	2877	2101	0.07902825483101977	3.761459059068052e-05	5.293727939779456e-05	5.293727939779456e-05	57.0	0.01981230448383733
chr17	chr17	455	11375000	5.287823010687926e-05	2876	2098	0.0869636583284079	4.1450742768545235e-05	5.287823010687926e-05	5.287823010687926e-05	67.0	0.02329624478442281
chr17	chr17	456	11400000	5.2819376102559466e-05	2875	2096	0.10990490547812587	5.243554650673944e-05	5.2819376102559466e-05	5.2819376102559466e-05	77.0	0.026782608695652174
chr17	chr17	457	11425000	5.27607163128475e-05	2874	2095	0.10058951750333282	4.801408950039753e-05	5.27607163128475e-05	5.27607163128475e-05	72.0	0.025052192066805846
chr17	chr17	458	11450000	5.2708826487528126e-05	2873	2093	0.09686733132052909	4.628157253728098e-05	5.2708826487528126e-05	5.2708826487528126e-05	69.0	0.024016707274625827
chr17	chr17	459	11475000	5.2657100701818955e-05	2872	2092	0.08621775053231039	4.12130738682172e-05	5.2657100701818955e-05	5.2657100701818955e-05	62.0	0.02158774373259053
chr17	chr17	460	11500000	5.260553808144709e-05	2871	2091	0.12254680318345712	5.8606792531543336e-05	5.260553808144709e-05	5.260553808144709e-05	84.0	0.029258098223615466
chr17	chr17	461	11525000	5.255413775868682e-05	2870	2091	0.0694158840290624	3.3197457689652034e-05	5.255413775868682e-05	5.255413775868682e-05	48.0	0.016724738675958188
chr17	chr17	462	11550000	5.250289887229627e-05	2869	2091	0.09245610853266152	4.4216216419254674e-05	5.250289887229627e-05	5.250289887229627e-05	66.0	0.023004531195538514
chr17	chr17	463	11575000	5.24518205674552e-05	2868	2089	0.08761940606853875	4.194322932912339e-05	5.24518205674552e-05	5.24518205674552e-05	65.0	0.022663877266387727
chr17	chr17	464	11600000	5.240090199570336e-05	2867	2086	0.10329028219841564	4.9515955032797524e-05	5.240090199570336e-05	5.240090199570336e-05	78.0	0.027206138821067316
chr17	chr17	465	11625000	5.235014231487956e-05	2866	2082	0.11247661748801957	5.402335133910642e-05	5.235014231487956e-05	5.235014231487956e-05	77.0	0.026866713189113746
chr17	chr17	466	11650000	5.229954068906144e-05	2865	2078	0.08835365825794737	4.2518603589002586e-05	5.229954068906144e-05	5.229954068906144e-05	64.0	0.022338568935427575
chr17	chr17	467	11675000	5.224909628850599e-05	2864	2075	0.09663352079240611	4.6570371466219814e-05	5.224909628850599e-05	5.224909628850599e-05	69.0	0.02409217877094972
chr17	chr17	468	11700000	5.219880828959105e-05	2863	2073	0.09321664263720604	4.496702490940957e-05	5.219880828959105e-05	5.219880828959105e-05	68.0	0.023751309814879495
chr17	chr17	469	11725000	5.215442423329002e-05	2862	2069	0.1064861724307704	5.146745888389096e-05	5.215442423329002e-05	5.215442423329002e-05	81.0	0.02830188679245283
chr17	chr17	470	11750000	5.211017233058831e-05	2861	2065	0.10605558388573452	5.135863626427822e-05	5.211017233058831e-05	5.211017233058831e-05	76.0	0.026564138413142258
chr17	chr17	471	11775000	5.206605190807384e-05	2860	2064	0.08611181505995698	4.172084062982412e-05	5.206605190807384e-05	5.206605190807384e-05	68.0	0.023776223776223775
chr17	chr17	472	11800000	5.2022062297186545e-05	2859	2065	0.10085234164421725	4.883890636523838e-05	5.2022062297186545e-05	5.2022062297186545e-05	71.0	0.024833857992305003
chr17	chr17	473	11825000	5.197820283417281e-05	2858	2065	0.09291655479158185	4.4995910310693394e-05	5.197820283417281e-05	5.197820283417281e-05	67.0	0.02344296710986704
chr17	chr17	474	11850000	5.193447286004114e-05	2857	2065	0.08046096051752367	3.896414552906715e-05	5.193447286004114e-05	5.193447286004114e-05	65.0	0.022751137556877844
chr17	chr17	475	11875000	5.1890871720518184e-05	2856	2065	0.0765854097041158	3.708736547414809e-05	5.1890871720518184e-05	5.1890871720518184e-05	55.0	0.019257703081232494
chr17	chr17	476	11900000	5.184739876600468e-05	2855	2065	0.08638229651142453	4.183162058664626e-05	5.184739876600468e-05	5.184739876600468e-05	59.0	0.02066549912434326
chr17	chr17	477	11925000	5.180405335153265e-05	2854	2065	0.09247610580241226	4.4782617821991415e-05	5.180405335153265e-05	5.180405335153265e-05	64.0	0.02242466713384723
chr17	chr17	478	11950000	5.176083483672266e-05	2853	2064	0.10157057113201169	4.921054802907543e-05	5.176083483672266e-05	5.176083483672266e-05	71.0	0.02488608482299334
chr17	chr17	479	11975000	5.171774258574169e-05	2852	2063	0.09202782513870858	4.460873734304827e-05	5.171774258574169e-05	5.171774258574169e-05	65.0	0.02279102384291725
chr17	chr17	480	12000000	5.167989276852011e-05	2851	2063	0.092510673291634	4.484278879865923e-05	5.167989276852011e-05	5.167989276852011e-05	65.0	0.02279901788846019
chr17	chr17	481	12025000	5.164214933721317e-05	2850	2061	0.11809978491479972	5.730217608675387e-05	5.164214933721317e-05	5.164214933721317e-05	82.0	0.028771929824561403
chr17	chr17	482	12050000	5.1604511772552114e-05	2849	2060	0.10186279474280793	4.9447958613013556e-05	5.1604511772552114e-05	5.1604511772552114e-05	75.0	0.026325026325026327
chr17	chr17	483	12075000	5.1566979558873374e-05	2848	2059	0.11508985938846504	5.589599776030356e-05	5.1566979558873374e-05	5.1566979558873374e-05	77.0	0.027036516853932584
chr17	chr17	484	12100000	5.1529552184086013e-05	2847	2058	0.09725001623043776	4.725462401867724e-05	5.1529552184086013e-05	5.1529552184086013e-05	65.0	0.0228310502283105
chr17	chr17	485	12125000	5.14922291396397e-05	2846	2057	0.09462749765967018	4.600267265905211e-05	5.14922291396397e-05	5.14922291396397e-05	70.0	0.024595924104005622
chr17	chr17	486	12150000	5.145500992049301e-05	2845	2055	0.11761301585092293	5.7232611119670524e-05	5.145500992049301e-05	5.145500992049301e-05	86.0	0.03022847100175747
chr17	chr17	487	12175000	5.141789402508203e-05	2844	2054	0.08750048338072287	4.2600040594314936e-05	5.141789402508203e-05	5.141789402508203e-05	63.0	0.022151898734177215
chr17	chr17	488	12200000	5.1380880955289314e-05	2843	2055	0.08869583595767208	4.316099073366038e-05	5.1380880955289314e-05	5.1380880955289314e-05	66.0	0.02321491382342596
chr17	chr17	489	12225000	5.1343970216413286e-05	2842	2054	0.08457663221210115	4.1176549275609134e-05	5.1343970216413286e-05	5.1343970216413286e-05	63.0	0.022167487684729065
chr17	chr17	490	12250000	5.130716131713779e-05	2841	2052	0.12233882135914402	5.9619308654553616e-05	5.130716131713779e-05	5.130716131713779e-05	86.0	0.030271031326997537
chr17	chr17	491	12275000	5.127045376950201e-05	2840	2050	0.10877023282237319	5.3058650157255215e-05	5.127045376950201e-05	5.127045376950201e-05	76.0	0.02676056338028169
chr17	chr17	492	12300000	5.1238238486630936e-05	2839	2048	0.0984274562286973	4.80602813616686e-05	5.1238238486630936e-05	5.1238238486630936e-05	70.0	0.02465656921451215
chr17	chr17	493	12325000	5.120610879610034e-05	2838	2046	0.08596736137266704	4.201728317334655e-05	5.120610879610034e-05	5.120610879610034e-05	62.0	0.021846370683579985
chr17	chr17	494	12350000	5.1174064297576495e-05	2837	2045	0.07644936177462874	3.7383550990038505e-05	5.1174064297576495e-05	5.1174064297576495e-05	56.0	0.01973916108565386
chr17	chr17	495	12375000	5.114210459340356e-05	2836	2043	0.09119349850616132	4.463705262171381e-05	5.114210459340356e-05	5.114210459340356e-05	66.0	0.0232722143864598
chr17	chr17	496	12400000	5.1110229288580496e-05	2835	2042	0.09262604195178178	4.5360451494506264e-05	5.1110229288580496e-05	5.1110229288580496e-05	66.0	0.02328042328042328
chr17	chr17	497	12425000	5.107843799073788e-05	2834	2041	0.09712274365740936	4.758586166458078e-05	5.107843799073788e-05	5.107843799073788e-05	67.0	0.02364149611856034
chr17	chr17	498	12450000	5.1046730310115265e-05	2833	2041	0.07234037998783284	3.544359627037376e-05	5.1046730310115265e-05	5.1046730310115265e-05	51.0	0.018002117896223083
chr17	chr17	499	12475000	5.1015105859538405e-05	2832	2042	0.0941462483815901	4.6104920852884476e-05	5.1015105859538405e-05	5.1015105859538405e-05	70.0	0.024717514124293787
chr17	chr17	500	12500000	5.098356425439716e-05	2831	2041	0.10416844364321944	5.10379439702202e-05	5.098356425439716e-05	5.098356425439716e-05	75.0	0.026492405510420345
chr17	chr17	501	12525000	5.095210511262337e-05	2830	2043	0.10166323954901473	4.9761742314740445e-05	5.095210511262337e-05	5.095210511262337e-05	74.0	0.026148409893992933
chr17	chr17	502	12550000	5.0920728054669016e-05	2829	2042	0.136517641202102	6.685486836537807e-05	5.0920728054669016e-05	5.0920728054669016e-05	93.0	0.032873806998939555
chr17	chr17	503	12575000	5.088943270348455e-05	2828	2040	0.1147128098830507	5.623176955051505e-05	5.088943270348455e-05	5.088943270348455e-05	76.0	0.026874115983026876
chr17	chr17	504	12600000	5.086167651468392e-05	2827	2038	0.09344663712648313	4.585212812879447e-05	5.086167651468392e-05	5.086167651468392e-05	68.0	0.024053767244428724
chr17	chr17	505	12625000	5.083399043698677e-05	2826	2039	0.09295468493884544	4.558836926868339e-05	5.083399043698677e-05	5.083399043698677e-05	63.0	0.022292993630573247
chr17	chr17	506	12650000	5.080637415498638e-05	2825	2037	0.10813795341019439	5.308686961717937e-05	5.080637415498638e-05	5.080637415498638e-05	79.0	0.027964601769911505
chr17	chr17	507	12675000	5.077882735531456e-05	2824	2032	0.11059477133461723	5.44265606961699e-05	5.077882735531456e-05	5.077882735531456e-05	77.0	0.02726628895184136
chr17	chr17	508	12700000	5.07513497266246e-05	2823	2031	0.11237390975030166	5.53293499509117e-05	5.07513497266246e-05	5.07513497266246e-05	81.0	0.028692879914984058
chr17	chr17	509	12725000	5.072394095957437e-05	2822	2030	0.08571325322969954	4.222327745305396e-05	5.072394095957437e-05	5.072394095957437e-05	64.0	0.022678951098511695
chr17	chr17	510	12750000	5.069660074680942e-05	2821	2028	0.11405197099860678	5.623864447663056e-05	5.069660074680942e-05	5.069660074680942e-05	79.0	0.028004253810705423
chr17	chr17	511	12775000	5.0669328782946295e-05	2820	2026	0.09824207974220987	4.849066127453597e-05	5.0669328782946295e-05	5.0669328782946295e-05	71.0	0.02517730496453901
chr17	chr17	512	12800000	5.064212476455624e-05	2819	2026	0.08609002276816269	4.249260748675355e-05	5.064212476455624e-05	5.064212476455624e-05	61.0	0.021638879035118838
chr17	chr17	513	12825000	5.061498839014863e-05	2818	2026	0.10085644804455078	4.978107011083454e-05	5.061498839014863e-05	5.061498839014863e-05	72.0	0.0255500354861604
chr17	chr17	514	12850000	5.058791936015511e-05	2817	2025	0.1267810434030534	6.260792266817452e-05	5.058791936015511e-05	5.058791936015511e-05	86.0	0.03052893148739794
chr17	chr17	515	12875000	5.056091737691346e-05	2816	2025	0.08344836470564829	4.12090689904436e-05	5.056091737691346e-05	5.056091737691346e-05	63.0	0.022372159090909092
chr17	chr17	516	12900000	5.0536558122888473e-05	2815	2025	0.0903083422042238	4.4596712199616696e-05	5.0536558122888473e-05	5.0536558122888473e-05	68.0	0.024156305506216696
chr17	chr17	517	12925000	5.0512257732801505e-05	2814	2024	0.11042060890967495	5.455563681308051e-05	5.0512257732801505e-05	5.0512257732801505e-05	77.0	0.02736318407960199
chr17	chr17	518	12950000	5.048801595096361e-05	2813	2022	0.12360356536304767	6.112935972455375e-05	5.048801595096361e-05	5.048801595096361e-05	83.0	0.029505865623889085
chr17	chr17	519	12975000	5.046383252328725e-05	2812	2021	0.08287121958214662	4.100505669576775e-05	5.046383252328725e-05	5.046383252328725e-05	59.0	0.020981507823613087
chr17	chr17	520	13000000	5.043970719727343e-05	2811	2019	0.09948690420619986	4.927533640723123e-05	5.043970719727343e-05	5.043970719727343e-05	71.0	0.025257915332621842
chr17	chr17	521	13025000	5.041563972199855e-05	2810	2015	0.09278433830228759	4.604681801602362e-05	5.041563972199855e-05	5.041563972199855e-05	71.0	0.025266903914590747
chr17	chr17	522	13050000	5.039162984810167e-05	2809	2014	0.08843183165575419	4.3908555936322836e-05	5.039162984810167e-05	5.039162984810167e-05	62.0	0.022071911712353152
chr17	chr17	523	13075000	5.036767732777173e-05	2808	2012	0.08079661485896447	4.015736324998234e-05	5.036767732777173e-05	5.036767732777173e-05	63.0	0.022435897435897436
chr17	chr17	524	13100000	5.034378191473508e-05	2807	2012	0.08157753361291968	4.054549384339944e-05	5.034378191473508e-05	5.034378191473508e-05	67.0	0.02386889918061988
chr17	chr17	525	13125000	5.031994336424291e-05	2806	2012	0.1118136971178864	5.557340811028151e-05	5.031994336424291e-05	5.031994336424291e-05	77.0	0.02744119743406985
chr17	chr17	526	13150000	5.029616143305903e-05	2805	2012	0.09331299429383395	4.6378227780235566e-05	5.029616143305903e-05	5.029616143305903e-05	63.0	0.022459893048128343
chr17	chr17	527	13175000	5.0272435879447644e-05	2804	2011	0.11672387378253371	5.80427020301013e-05	5.0272435879447644e-05	5.0272435879447644e-05	82.0	0.029243937232524966
chr17	chr17	528	13200000	5.025057620489037e-05	2803	2010	0.09322656680948577	4.638137652213222e-05	5.025057620489037e-05	5.025057620489037e-05	61.0	0.02176239743132358
chr17	chr17	529	13225000	5.022876737024701e-05	2802	2010	0.1268421236297716	6.310553414416497e-05	5.022876737024701e-05	5.022876737024701e-05	90.0	0.032119914346895075
chr17	chr17	530	13250000	5.020700916150612e-05	2801	2012	0.10719700680952286	5.3278830422228066e-05	5.020700916150612e-05	5.020700916150612e-05	77.0	0.027490182077829346
chr17	chr17	531	13275000	5.018530136595879e-05	2800	2011	0.12092579102595252	6.013216858575461e-05	5.018530136595879e-05	5.018530136595879e-05	86.0	0.030714285714285715
chr17	chr17	532	13300000	5.0163643772188404e-05	2799	2011	0.08874361585892913	4.4129097891063715e-05	5.0163643772188404e-05	5.0163643772188404e-05	61.0	0.021793497677742052
chr17	chr17	533	13325000	5.014203617006004e-05	2798	2010	0.09774693834808455	4.863031758611172e-05	5.014203617006004e-05	5.014203617006004e-05	70.0	0.02501786990707648
chr17	chr17	534	13350000	5.0120478350710586e-05	2797	2010	0.09742073823550526	4.8468028972888186e-05	5.0120478350710586e-05	5.0120478350710586e-05	69.0	0.02466928852341795
chr17	chr17	535	13375000	5.0098970106538646e-05	2796	2009	0.10618018562895418	5.2852257655029455e-05	5.0098970106538646e-05	5.0098970106538646e-05	72.0	0.02575107296137339
chr17	chr17	536	13400000	5.007751123119443e-05	2795	2009	0.08493885063701168	4.227916905774598e-05	5.007751123119443e-05	5.007751123119443e-05	64.0	0.02289803220035778
chr17	chr17	537	13425000	5.005610151957009e-05	2794	2010	0.09776732252995682	4.864045897012777e-05	5.005610151957009e-05	5.005610151957009e-05	72.0	0.025769506084466716
chr17	chr17	538	13450000	5.0034740767789756e-05	2793	2010	0.09815922562013527	4.883543563190809e-05	5.0034740767789756e-05	5.0034740767789756e-05	67.0	0.023988542785535267
chr17	chr17	539	13475000	5.001342877320007e-05	2792	2009	0.11485290527056258	5.716919127454583e-05	5.001342877320007e-05	5.001342877320007e-05	83.0	0.02972779369627507
chr17	chr17	540	13500000	4.9992165334360364e-05	2791	2009	0.10031080322611104	4.9930713402743175e-05	4.9992165334360364e-05	4.9992165334360364e-05	71.0	0.025438910784664995
chr17	chr17	541	13525000	4.997198175544348e-05	2790	2010	0.09825925497663361	4.8885201480912246e-05	4.997198175544348e-05	4.997198175544348e-05	67.0	0.024014336917562724
chr17	chr17	542	13550000	4.9951843576265424e-05	2789	2008	0.10388266071574058	5.17343927867234e-05	4.9951843576265424e-05	4.9951843576265424e-05	77.0	0.027608461814270346
chr17	chr17	543	13575000	4.993175061122552e-05	2788	2006	0.09723969896015791	4.8474426201474534e-05	4.993175061122552e-05	4.993175061122552e-05	68.0	0.024390243902439025
chr17	chr17	544	13600000	4.9911702675821945e-05	2787	2003	0.10324693535328572	5.1546148453961917e-05	4.9911702675821945e-05	4.9911702675821945e-05	77.0	0.027628274129888768
chr17	chr17	545	13625000	4.989169958664305e-05	2786	2002	0.10343863431216233	5.166764950657459e-05	4.989169958664305e-05	4.989169958664305e-05	76.0	0.027279253409906678
chr17	chr17	546	13650000	4.987174116135906e-05	2785	2000	0.10301752222614732	5.1508761113073664e-05	4.987174116135906e-05	4.987174116135906e-05	73.0	0.02621184919210054
chr17	chr17	547	13675000	4.985182721871382e-05	2784	1997	0.12632238718492508	6.325607770902608e-05	4.985182721871382e-05	4.985182721871382e-05	89.0	0.0319683908045977
chr17	chr17	548	13700000	4.983195757851623e-05	2783	1995	0.08708214951659778	4.365020025894626e-05	4.983195757851623e-05	4.983195757851623e-05	64.0	0.022996766079770033
chr17	chr17	549	13725000	4.98121320616323e-05	2782	1990	0.09866334212515607	4.95795689071136e-05	4.98121320616323e-05	4.98121320616323e-05	69.0	0.02480230050323508
chr17	chr17	550	13750000	4.9792350489977055e-05	2781	1989	0.10178651470006347	5.117471830068551e-05	4.9792350489977055e-05	4.9792350489977055e-05	72.0	0.025889967637540454
chr17	chr17	551	13775000	4.9772612686506304e-05	2780	1989	0.09184394323164402	4.617593928187231e-05	4.9772612686506304e-05	4.9772612686506304e-05	63.0	0.022661870503597123
chr17	chr17	552	13800000	4.9752918475208826e-05	2779	1988	0.07777988696296098	3.91246916312681e-05	4.9752918475208826e-05	4.9752918475208826e-05	56.0	0.020151133501259445
chr17	chr17	553	13825000	4.973326768109845e-05	2778	1987	0.10877621607455465	5.474394367113973e-05	4.973326768109845e-05	4.973326768109845e-05	79.0	0.02843772498200144
chr17	chr17	554	13850000	4.971391434147943e-05	2777	1986	0.10654069645206626	5.364586931121161e-05	4.971391434147943e-05	4.971391434147943e-05	75.0	0.02700756211739287
chr17	chr17	555	13875000	4.969460341505756e-05	2776	1988	0.0945344206925243	4.7552525499257696e-05	4.969460341505756e-05	4.969460341505756e-05	69.0	0.024855907780979826
chr17	chr17	556	13900000	4.967533473271417e-05	2775	1988	0.1030719090113687	5.184703672604059e-05	4.967533473271417e-05	4.967533473271417e-05	74.0	0.02666666666666667
chr17	chr17	557	13925000	4.965610812630753e-05	2774	1986	0.09074371315616121	4.569169846735207e-05	4.965610812630753e-05	4.965610812630753e-05	66.0	0.023792357606344627
chr17	chr17	558	13950000	4.9636923428665514e-05	2773	1984	0.09228017619484129	4.6512185582077264e-05	4.9636923428665514e-05	4.9636923428665514e-05	69.0	0.024882798413270825
chr17	chr17	559	13975000	4.9617780473578353e-05	2772	1983	0.09079524385538837	4.578680981108844e-05	4.9617780473578353e-05	4.9617780473578353e-05	63.0	0.022727272727272728
chr17	chr17	560	14000000	4.959867909579124e-05	2771	1978	0.11495229210565527	5.811541562469933e-05	4.959867909579124e-05	4.959867909579124e-05	76.0	0.02742692168892097
chr17	chr17	561	14025000	4.9579619130997116e-05	2770	1977	0.0947076517866167	4.790473029166247e-05	4.9579619130997116e-05	4.9579619130997116e-05	67.0	0.024187725631768953
chr17	chr17	562	14050000	4.956060041582977e-05	2769	1978	0.10017772970375594	5.064597052768247e-05	4.956060041582977e-05	4.956060041582977e-05	68.0	0.024557602022390754
chr17	chr17	563	14075000	4.954162278785668e-05	2768	1975	0.09674156881685271	4.89830728186596e-05	4.954162278785668e-05	4.954162278785668e-05	68.0	0.024566473988439308
chr17	chr17	564	14100000	4.9522686085571965e-05	2767	1971	0.09159077836482062	4.6469192473272765e-05	4.9522686085571965e-05	4.9522686085571965e-05	66.0	0.023852547885796892
chr17	chr17	565	14125000	4.9503790148389416e-05	2766	1969	0.0833757385223233	4.234420442982392e-05	4.9503790148389416e-05	4.9503790148389416e-05	62.0	0.022415039768618944
chr17	chr17	566	14150000	4.9484934816635954e-05	2765	1968	0.08607680809034812	4.373821549306307e-05	4.9484934816635954e-05	4.9484934816635954e-05	64.0	0.02314647377938517
chr17	chr17	567	14175000	4.946566381202922e-05	2764	1968	0.08642918153342667	4.391726703934282e-05	4.946566381202922e-05	4.946566381202922e-05	65.0	0.023516642547033284
chr17	chr17	568	14200000	4.944643425007543e-05	2763	1968	0.10582449319105133	5.377260832878625e-05	4.944643425007543e-05	4.944643425007543e-05	73.0	0.026420557365182774
chr17	chr17	569	14225000	4.942724596892402e-05	2762	1967	0.109242621672311	5.553768259903965e-05	4.942724596892402e-05	4.942724596892402e-05	79.0	0.028602461984069516
chr17	chr17	570	14250000	4.9408098807639424e-05	2761	1967	0.10131673552017689	5.150825395026787e-05	4.9408098807639424e-05	4.9408098807639424e-05	74.0	0.026801883375588555
chr17	chr17	571	14275000	4.938899260619458e-05	2760	1967	0.11479298274390133	5.835942183218166e-05	4.938899260619458e-05	4.938899260619458e-05	80.0	0.028985507246376812
chr17	chr17	572	14300000	4.9369927205463986e-05	2759	1967	0.10237873655606536	5.204816296698798e-05	4.9369927205463986e-05	4.9369927205463986e-05	72.0	0.026096411743385284
chr17	chr17	573	14325000	4.935090244721712e-05	2758	1968	0.07662355164023418	3.893473152450924e-05	4.935090244721712e-05	4.935090244721712e-05	57.0	0.020667150108774474
chr17	chr17	574	14350000	4.933191817411198e-05	2757	1967	0.0843151939144655	4.286486726714057e-05	4.933191817411198e-05	4.933191817411198e-05	60.0	0.02176278563656148
chr17	chr17	575	14375000	4.9312974229688294e-05	2756	1967	0.08236937902180337	4.1875637530149144e-05	4.9312974229688294e-05	4.9312974229688294e-05	58.0	0.02104499274310595
chr17	chr17	576	14400000	4.929407045836146e-05	2755	1966	0.09627053590220766	4.896771917711478e-05	4.929407045836146e-05	4.929407045836146e-05	69.0	0.025045372050816698
chr17	chr17	577	14425000	4.927520670541561e-05	2754	1966	0.10865252556416016	5.526578106010181e-05	4.927520670541561e-05	4.927520670541561e-05	76.0	0.027596223674655047
chr17	chr17	578	14450000	4.925638281699779e-05	2753	1966	0.09310561332850358	4.7357890807987576e-05	4.925638281699779e-05	4.925638281699779e-05	63.0	0.022884126407555393
chr17	chr17	579	14475000	4.923759864011128e-05	2752	1965	0.09652576928716138	4.9122528899318766e-05	4.923759864011128e-05	4.923759864011128e-05	70.0	0.025436046511627907
chr17	chr17	580	14500000	4.921885402260958e-05	2751	1964	0.0842090640455332	4.2876305522165585e-05	4.921885402260958e-05	4.921885402260958e-05	55.0	0.019992729916394038
chr17	chr17	581	14525000	4.919902869472665e-05	2750	1962	0.09236259235892882	4.70757351472624e-05	4.919902869472665e-05	4.919902869472665e-05	62.0	0.022545454545454546
chr17	chr17	582	14550000	4.9179245425333496e-05	2749	1960	0.0929507214329709	4.7423837465801476e-05	4.9179245425333496e-05	4.9179245425333496e-05	68.0	0.024736267733721354
chr17	chr17	583	14575000	4.915950405316918e-05	2748	1960	0.08921127095766025	4.551595457023482e-05	4.915950405316918e-05	4.915950405316918e-05	65.0	0.023653566229985445
chr17	chr17	584	14600000	4.9139804417866314e-05	2747	1958	0.11223931869741098	5.732345183728855e-05	4.9139804417866314e-05	4.9139804417866314e-05	82.0	0.029850746268656716
chr17	chr17	585	14625000	4.912014635994471e-05	2746	1955	0.09162988697630464	4.6869507404759405e-05	4.912014635994471e-05	4.912014635994471e-05	64.0	0.023306627822286964
chr17	chr17	586	14650000	4.910052972080469e-05	2745	1956	0.10058171438702643	5.142214436964541e-05	4.910052972080469e-05	4.910052972080469e-05	71.0	0.025865209471766848
chr17	chr17	587	14675000	4.9080954342721e-05	2744	1953	0.07652297007542276	3.918226834379046e-05	4.9080954342721e-05	4.9080954342721e-05	58.0	0.021137026239067054
chr17	chr17	588	14700000	4.906142006883643e-05	2743	1953	0.11533032344900776	5.9052904991811447e-05	4.906142006883643e-05	4.906142006883643e-05	78.0	0.02843601895734597
chr17	chr17	589	14725000	4.90419267431554e-05	2742	1955	0.0905356420443012	4.630979132700829e-05	4.90419267431554e-05	4.90419267431554e-05	63.0	0.022975929978118162
chr17	chr17	590	14750000	4.902247421053813e-05	2741	1953	0.0692749557820651	3.547104750745781e-05	4.902247421053813e-05	4.902247421053813e-05	48.0	0.017511856986501276
chr17	chr17	591	14775000	4.900306231669412e-05	2740	1950	0.09461429997604816	4.852015383387085e-05	4.900306231669412e-05	4.900306231669412e-05	73.0	0.02664233576642336
chr17	chr17	592	14800000	4.898369090817635e-05	2739	1950	0.08250678174487712	4.231117012557801e-05	4.898369090817635e-05	4.898369090817635e-05	58.0	0.02117561153705732
chr17	chr17	593	14825000	4.896435983237514e-05	2738	1950	0.06398212652901669	3.281134693795728e-05	4.896435983237514e-05	4.896435983237514e-05	49.0	0.01789627465303141
chr17	chr17	594	14850000	4.8945068937512084e-05	2737	1949	0.09466252827900626	4.856979388353323e-05	4.8945068937512084e-05	4.8945068937512084e-05	65.0	0.023748629886737302
chr17	chr17	595	14875000	4.8924155569964084e-05	2736	1948	0.10823916221325472	5.556425164951474e-05	4.8924155569964084e-05	4.8924155569964084e-05	78.0	0.02850877192982456
chr17	chr17	596	14900000	4.89032862348582e-05	2735	1947	0.08584729158729217	4.409208607462361e-05	4.89032862348582e-05	4.89032862348582e-05	63.0	0.02303473491773309
chr17	chr17	597	14925000	4.888246076583846e-05	2734	1947	0.09157182817984083	4.7032269224366114e-05	4.888246076583846e-05	4.888246076583846e-05	60.0	0.021945866861741038
chr17	chr17	598	14950000	4.886167899745487e-05	2733	1945	0.07811432347963052	4.016160590212366e-05	4.886167899745487e-05	4.886167899745487e-05	60.0	0.021953896816684963
chr17	chr17	599	14975000	4.88409407651566e-05	2732	1944	0.07699175978480971	3.960481470412022e-05	4.88409407651566e-05	4.88409407651566e-05	58.0	0.0212298682284041
chr17	chr17	600	15000000	4.8820245905286e-05	2731	1941	0.10290703298192522	5.301753373617992e-05	4.8820245905286e-05	4.8820245905286e-05	74.0	0.027096301720981326
chr17	chr17	601	15025000	4.879959425507202e-05	2730	1936	0.09767924734411094	5.045415668600772e-05	4.879959425507202e-05	4.879959425507202e-05	75.0	0.027472527472527472
chr17	chr17	602	15050000	4.877898565262394e-05	2729	1934	0.0948424897593602	4.903955003069297e-05	4.877898565262394e-05	4.877898565262394e-05	66.0	0.024184683034078416
chr17	chr17	603	15075000	4.875841993692533e-05	2728	1935	0.11643812336542969	6.0174740757328005e-05	4.875841993692533e-05	4.875841993692533e-05	87.0	0.03189149560117302
chr17	chr17	604	15100000	4.8737896947827675e-05	2727	1933	0.0763408458663223	3.949345362975804e-05	4.8737896947827675e-05	4.8737896947827675e-05	49.0	0.01796846351301797
chr17	chr17	605	15125000	4.8717416526044465e-05	2726	1930	0.10847291501871249	5.6203582911249994e-05	4.8717416526044465e-05	4.8717416526044465e-05	74.0	0.02714600146735143
chr17	chr17	606	15150000	4.8696978513144985e-05	2725	1929	0.07613569318889434	3.946899595069691e-05	4.8696978513144985e-05	4.8696978513144985e-05	56.0	0.02055045871559633
chr17	chr17	607	15175000	4.867658275154833e-05	2724	1929	0.08294638503749208	4.2999681201395584e-05	4.867658275154833e-05	4.867658275154833e-05	58.0	0.021292217327459617
chr17	chr17	608	15200000	4.865622908451768e-05	2723	1931	0.09198918855807267	4.763810904094908e-05	4.865622908451768e-05	4.865622908451768e-05	65.0	0.02387073081160485
chr17	chr17	609	15225000	4.8633747595275345e-05	2722	1932	0.1108329369659835	5.736694459937034e-05	4.8633747595275345e-05	4.8633747595275345e-05	75.0	0.027553269654665688
chr17	chr17	610	15250000	4.8611313353152277e-05	2721	1929	0.09076819162346837	4.7054531686608796e-05	4.8611313353152277e-05	4.8611313353152277e-05	66.0	0.024255788313120176
chr17	chr17	611	15275000	4.8588926181643365e-05	2720	1927	0.10417699485045652	5.406175134948444e-05	4.8588926181643365e-05	4.8588926181643365e-05	73.0	0.026838235294117645
chr17	chr17	612	15300000	4.85665859051904e-05	2719	1925	0.10049424729534184	5.220480378978797e-05	4.85665859051904e-05	4.85665859051904e-05	74.0	0.02721588819418904
chr17	chr17	613	15325000	4.854429234917552e-05	2718	1925	0.08234323105213645	4.2775704442668284e-05	4.854429234917552e-05	4.854429234917552e-05	57.0	0.02097130242825607
chr17	chr17	614	15350000	4.852204533991446e-05	2717	1925	0.08442011481623977	4.3854605099345336e-05	4.852204533991446e-05	4.852204533991446e-05	63.0	0.02318733897681266
chr17	chr17	615	15375000	4.849984470465017e-05	2716	1924	0.09287537767855114	4.827202582045278e-05	4.849984470465017e-05	4.849984470465017e-05	73.0	0.02687776141384389
chr17	chr17	616	15400000	4.8477690271546475e-05	2715	1927	0.09677337793620411	5.021970832184956e-05	4.8477690271546475e-05	4.8477690271546475e-05	72.0	0.026519337016574586
chr17	chr17	617	15425000	4.8455581869681374e-05	2714	1929	0.09629999796631493	4.9922238448063724e-05	4.8455581869681374e-05	4.8455581869681374e-05	69.0	0.025423728813559324
chr17	chr17	618	15450000	4.8433519329041036e-05	2713	1928	0.0822320896206062	4.2651498765874585e-05	4.8433519329041036e-05	4.8433519329041036e-05	60.0	0.022115739034279394
chr17	chr17	619	15475000	4.8411502480513356e-05	2712	1929	0.09394269894222614	4.870020681297363e-05	4.8411502480513356e-05	4.8411502480513356e-05	63.0	0.023230088495575223
chr17	chr17	620	15500000	4.8389531155881695e-05	2711	1930	0.0671932988465746	3.481518074952052e-05	4.8389531155881695e-05	4.8389531155881695e-05	53.0	0.019549981556621174
chr17	chr17	621	15525000	4.8367605187818736e-05	2710	1928	0.10079569980243701	5.2279927283421684e-05	4.8367605187818736e-05	4.8367605187818736e-05	72.0	0.026568265682656828
chr17	chr17	622	15550000	4.8345724409880415e-05	2709	1929	0.08447325565960014	4.3791215997719095e-05	4.8345724409880415e-05	4.8345724409880415e-05	61.0	0.022517534145441123
chr17	chr17	623	15575000	4.832388865649975e-05	2708	1930	0.08389362603124385	4.3468200016188526e-05	4.832388865649975e-05	4.832388865649975e-05	58.0	0.02141802067946824
chr17	chr17	624	15600000	4.829951085024055e-05	2707	1931	0.09723532705751992	5.035490784957013e-05	4.829951085024055e-05	4.829951085024055e-05	68.0	0.025120059106021424
chr17	chr17	625	15625000	4.827518434799571e-05	2706	1930	0.11031983392560726	5.716053571274988e-05	4.827518434799571e-05	4.827518434799571e-05	81.0	0.02993348115299335
chr17	chr17	626	15650000	4.825090895996632e-05	2705	1930	0.0836028088514722	4.33175175396229e-05	4.825090895996632e-05	4.825090895996632e-05	60.0	0.022181146025878003
chr17	chr17	627	15675000	4.822668449735735e-05	2704	1931	0.1174217543842435	6.0808780105770845e-05	4.822668449735735e-05	4.822668449735735e-05	83.0	0.03069526627218935
chr17	chr17	628	15700000	4.82025107723709e-05	2703	1931	0.09233360598274662	4.781647124948038e-05	4.82025107723709e-05	4.82025107723709e-05	63.0	0.023307436182019976
chr17	chr17	629	15725000	4.8178387598199066e-05	2702	1930	0.08445100326104191	4.375699650831187e-05	4.8178387598199066e-05	4.8178387598199066e-05	63.0	0.023316062176165803
chr17	chr17	630	15750000	4.815431478901753e-05	2701	1930	0.08173126931360117	4.234780793450838e-05	4.815431478901753e-05	4.815431478901753e-05	57.0	0.021103295075897817
chr17	chr17	631	15775000	4.8130292159978476e-05	2700	1930	0.10996718074597321	5.697781385801721e-05	4.8130292159978476e-05	4.8130292159978476e-05	79.0	0.02925925925925926
chr17	chr17	632	15800000	4.810631952720412e-05	2699	1930	0.10100167833348225	5.2332475820457125e-05	4.810631952720412e-05	4.810631952720412e-05	72.0	0.02667654686921082
chr17	chr17	633	15825000	4.8082396707780095e-05	2698	1929	0.10376376567385746	5.379148039080221e-05	4.8082396707780095e-05	4.8082396707780095e-05	72.0	0.026686434395848776
chr17	chr17	634	15850000	4.805852351974882e-05	2697	1928	0.0975731424082598	5.060847635283185e-05	4.805852351974882e-05	4.805852351974882e-05	70.0	0.025954764553207266
chr17	chr17	635	15875000	4.803469978210298e-05	2696	1927	0.09405524203861029	4.8809155183503004e-05	4.803469978210298e-05	4.803469978210298e-05	71.0	0.026335311572700297
chr17	chr17	636	15900000	4.8010925314779154e-05	2695	1926	0.09853903396253658	5.116253061398576e-05	4.8010925314779154e-05	4.8010925314779154e-05	73.0	0.027087198515769944
chr17	chr17	637	15925000	4.798719993865142e-05	2694	1924	0.10989075094149434	5.71157749176166e-05	4.798719993865142e-05	4.798719993865142e-05	75.0	0.02783964365256125
chr17	chr17	638	15950000	4.7963523475524905e-05	2693	1921	0.09176202819177048	4.776784393116631e-05	4.7963523475524905e-05	4.7963523475524905e-05	63.0	0.023393984404010398
chr17	chr17	639	15975000	4.793708250428906e-05	2692	1919	0.10098484134615295	5.2623679700965576e-05	4.793708250428906e-05	4.793708250428906e-05	73.0	0.02711738484398217
chr17	chr17	640	16000000	4.7910697421401954e-05	2691	1916	0.08338642620340098	4.35210992710861e-05	4.7910697421401954e-05	4.7910697421401954e-05	62.0	0.023039762170196952
chr17	chr17	641	16025000	4.78843680216832e-05	2690	1911	0.10362029219052271	5.422307283648494e-05	4.78843680216832e-05	4.78843680216832e-05	73.0	0.027137546468401486
chr17	chr17	642	16050000	4.785809410102425e-05	2689	1909	0.08475533830194946	4.4397767575667606e-05	4.785809410102425e-05	4.785809410102425e-05	60.0	0.022313127556712532
chr17	chr17	643	16075000	4.7831875456381105e-05	2688	1907	0.08964490208220448	4.700833879507314e-05	4.7831875456381105e-05	4.7831875456381105e-05	64.0	0.023809523809523808
chr17	chr17	644	16100000	4.780571188576719e-05	2687	1905	0.08689129709570048	4.561222944656193e-05	4.780571188576719e-05	4.780571188576719e-05	63.0	0.023446222553033122
chr17	chr17	645	16125000	4.7779603188246216e-05	2686	1904	0.07497090442308497	3.9375475012124464e-05	4.7779603188246216e-05	4.7779603188246216e-05	55.0	0.020476545048399106
chr17	chr17	646	16150000	4.775354916392511e-05	2685	1904	0.08880655384708239	4.6642097608761756e-05	4.775354916392511e-05	4.775354916392511e-05	61.0	0.02271880819366853
chr17	chr17	647	16175000	4.772754961394675e-05	2684	1905	0.10102068465432214	5.302923078967041e-05	4.772754961394675e-05	4.772754961394675e-05	71.0	0.02645305514157973
chr17	chr17	648	16200000	4.770160434048351e-05	2683	1906	0.10328084523006331	5.418722205144979e-05	4.770160434048351e-05	4.770160434048351e-05	72.0	0.026835631755497576
chr17	chr17	649	16225000	4.767571314672979e-05	2682	1904	0.11206994652849747	5.886026603387472e-05	4.767571314672979e-05	4.767571314672979e-05	76.0	0.028337061894108874
chr17	chr17	650	16250000	4.764987583689564e-05	2681	1904	0.08348033422331938	4.384471335258371e-05	4.764987583689564e-05	4.764987583689564e-05	56.0	0.020887728459530026
chr17	chr17	651	16275000	4.76240922161996e-05	2680	1904	0.09208438185192379	4.836364593063224e-05	4.76240922161996e-05	4.76240922161996e-05	67.0	0.025
chr17	chr17	652	16300000	4.7598362090862225e-05	2679	1904	0.09635942291398022	5.060894060608205e-05	4.7598362090862225e-05	4.7598362090862225e-05	66.0	0.02463605823068309
chr17	chr17	653	16325000	4.7572685268099296e-05	2678	1900	0.09640068411959364	5.073720216820718e-05	4.7572685268099296e-05	4.7572685268099296e-05	69.0	0.025765496639283045
chr17	chr17	654	16350000	4.7544037174041966e-05	2677	1900	0.09150985475122533	4.816308144801333e-05	4.7544037174041966e-05	4.7544037174041966e-05	73.0	0.02726933134105342
chr17	chr17	655	16375000	4.7515450063225805e-05	2676	1897	0.11544205327174141	6.085506234672715e-05	4.7515450063225805e-05	4.7515450063225805e-05	74.0	0.02765321375186846
chr17	chr17	656	16400000	4.7486923713028334e-05	2675	1894	0.09786393316530108	5.16705032551748e-05	4.7486923713028334e-05	4.7486923713028334e-05	73.0	0.027289719626168225
chr17	chr17	657	16425000	4.745845790197763e-05	2674	1893	0.10101200445035936	5.336080530922312e-05	4.745845790197763e-05	4.745845790197763e-05	70.0	0.02617801047120419
chr17	chr17	658	16450000	4.7430052409744504e-05	2673	1890	0.08636894071203279	4.569785222858878e-05	4.7430052409744504e-05	4.7430052409744504e-05	60.0	0.02244668911335578
chr17	chr17	659	16475000	4.740170701713484e-05	2672	1887	0.0958388153611451	5.078898535301807e-05	4.740170701713484e-05	4.740170701713484e-05	68.0	0.025449101796407185
chr17	chr17	660	16500000	4.737342150608229e-05	2671	1885	0.10512601504904066	5.5769769256785496e-05	4.737342150608229e-05	4.737342150608229e-05	76.0	0.02845376263571696
chr17	chr17	661	16525000	4.7345195659640455e-05	2670	1883	0.10252663541535227	5.444855837246536e-05	4.7345195659640455e-05	4.7345195659640455e-05	72.0	0.02696629213483146
chr17	chr17	662	16550000	4.731702926197556e-05	2669	1881	0.09564015969253019	5.084537995349824e-05	4.731702926197556e-05	4.731702926197556e-05	69.0	0.0258523791682278
chr17	chr17	663	16575000	4.72889220983593e-05	2668	1878	0.0936310413568785	4.985678453507907e-05	4.72889220983593e-05	4.72889220983593e-05	70.0	0.02623688155922039
chr17	chr17	664	16600000	4.726087395516119e-05	2667	1876	0.10026875048107928	5.3448161237249084e-05	4.726087395516119e-05	4.726087395516119e-05	76.0	0.028496437945256844
chr17	chr17	665	16625000	4.723288461984146e-05	2666	1877	0.09743303190350822	5.19089141734194e-05	4.723288461984146e-05	4.723288461984146e-05	67.0	0.025131282820705175
chr17	chr17	666	16650000	4.7204953880943814e-05	2665	1876	0.10702107565718162	5.7047481693593614e-05	4.7204953880943814e-05	4.7204953880943814e-05	76.0	0.02851782363977486
chr17	chr17	667	16675000	4.717708152808847e-05	2664	1877	0.07798170575732978	4.15459274146669e-05	4.717708152808847e-05	4.717708152808847e-05	57.0	0.021396396396396396
chr17	chr17	668	16700000	4.7149267351964764e-05	2663	1878	0.09469104212643034	5.0421215189792516e-05	4.7149267351964764e-05	4.7149267351964764e-05	71.0	0.026661659782200527
chr17	chr17	669	16725000	4.712151114432438e-05	2662	1878	0.10600530737426239	5.6445850572024705e-05	4.712151114432438e-05	4.712151114432438e-05	74.0	0.02779864763335838
chr17	chr17	670	16750000	4.709068549811231e-05	2661	1877	0.11849864882920477	6.313193864102545e-05	4.709068549811231e-05	4.709068549811231e-05	84.0	0.03156708004509583
chr17	chr17	671	16775000	4.7059925946274236e-05	2660	1875	0.11360872868761301	6.0591321966726944e-05	4.7059925946274236e-05	4.7059925946274236e-05	83.0	0.031203007518796993
chr17	chr17	672	16800000	4.7029232248909876e-05	2659	1874	0.10825921169749068	5.776905640207614e-05	4.7029232248909876e-05	4.7029232248909876e-05	82.0	0.030838661150808574
chr17	chr17	673	16825000	4.699860416734505e-05	2658	1875	0.11271496870363819	6.01146499752737e-05	4.699860416734505e-05	4.699860416734505e-05	79.0	0.029721595184349133
chr17	chr17	674	16850000	4.696804146412357e-05	2657	1875	0.09298531563596149	4.9592168339179465e-05	4.696804146412357e-05	4.696804146412357e-05	67.0	0.02521640948438088
chr17	chr17	675	16875000	4.6937543902999314e-05	2656	1874	0.09252461653726202	4.937279431017184e-05	4.6937543902999314e-05	4.6937543902999314e-05	67.0	0.025225903614457833
chr17	chr17	676	16900000	4.690711124892805e-05	2655	1871	0.09592858331502986	5.1271289853035736e-05	4.690711124892805e-05	4.690711124892805e-05	68.0	0.025612052730696798
chr17	chr17	677	16925000	4.6876743268059794e-05	2654	1871	0.08606112346441223	4.599739362074411e-05	4.6876743268059794e-05	4.6876743268059794e-05	66.0	0.024868123587038434
chr17	chr17	678	16950000	4.684643972773095e-05	2653	1868	0.10568486657657826	5.657648103671213e-05	4.684643972773095e-05	4.684643972773095e-05	74.0	0.02789295137580098
chr17	chr17	679	16975000	4.6816200396456326e-05	2652	1867	0.12139222489659905	6.501993834847297e-05	4.6816200396456326e-05	4.6816200396456326e-05	83.0	0.03129713423831071
chr17	chr17	680	17000000	4.678602504392187e-05	2651	1861	0.10270542420015837	5.518829887165952e-05	4.678602504392187e-05	4.678602504392187e-05	74.0	0.02791399471897397
chr17	chr17	681	17025000	4.6755913440976526e-05	2650	1861	0.10657081488323696	5.726534921184146e-05	4.6755913440976526e-05	4.6755913440976526e-05	71.0	0.02679245283018868
chr17	chr17	682	17050000	4.6725865359625e-05	2649	1863	0.10966821635825827	5.8866460739805834e-05	4.6725865359625e-05	4.6725865359625e-05	77.0	0.029067572668931674
chr17	chr17	683	17075000	4.669588057302029e-05	2648	1862	0.09044181953522422	4.8572405765426544e-05	4.669588057302029e-05	4.669588057302029e-05	67.0	0.02530211480362538
chr17	chr17	684	17100000	4.666595885545599e-05	2647	1861	0.10257686481771675	5.5119218064329254e-05	4.666595885545599e-05	4.666595885545599e-05	72.0	0.02720060445787684
chr17	chr17	685	17125000	4.663609998235896e-05	2646	1862	0.10941911572197693	5.8764294157882346e-05	4.663609998235896e-05	4.663609998235896e-05	77.0	0.0291005291005291
chr17	chr17	686	17150000	4.660327247019114e-05	2645	1864	0.10816290511772324	5.8027309612512466e-05	4.660327247019114e-05	4.660327247019114e-05	78.0	0.02948960302457467
chr17	chr17	687	17175000	4.657051583378594e-05	2644	1864	0.09957024131141631	5.3417511433163255e-05	4.657051583378594e-05	4.657051583378594e-05	73.0	0.02760968229954614
chr17	chr17	688	17200000	4.653782981728672e-05	2643	1867	0.11230588424946646	6.0153124932761895e-05	4.653782981728672e-05	4.653782981728672e-05	78.0	0.029511918274687854
chr17	chr17	689	17225000	4.650521416613053e-05	2642	1867	0.0981524533777475	5.2572283544588915e-05	4.650521416613053e-05	4.650521416613053e-05	69.0	0.026116578349735048
chr17	chr17	690	17250000	4.64726686270399e-05	2641	1867	0.10605479872250383	5.68049270072329e-05	4.64726686270399e-05	4.64726686270399e-05	71.0	0.02688375615297236
chr17	chr17	691	17275000	4.644019294801428e-05	2640	1868	0.09991816627556517	5.348938237449956e-05	4.644019294801428e-05	4.644019294801428e-05	71.0	0.026893939393939394
chr17	chr17	692	17300000	4.640778687832187e-05	2639	1868	0.11111528693432217	5.9483558316018295e-05	4.640778687832187e-05	4.640778687832187e-05	78.0	0.029556650246305417
chr17	chr17	693	17325000	4.6375450168491455e-05	2638	1868	0.11095957209347379	5.9400199193508456e-05	4.6375450168491455e-05	4.6375450168491455e-05	80.0	0.030326004548900682
chr17	chr17	694	17350000	4.6343182570304164e-05	2637	1867	0.09991820571005351	5.351805340656321e-05	4.6343182570304164e-05	4.6343182570304164e-05	71.0	0.026924535456958665
chr17	chr17	695	17375000	4.631098383678543e-05	2636	1865	0.10477991580773034	5.618226048671868e-05	4.631098383678543e-05	4.631098383678543e-05	72.0	0.027314112291350532
chr17	chr17	696	17400000	4.6278853722197014e-05	2635	1863	0.09526447852622001	5.1134985789704785e-05	4.6278853722197014e-05	4.6278853722197014e-05	72.0	0.02732447817836812
chr17	chr17	697	17425000	4.6246791982029014e-05	2634	1862	0.09604088339124692	5.157942179981037e-05	4.6246791982029014e-05	4.6246791982029014e-05	66.0	0.025056947608200455
chr17	chr17	698	17450000	4.62147983729919e-05	2633	1861	0.09458129853891818	5.082283639920375e-05	4.62147983729919e-05	4.62147983729919e-05	70.0	0.026585643752373718
chr17	chr17	699	17475000	4.6182872653008834e-05	2632	1860	0.1056423999075523	5.679698919760876e-05	4.6182872653008834e-05	4.6182872653008834e-05	72.0	0.02735562310030395
chr17	chr17	700	17500000	4.61510145812078e-05	2631	1859	0.105286810632526	5.6636261771127484e-05	4.61510145812078e-05	4.61510145812078e-05	75.0	0.028506271379703536
chr17	chr17	701	17525000	4.611922391791392e-05	2630	1858	0.11280546330020837	6.071338175468696e-05	4.611922391791392e-05	4.611922391791392e-05	77.0	0.029277566539923954
chr17	chr17	702	17550000	4.6084565566157046e-05	2629	1859	0.1066323942970812	5.736008300004368e-05	4.6084565566157046e-05	4.6084565566157046e-05	77.0	0.029288702928870293
chr17	chr17	703	17575000	4.604998254013842e-05	2628	1859	0.09832885922205654	5.289341539648012e-05	4.604998254013842e-05	4.604998254013842e-05	73.0	0.027777777777777776
chr17	chr17	704	17600000	4.6015474569346534e-05	2627	1859	0.1126385246708569	6.059092236194562e-05	4.6015474569346534e-05	4.6015474569346534e-05	81.0	0.030833650551960412
chr17	chr17	705	17625000	4.598104138462378e-05	2626	1856	0.10071385233938508	5.426392906216869e-05	4.598104138462378e-05	4.598104138462378e-05	73.0	0.027798933739527798
chr17	chr17	706	17650000	4.5946682718157775e-05	2625	1855	0.09921497486998028	5.348516165497589e-05	4.5946682718157775e-05	4.5946682718157775e-05	73.0	0.02780952380952381
chr17	chr17	707	17675000	4.5912398303472815e-05	2624	1851	0.09409421918065843	5.083426211812989e-05	4.5912398303472815e-05	4.5912398303472815e-05	65.0	0.024771341463414635
chr17	chr17	708	17700000	4.58781878754212e-05	2623	1848	0.09057404864339742	4.9011931084089517e-05	4.58781878754212e-05	4.58781878754212e-05	64.0	0.024399542508577964
chr17	chr17	709	17725000	4.584405117017482e-05	2622	1846	0.09242795455854216	5.006931449541829e-05	4.584405117017482e-05	4.584405117017482e-05	70.0	0.02669717772692601
chr17	chr17	710	17750000	4.580998792521683e-05	2621	1848	0.09557048257526093	5.171562909916717e-05	4.580998792521683e-05	4.580998792521683e-05	67.0	0.025562762304463946
chr17	chr17	711	17775000	4.577599787933301e-05	2620	1847	0.11162031706310782	6.043330647704809e-05	4.577599787933301e-05	4.577599787933301e-05	77.0	0.029389312977099236
chr17	chr17	712	17800000	4.574208077260389e-05	2619	1843	0.11747556875965245	6.37414914593882e-05	4.574208077260389e-05	4.574208077260389e-05	82.0	0.031309660175639555
chr17	chr17	713	17825000	4.5708236346396166e-05	2618	1841	0.103482541197779	5.6209962627799565e-05	4.5708236346396166e-05	4.5708236346396166e-05	73.0	0.027883880825057297
chr17	chr17	714	17850000	4.5674464343354684e-05	2617	1839	0.08738123418273998	4.751562489545404e-05	4.5674464343354684e-05	4.5674464343354684e-05	63.0	0.02407336645013374
chr17	chr17	715	17875000	4.564076450739447e-05	2616	1838	0.0996597182699361	5.422182713271822e-05	4.564076450739447e-05	4.564076450739447e-05	71.0	0.027140672782874617
chr17	chr17	716	17900000	4.560713658369237e-05	2615	1834	0.0990610752053304	5.401367241293915e-05	4.560713658369237e-05	4.560713658369237e-05	66.0	0.025239005736137667
chr17	chr17	717	17925000	4.557358031867951e-05	2614	1829	0.10586336978059938	5.7880464614871175e-05	4.557358031867951e-05	4.557358031867951e-05	72.0	0.02754399387911247
chr17	chr17	718	17950000	4.5540095460032905e-05	2613	1825	0.10021809636958927	5.491402540799412e-05	4.5540095460032905e-05	4.5540095460032905e-05	76.0	0.02908534251817834
chr17	chr17	719	17975000	4.55039384942143e-05	2612	1822	0.09374046040326386	5.144920988104493e-05	4.55039384942143e-05	4.55039384942143e-05	64.0	0.02450229709035222
chr17	chr17	720	18000000	4.5467860428654165e-05	2611	1819	0.09547372067157019	5.248692725210016e-05	4.5467860428654165e-05	4.5467860428654165e-05	71.0	0.02719264649559556
chr17	chr17	721	18025000	4.543186098195403e-05	2610	1817	0.11443168464327698	6.297836248942046e-05	4.543186098195403e-05	4.543186098195403e-05	86.0	0.03295019157088123
chr17	chr17	722	18050000	4.5395939874107634e-05	2609	1815	0.10649614452241225	5.867556172033733e-05	4.5395939874107634e-05	4.5395939874107634e-05	77.0	0.02951322345726332
chr17	chr17	723	18075000	4.536009682649194e-05	2608	1813	0.10287026844219699	5.67403576625466e-05	4.536009682649194e-05	4.536009682649194e-05	73.0	0.02799079754601227
chr17	chr17	724	18100000	4.532433156185842e-05	2607	1814	0.11775962387816774	6.49171024686702e-05	4.532433156185842e-05	4.532433156185842e-05	85.0	0.032604526275412354
chr17	chr17	725	18125000	4.528864380432451e-05	2606	1813	0.08561734632570665	4.7224129247494015e-05	4.528864380432451e-05	4.528864380432451e-05	60.0	0.023023791250959325
chr17	chr17	726	18150000	4.5253033279364895e-05	2605	1813	0.08960499477025614	4.9423604396169964e-05	4.5253033279364895e-05	4.5253033279364895e-05	66.0	0.025335892514395393
chr17	chr17	727	18175000	4.5217499713802955e-05	2604	1813	0.08547932391169182	4.714799995129168e-05	4.5217499713802955e-05	4.5217499713802955e-05	65.0	0.024961597542242704
chr17	chr17	728	18200000	4.518204283580233e-05	2603	1814	0.09778020817252468	5.390309160558141e-05	4.518204283580233e-05	4.518204283580233e-05	69.0	0.02650787552823665
chr17	chr17	729	18225000	4.514666237485859e-05	2602	1812	0.07869436662546946	4.342956215533635e-05	4.514666237485859e-05	4.514666237485859e-05	57.0	0.021906225980015372
chr17	chr17	730	18250000	4.511135806179079e-05	2601	1813	0.09889383187670399	5.4547066672202974e-05	4.511135806179079e-05	4.511135806179079e-05	70.0	0.02691272587466359
chr17	chr17	731	18275000	4.507612962873328e-05	2600	1818	0.11241535315461398	6.183462769780747e-05	4.507612962873328e-05	4.507612962873328e-05	78.0	0.03
chr17	chr17	732	18300000	4.504097680912735e-05	2599	1817	0.09238323005720737	5.084382501772558e-05	4.504097680912735e-05	4.504097680912735e-05	69.0	0.02654867256637168
chr17	chr17	733	18325000	4.500589933771318e-05	2598	1821	0.10711123100150559	5.882000604146381e-05	4.500589933771318e-05	4.500589933771318e-05	76.0	0.029253271747498075
chr17	chr17	734	18350000	4.497089695052181e-05	2597	1825	0.10721915902687436	5.8750224124314714e-05	4.497089695052181e-05	4.497089695052181e-05	75.0	0.02887947631882942
chr17	chr17	735	18375000	4.493596938486698e-05	2596	1825	0.09281387156013989	5.085691592336432e-05	4.493596938486698e-05	4.493596938486698e-05	67.0	0.02580893682588598
chr17	chr17	736	18400000	4.489865159633458e-05	2595	1824	0.10860787900949734	5.9543793316610384e-05	4.489865159633458e-05	4.489865159633458e-05	77.0	0.029672447013487476
chr17	chr17	737	18425000	4.486141540498409e-05	2594	1826	0.08313196748051035	4.552681680203196e-05	4.486141540498409e-05	4.486141540498409e-05	61.0	0.023515805705474173
chr17	chr17	738	18450000	4.482426052204642e-05	2593	1826	0.08971223267475252	4.9130466963172244e-05	4.482426052204642e-05	4.482426052204642e-05	64.0	0.024681835711531045
chr17	chr17	739	18475000	4.4787186660164223e-05	2592	1825	0.09210230236610321	5.046701499512505e-05	4.4787186660164223e-05	4.4787186660164223e-05	69.0	0.02662037037037037
chr17	chr17	740	18500000	4.4750193533382635e-05	2591	1826	0.08522998069968851	4.667578351571112e-05	4.4750193533382635e-05	4.4750193533382635e-05	64.0	0.024700887688151294
chr17	chr17	741	18525000	4.4713280857140615e-05	2590	1825	0.11255823104442034	6.167574303803854e-05	4.4713280857140615e-05	4.4713280857140615e-05	79.0	0.0305019305019305
chr17	chr17	742	18550000	4.467644834826244e-05	2589	1826	0.10377948612348865	5.683432974999379e-05	4.467644834826244e-05	4.467644834826244e-05	74.0	0.02858246427191966
chr17	chr17	743	18575000	4.463969572494899e-05	2588	1826	0.10415565027763464	5.704033421557209e-05	4.463969572494899e-05	4.463969572494899e-05	71.0	0.02743431221020093
chr17	chr17	744	18600000	4.460302270676927e-05	2587	1825	0.11037478397620093	6.047933368558955e-05	4.460302270676927e-05	4.460302270676927e-05	78.0	0.03015075376884422
chr17	chr17	745	18625000	4.456642901465179e-05	2586	1825	0.08040985571727242	4.406019491357393e-05	4.456642901465179e-05	4.456642901465179e-05	60.0	0.02320185614849188
chr17	chr17	746	18650000	4.452991437087648e-05	2585	1825	0.08906937471264471	4.880513682884642e-05	4.452991437087648e-05	4.452991437087648e-05	64.0	0.024758220502901353
chr17	chr17	747	18675000	4.449347849906589e-05	2584	1825	0.0914219234961595	5.009420465542986e-05	4.449347849906589e-05	4.449347849906589e-05	70.0	0.027089783281733747
chr17	chr17	748	18700000	4.445712112417734e-05	2583	1827	0.07415374565177396	4.058770971635137e-05	4.445712112417734e-05	4.445712112417734e-05	56.0	0.02168021680216802
chr17	chr17	749	18725000	4.4420841972494524e-05	2582	1825	0.08410494018628925	4.6084898732213285e-05	4.4420841972494524e-05	4.4420841972494524e-05	59.0	0.022850503485670023
chr17	chr17	750	18750000	4.438464077161924e-05	2581	1826	0.09008967594691634	4.9337171931498544e-05	4.438464077161924e-05	4.438464077161924e-05	66.0	0.02557148392096087
chr17	chr17	751	18775000	4.43485172504635e-05	2580	1825	0.08819736342242135	4.832732242324458e-05	4.43485172504635e-05	4.43485172504635e-05	69.0	0.026744186046511628
chr17	chr17	752	18800000	4.431247113924134e-05	2579	1823	0.093470652192598	5.127298529489742e-05	4.431247113924134e-05	4.431247113924134e-05	71.0	0.02753005040713455
chr17	chr17	753	18825000	4.427650216946106e-05	2578	1823	0.0991654990735136	5.439687277757191e-05	4.427650216946106e-05	4.427650216946106e-05	75.0	0.02909231962761831
chr17	chr17	754	18850000	4.423849721594645e-05	2577	1822	0.09082979789814077	4.985170027340328e-05	4.423849721594645e-05	4.423849721594645e-05	66.0	0.025611175785797437
chr17	chr17	755	18875000	4.4200575190417184e-05	2576	1822	0.1147933087075493	6.300401136528501e-05	4.4200575190417184e-05	4.4200575190417184e-05	82.0	0.03183229813664596
chr17	chr17	756	18900000	4.416273580244248e-05	2575	1820	0.0927637932421425	5.096911716601236e-05	4.416273580244248e-05	4.416273580244248e-05	71.0	0.027572815533980582
chr17	chr17	757	18925000	4.4124978762991146e-05	2574	1821	0.10155197089270201	5.576714491636574e-05	4.4124978762991146e-05	4.4124978762991146e-05	76.0	0.029526029526029528
chr17	chr17	758	18950000	4.408730378442291e-05	2573	1824	0.09504015393597198	5.210534755261622e-05	4.408730378442291e-05	4.408730378442291e-05	68.0	0.026428293820443063
chr17	chr17	759	18975000	4.404971058047999e-05	2572	1825	0.09001616828919425	4.9323927829695475e-05	4.404971058047999e-05	4.404971058047999e-05	67.0	0.026049766718507
chr17	chr17	760	19000000	4.401219886627864e-05	2571	1824	0.08768610924473316	4.807352480522652e-05	4.401219886627864e-05	4.401219886627864e-05	61.0	0.023726176584986387
chr17	chr17	761	19025000	4.397476835830064e-05	2570	1824	0.08488400095944175	4.653728122776412e-05	4.397476835830064e-05	4.397476835830064e-05	59.0	0.022957198443579768
chr17	chr17	762	19050000	4.393741877438507e-05	2569	1825	0.07744220337391025	4.243408404049877e-05	4.393741877438507e-05	4.393741877438507e-05	56.0	0.021798365122615803
chr17	chr17	763	19075000	4.390014983372008e-05	2568	1823	0.08373779100873827	4.593405979634573e-05	4.390014983372008e-05	4.390014983372008e-05	60.0	0.02336448598130841
chr17	chr17	764	19100000	4.3862961256834494e-05	2567	1824	0.06257819995361044	3.430822365877765e-05	4.3862961256834494e-05	4.3862961256834494e-05	48.0	0.018698870276587457
chr17	chr17	765	19125000	4.382585276558993e-05	2566	1827	0.08631777422369827	4.724563449572976e-05	4.382585276558993e-05	4.382585276558993e-05	66.0	0.025720966484801246
chr17	chr17	766	19150000	4.378882408317248e-05	2565	1828	0.08718429165003555	4.769381381292973e-05	4.378882408317248e-05	4.378882408317248e-05	58.0	0.022612085769980507
chr17	chr17	767	19175000	4.37518749340848e-05	2564	1830	0.09058530517405575	4.95001667617791e-05	4.37518749340848e-05	4.37518749340848e-05	61.0	0.02379095163806552
chr17	chr17	768	19200000	4.3715005044138126e-05	2563	1831	0.11646461467455842	6.36071079598899e-05	4.3715005044138126e-05	4.3715005044138126e-05	79.0	0.030823253999219664
chr17	chr17	769	19225000	4.367821414044437e-05	2562	1833	0.10357958480770046	5.650822957321356e-05	4.367821414044437e-05	4.367821414044437e-05	71.0	0.02771272443403591
chr17	chr17	770	19250000	4.364150195140827e-05	2561	1835	0.09282597504668938	5.0586362423263966e-05	4.364150195140827e-05	4.364150195140827e-05	68.0	0.026552128074970715
chr17	chr17	771	19275000	4.360486820671946e-05	2560	1835	0.07683192594137489	4.187025936859667e-05	4.360486820671946e-05	4.360486820671946e-05	54.0	0.02109375
chr17	chr17	772	19300000	4.3566651204525765e-05	2559	1836	0.09751043658682455	5.3110259578880476e-05	4.3566651204525765e-05	4.3566651204525765e-05	73.0	0.028526768268855023
chr17	chr17	773	19325000	4.3528517104062465e-05	2558	1838	0.10434496808725208	5.677092931841789e-05	4.3528517104062465e-05	4.3528517104062465e-05	81.0	0.031665363565285376
chr17	chr17	774	19350000	4.349046561859777e-05	2557	1837	0.10277243982307471	5.594580284326332e-05	4.349046561859777e-05	4.349046561859777e-05	73.0	0.028549080954243255
chr17	chr17	775	19375000	4.345249646276051e-05	2556	1838	0.08690750606672705	4.728373561845868e-05	4.345249646276051e-05	4.345249646276051e-05	67.0	0.02621283255086072
chr17	chr17	776	19400000	4.341460935253183e-05	2555	1839	0.07780214266552529	4.230676599539167e-05	4.341460935253183e-05	4.341460935253183e-05	55.0	0.021526418786692758
chr17	chr17	777	19425000	4.3376804005236885e-05	2554	1840	0.09068538386599194	4.9285534709778225e-05	4.3376804005236885e-05	4.3376804005236885e-05	60.0	0.023492560689115115
chr17	chr17	778	19450000	4.3339080139537e-05	2553	1841	0.09391065138962984	5.101067430180871e-05	4.3339080139537e-05	4.3339080139537e-05	63.0	0.024676850763807285
chr17	chr17	779	19475000	4.3301437475421555e-05	2552	1842	0.09366979558498127	5.085222344461524e-05	4.3301437475421555e-05	4.3301437475421555e-05	68.0	0.02664576802507837
chr17	chr17	780	19500000	4.3263875734199976e-05	2551	1841	0.1132732794820074	6.152812573710343e-05	4.3263875734199976e-05	4.3263875734199976e-05	73.0	0.028616228929831438
chr17	chr17	781	19525000	4.322639463849385e-05	2550	1840	0.0844399928457257	4.589130045963354e-05	4.322639463849385e-05	4.322639463849385e-05	61.0	0.02392156862745098
chr17	chr17	782	19550000	4.318899391222919e-05	2549	1839	0.08700467456743213	4.7310861646238245e-05	4.318899391222919e-05	4.318899391222919e-05	64.0	0.025107885445272655
chr17	chr17	783	19575000	4.315167328062836e-05	2548	1836	0.07936982070969766	4.3229749841883256e-05	4.315167328062836e-05	4.315167328062836e-05	54.0	0.02119309262166405
chr17	chr17	784	19600000	4.311443247020273e-05	2547	1833	0.09325469264306187	5.087544606822797e-05	4.311443247020273e-05	4.311443247020273e-05	63.0	0.024734982332155476
chr17	chr17	785	19625000	4.307727120874463e-05	2546	1830	0.09047474307917133	4.943975031648707e-05	4.307727120874463e-05	4.307727120874463e-05	66.0	0.025923016496465043
chr17	chr17	786	19650000	4.3040189225319964e-05	2545	1828	0.07889666715735308	4.316010238367236e-05	4.3040189225319964e-05	4.3040189225319964e-05	53.0	0.02082514734774067
chr17	chr17	787	19675000	4.3003186250260625e-05	2544	1824	0.07049695150544137	3.8649644465702506e-05	4.3003186250260625e-05	4.3003186250260625e-05	52.0	0.020440251572327043
chr17	chr17	788	19700000	4.2966262015156765e-05	2543	1820	0.06446539064113958	3.542054430831845e-05	4.2966262015156765e-05	4.2966262015156765e-05	45.0	0.017695635076681086
chr17	chr17	789	19725000	4.292941625284963e-05	2542	1818	0.07350326530734536	4.043083900294024e-05	4.292941625284963e-05	4.292941625284963e-05	53.0	0.020849724626278522
chr17	chr17	790	19750000	4.2891416774668366e-05	2541	1814	0.08393657656590639	4.627154165705975e-05	4.2891416774668366e-05	4.2891416774668366e-05	62.0	0.024399842581660763
chr17	chr17	791	19775000	4.2853498938581115e-05	2540	1811	0.082461759064664	4.553382609865489e-05	4.2853498938581115e-05	4.2853498938581115e-05	61.0	0.024015748031496063
chr17	chr17	792	19800000	4.281566246629785e-05	2539	1811	0.07736104514947366	4.271730819959893e-05	4.281566246629785e-05	4.281566246629785e-05	57.0	0.022449783379283182
chr17	chr17	793	19825000	4.2777907080826935e-05	2538	1810	0.08350870618172204	4.6137406730233175e-05	4.2777907080826935e-05	4.2777907080826935e-05	61.0	0.024034672970843184
chr17	chr17	794	19850000	4.2740232506467435e-05	2537	1809	0.08953629304924134	4.949491047498139e-05	4.2740232506467435e-05	4.2740232506467435e-05	67.0	0.02640914465904612
chr17	chr17	795	19875000	4.2702638468801454e-05	2536	1808	0.08342870928707222	4.614419761453109e-05	4.2702638468801454e-05	4.2702638468801454e-05	59.0	0.02326498422712934
chr17	chr17	796	19900000	4.2665124694686724e-05	2535	1807	0.0838562945688826	4.6406361133858667e-05	4.2665124694686724e-05	4.2665124694686724e-05	60.0	0.023668639053254437
chr17	chr17	797	19925000	4.262769091224887e-05	2534	1804	0.06228921185819349	3.452838794800083e-05	4.262769091224887e-05	4.262769091224887e-05	45.0	0.017758484609313337
chr17	chr17	798	19950000	4.259033685087401e-05	2533	1802	0.09631838538379879	5.345082429733562e-05	4.259033685087401e-05	4.259033685087401e-05	66.0	0.026056060007895777
chr17	chr17	799	19975000	4.255306224120148e-05	2532	1801	0.09424789388522606	5.233086834271297e-05	4.255306224120148e-05	4.255306224120148e-05	66.0	0.026066350710900472
chr17	chr17	800	20000000	4.251586681511625e-05	2531	1800	0.08848209306680013	4.915671837044452e-05	4.251586681511625e-05	4.251586681511625e-05	59.0	0.023310944290794153
chr17	chr17	801	20025000	4.24787503057417e-05	2530	1799	0.0893943534672656	4.9691135890642356e-05	4.24787503057417e-05	4.24787503057417e-05	63.0	0.024901185770750987
chr17	chr17	802	20050000	4.244171244743255e-05	2529	1798	0.09090388792455947	5.0558335886851765e-05	4.244171244743255e-05	4.244171244743255e-05	65.0	0.025701858442071967
chr17	chr17	803	20075000	4.24047529757673e-05	2528	1797	0.10184877190251997	5.667711291180855e-05	4.24047529757673e-05	4.24047529757673e-05	70.0	0.027689873417721517
chr17	chr17	804	20100000	4.236787162754134e-05	2527	1796	0.0824230896725565	4.589258890454148e-05	4.236787162754134e-05	4.236787162754134e-05	59.0	0.02334784329244163
chr17	chr17	805	20125000	4.2331068140759764e-05	2526	1794	0.09256209977943451	5.15953733441664e-05	4.2331068140759764e-05	4.2331068140759764e-05	65.0	0.02573238321456849
chr17	chr17	806	20150000	4.229434225463038e-05	2525	1793	0.08275517403141788	4.61545867436798e-05	4.229434225463038e-05	4.229434225463038e-05	62.0	0.024554455445544555
chr17	chr17	807	20175000	4.2257693709556465e-05	2524	1792	0.06683372974909382	3.7295608118913964e-05	4.2257693709556465e-05	4.2257693709556465e-05	45.0	0.017828843106180665
chr17	chr17	808	20200000	4.222112224713024e-05	2523	1792	0.09227072302715236	5.149035883211627e-05	4.222112224713024e-05	4.222112224713024e-05	74.0	0.02933016250495442
chr17	chr17	809	20225000	4.218384557486333e-05	2522	1792	0.0776402856134602	4.332605223965413e-05	4.218384557486333e-05	4.218384557486333e-05	58.0	0.022997620935765267
chr17	chr17	810	20250000	4.214664780192827e-05	2521	1792	0.07321037891158876	4.0854006089056226e-05	4.214664780192827e-05	4.214664780192827e-05	50.0	0.019833399444664817
chr17	chr17	811	20275000	4.210952866423001e-05	2520	1793	0.0628736653206758	3.506618255475505e-05	4.210952866423001e-05	4.210952866423001e-05	45.0	0.017857142857142856
chr17	chr17	812	20300000	4.2072487898881764e-05	2519	1794	0.07948930413358203	4.430841924948831e-05	4.2072487898881764e-05	4.2072487898881764e-05	59.0	0.023421992854307266
chr17	chr17	813	20325000	4.203552524419793e-05	2518	1795	0.0839932393240783	4.679289098834446e-05	4.203552524419793e-05	4.203552524419793e-05	61.0	0.024225575853852262
chr17	chr17	814	20350000	4.1998640439687014e-05	2517	1799	0.07861606423351261	4.3699868945810234e-05	4.1998640439687014e-05	4.1998640439687014e-05	56.0	0.022248708780294002
chr17	chr17	815	20375000	4.1961833226044985e-05	2516	1801	0.08658784605599408	4.807764911493286e-05	4.1961833226044985e-05	4.1961833226044985e-05	59.0	0.02344992050874404
chr17	chr17	816	20400000	4.192510334514832e-05	2515	1803	0.09580945786144529	5.313891173679717e-05	4.192510334514832e-05	4.192510334514832e-05	69.0	0.02743538767395626
chr17	chr17	817	20425000	4.188845054004694e-05	2514	1803	0.07441017440948057	4.1270202112856666e-05	4.188845054004694e-05	4.188845054004694e-05	57.0	0.022673031026252982
chr17	chr17	818	20450000	4.18518745549579e-05	2513	1803	0.07201084157246503	3.993945733359125e-05	4.18518745549579e-05	4.18518745549579e-05	51.0	0.020294468762435337
chr17	chr17	819	20475000	4.1815375135258176e-05	2512	1804	0.0834338112042639	4.6249341022319233e-05	4.1815375135258176e-05	4.1815375135258176e-05	56.0	0.022292993630573247
chr17	chr17	820	20500000	4.177895202747847e-05	2511	1804	0.09284323469749102	5.146520770370899e-05	4.177895202747847e-05	4.177895202747847e-05	63.0	0.025089605734767026
chr17	chr17	821	20525000	4.174260497929621e-05	2510	1806	0.08737387245586185	4.837977433879394e-05	4.174260497929621e-05	4.174260497929621e-05	58.0	0.023107569721115537
chr17	chr17	822	20550000	4.1706333739529126e-05	2509	1807	0.0910918120177378	5.041052131584826e-05	4.1706333739529126e-05	4.1706333739529126e-05	64.0	0.025508170585890794
chr17	chr17	823	20575000	4.167013805812885e-05	2508	1807	0.07179144549578784	3.972963226108901e-05	4.167013805812885e-05	4.167013805812885e-05	50.0	0.019936204146730464
chr17	chr17	824	20600000	4.163401768617405e-05	2507	1807	0.0804749987145143	4.453514040648273e-05	4.163401768617405e-05	4.163401768617405e-05	62.0	0.02473075388911049
chr17	chr17	825	20625000	4.159797237586454e-05	2506	1806	0.06609025455077272	3.659482533265378e-05	4.159797237586454e-05	4.159797237586454e-05	48.0	0.019154030327214685
chr17	chr17	826	20650000	4.156200188051423e-05	2505	1804	0.09498630432462363	5.265316204247429e-05	4.156200188051423e-05	4.156200188051423e-05	64.0	0.02554890219560878
chr17	chr17	827	20675000	4.1526105954545324e-05	2504	1804	0.08423273966189235	4.6692206021004624e-05	4.1526105954545324e-05	4.1526105954545324e-05	64.0	0.025559105431309903
chr17	chr17	828	20700000	4.148996094501152e-05	2503	1805	0.0803024519326881	4.448889303750033e-05	4.148996094501152e-05	4.148996094501152e-05	57.0	0.022772672792648822
chr17	chr17	829	20725000	4.145389096682414e-05	2502	1805	0.08490752721941316	4.704018128499344e-05	4.145389096682414e-05	4.145389096682414e-05	62.0	0.02478017585931255
chr17	chr17	830	20750000	4.141789577400324e-05	2501	1805	0.07836199673402354	4.3413848606107225e-05	4.141789577400324e-05	4.141789577400324e-05	59.0	0.023590563774490203
chr17	chr17	831	20775000	4.1381975121670194e-05	2500	1804	0.06655951468918492	3.689551812039075e-05	4.1381975121670194e-05	4.1381975121670194e-05	50.0	0.02
chr17	chr17	832	20800000	4.134612876604184e-05	2499	1804	0.08999661795273294	4.988726050594952e-05	4.134612876604184e-05	4.134612876604184e-05	61.0	0.024409763905562223
chr17	chr17	833	20825000	4.1310356464423906e-05	2498	1802	0.09664926948591479	5.363444477575738e-05	4.1310356464423906e-05	4.1310356464423906e-05	70.0	0.02802241793434748
chr17	chr17	834	20850000	4.127465797520501e-05	2497	1801	0.0872679991171761	4.8455302119475904e-05	4.127465797520501e-05	4.127465797520501e-05	62.0	0.024829795754905886
chr17	chr17	835	20875000	4.1239033057850534e-05	2496	1799	0.06204977576132952	3.4491259455991955e-05	4.1239033057850534e-05	4.1239033057850534e-05	47.0	0.018830128205128204
chr17	chr17	836	20900000	4.1203481472896476e-05	2495	1796	0.07174619954286496	3.9947772573978264e-05	4.1203481472896476e-05	4.1203481472896476e-05	51.0	0.020440881763527055
chr17	chr17	837	20925000	4.1168002981943613e-05	2494	1795	0.08000734755283724	4.457233846954721e-05	4.1168002981943613e-05	4.1168002981943613e-05	58.0	0.023255813953488372
chr17	chr17	838	20950000	4.11325973476512e-05	2493	1796	0.09028890037123041	5.027221624233319e-05	4.11325973476512e-05	4.11325973476512e-05	65.0	0.026073004412354592
chr17	chr17	839	20975000	4.1097264333731244e-05	2492	1795	0.08258183353301451	4.600659249750112e-05	4.1097264333731244e-05	4.1097264333731244e-05	58.0	0.023274478330658106
chr17	chr17	840	21000000	4.1062003704942455e-05	2491	1795	0.06967605684095919	3.881674475819454e-05	4.1062003704942455e-05	4.1062003704942455e-05	49.0	0.019670814933761542
chr17	chr17	841	21025000	4.102681522708444e-05	2490	1796	0.09514944444272877	5.297853254049486e-05	4.102681522708444e-05	4.102681522708444e-05	70.0	0.028112449799196786
chr17	chr17	842	21050000	4.099169866699191e-05	2489	1796	0.07967662495263148	4.43633769224006e-05	4.099169866699191e-05	4.099169866699191e-05	59.0	0.023704298915227
chr17	chr17	843	21075000	4.09566537925288e-05	2488	1794	0.07056765627897629	3.9335371392963375e-05	4.09566537925288e-05	4.09566537925288e-05	53.0	0.02130225080385852
chr17	chr17	844	21100000	4.092168037258241e-05	2487	1795	0.07948968686920158	4.428394811654684e-05	4.092168037258241e-05	4.092168037258241e-05	57.0	0.022919179734620022
chr17	chr17	845	21125000	4.088677817705797e-05	2486	1794	0.07242019713803567	4.0368002864010966e-05	4.088677817705797e-05	4.088677817705797e-05	50.0	0.02011263073209976
chr17	chr17	846	21150000	4.085194697687281e-05	2485	1794	0.07278428400779116	4.057094983711882e-05	4.085194697687281e-05	4.085194697687281e-05	51.0	0.020523138832997986
chr17	chr17	847	21175000	4.0817186543950465e-05	2484	1795	0.08193930628878363	4.564863860099366e-05	4.0817186543950465e-05	4.0817186543950465e-05	61.0	0.02455716586151369
chr17	chr17	848	21200000	4.07826156566922e-05	2483	1797	0.07113428396835149	3.958502168522621e-05	4.07826156566922e-05	4.07826156566922e-05	51.0	0.02053966975432944
chr17	chr17	849	21225000	4.074811474170909e-05	2482	1796	0.07669364644721313	4.270247575011867e-05	4.074811474170909e-05	4.074811474170909e-05	60.0	0.024174053182917002
chr17	chr17	850	21250000	4.071368357520842e-05	2481	1795	0.10252480881451674	5.7116885133435513e-05	4.071368357520842e-05	4.071368357520842e-05	76.0	0.030632809351068116
chr17	chr17	851	21275000	4.0679321934375176e-05	2480	1796	0.09865826341162698	5.493221793520433e-05	4.0679321934375176e-05	4.0679321934375176e-05	69.0	0.027822580645161292
chr17	chr17	852	21300000	4.0645029597367066e-05	2479	1796	0.07373692547962687	4.105619458776552e-05	4.0645029597367066e-05	4.0645029597367066e-05	57.0	0.022993142396127472
chr17	chr17	853	21325000	4.061080634330871e-05	2478	1794	0.08678012539030766	4.8372422179658674e-05	4.061080634330871e-05	4.061080634330871e-05	64.0	0.0258272800645682
chr17	chr17	854	21350000	4.0576651952286766e-05	2477	1793	0.08099240602406337	4.517144786618146e-05	4.0576651952286766e-05	4.0576651952286766e-05	58.0	0.023415421881308032
chr17	chr17	855	21375000	4.054256620534427e-05	2476	1793	0.06936648590620101	3.8687387566202456e-05	4.054256620534427e-05	4.054256620534427e-05	51.0	0.02059773828756058
chr17	chr17	856	21400000	4.0508548884475366e-05	2475	1792	0.08801961490556552	4.911808867498076e-05	4.0508548884475366e-05	4.0508548884475366e-05	64.0	0.02585858585858586
chr17	chr17	857	21425000	4.047459977262035e-05	2474	1792	0.08403367483198293	4.689379175891905e-05	4.047459977262035e-05	4.047459977262035e-05	59.0	0.023848019401778497
chr17	chr17	858	21450000	4.0440718653660255e-05	2473	1793	0.0719621839569078	4.013507192242488e-05	4.0440718653660255e-05	4.0440718653660255e-05	49.0	0.01981399110392236
chr17	chr17	859	21475000	4.0406905312411644e-05	2472	1792	0.0970926561583148	5.4181169731202456e-05	4.0406905312411644e-05	4.0406905312411644e-05	64.0	0.025889967637540454
chr17	chr17	860	21500000	4.0373159534621605e-05	2471	1793	0.08592544212053733	4.792272287815802e-05	4.0373159534621605e-05	4.0373159534621605e-05	59.0	0.02387697288547147
chr17	chr17	861	21525000	4.0339481106962606e-05	2470	1793	0.08137309335524014	4.538376651156728e-05	4.0339481106962606e-05	4.0339481106962606e-05	61.0	0.024696356275303644
chr17	chr17	862	21550000	4.030586981702741e-05	2469	1793	0.05911545953942565	3.2970139174247435e-05	4.030586981702741e-05	4.030586981702741e-05	44.0	0.017820980153908466
chr17	chr17	863	21575000	4.027232545332405e-05	2468	1793	0.06857815809848235	3.824771784633706e-05	4.027232545332405e-05	4.027232545332405e-05	50.0	0.02025931928687196
chr17	chr17	864	21600000	4.023884780527088e-05	2467	1791	0.06411149763198316	3.579648108988451e-05	4.023884780527088e-05	4.023884780527088e-05	41.0	0.016619375760032428
chr17	chr17	865	21625000	4.020543666319146e-05	2466	1792	0.08016473519981811	4.473478526775564e-05	4.020543666319146e-05	4.020543666319146e-05	59.0	0.023925385239253853
chr17	chr17	866	21650000	4.017209181830982e-05	2465	1789	0.08941691158165961	4.998150451741733e-05	4.017209181830982e-05	4.017209181830982e-05	63.0	0.025557809330628803
chr17	chr17	867	21675000	4.013881306274545e-05	2464	1788	0.07682278507339459	4.296576346386722e-05	4.013881306274545e-05	4.013881306274545e-05	55.0	0.022321428571428572
chr17	chr17	868	21700000	4.010613566039721e-05	2463	1788	0.07856229812612103	4.393864548440774e-05	4.010613566039721e-05	4.010613566039721e-05	58.0	0.023548518067397484
chr17	chr17	869	21725000	4.0073522440234765e-05	2462	1788	0.06863911764978722	3.8388768260507395e-05	4.0073522440234765e-05	4.0073522440234765e-05	48.0	0.01949634443541836
chr17	chr17	870	21750000	4.0040973202556685e-05	2461	1786	0.07638484129935308	4.2768668140735204e-05	4.0040973202556685e-05	4.0040973202556685e-05	54.0	0.021942299878098336
chr17	chr17	871	21775000	4.000848774851166e-05	2460	1786	0.07472375010342962	4.183860588097963e-05	4.000848774851166e-05	4.000848774851166e-05	57.0	0.023170731707317073
chr17	chr17	872	21800000	3.997606588009356e-05	2459	1787	0.07735147244316139	4.328565889376686e-05	3.997606588009356e-05	3.997606588009356e-05	53.0	0.021553477023180154
chr17	chr17	873	21825000	3.99437074001372e-05	2458	1786	0.09179036591896193	5.139438181352852e-05	3.99437074001372e-05	3.99437074001372e-05	66.0	0.026851098454027666
chr17	chr17	874	21850000	3.991141211231373e-05	2457	1786	0.07008534086449833	3.9241512242160316e-05	3.991141211231373e-05	3.991141211231373e-05	52.0	0.021164021164021163
chr17	chr17	875	21875000	3.987917982112602e-05	2456	1787	0.06845828132862922	3.830905502441478e-05	3.987917982112602e-05	3.987917982112602e-05	48.0	0.019543973941368076
chr17	chr17	876	21900000	3.9847010331904216e-05	2455	1788	0.0630406263184352	3.525762098346488e-05	3.9847010331904216e-05	3.9847010331904216e-05	46.0	0.018737270875763747
chr17	chr17	877	21925000	3.9814903450801525e-05	2454	1786	0.055474013401574325	3.106047782842907e-05	3.9814903450801525e-05	3.9814903450801525e-05	41.0	0.016707416462917686
chr17	chr17	878	21950000	3.9782858984789405e-05	2453	1786	0.07325919723967933	4.1018587480223586e-05	3.9782858984789405e-05	3.9782858984789405e-05	52.0	0.02119853240929474
chr17	chr17	879	21975000	3.9750876741653585e-05	2452	1789	0.06491978940375188	3.628831157280709e-05	3.9750876741653585e-05	3.9750876741653585e-05	48.0	0.01957585644371941
chr17	chr17	880	22000000	3.971895652998946e-05	2451	1787	0.0826104195842063	4.622855041085971e-05	3.971895652998946e-05	3.971895652998946e-05	61.0	0.024887800897592818
chr17	chr17	881	22025000	3.9687098159197806e-05	2450	1787	0.08027943925062518	4.492414059911874e-05	3.9687098159197806e-05	3.9687098159197806e-05	60.0	0.024489795918367346
chr17	chr17	882	22050000	3.965530143948056e-05	2449	1788	0.0793299549235457	4.4367983738000955e-05	3.965530143948056e-05	3.965530143948056e-05	57.0	0.023274806043282973
chr17	chr17	883	22075000	3.962356618183648e-05	2448	1789	0.08314975815405141	4.64783444125497e-05	3.962356618183648e-05	3.962356618183648e-05	62.0	0.025326797385620915
chr17	chr17	884	22100000	3.9591892198056884e-05	2447	1789	0.06734247701554544	3.764252488292087e-05	3.9591892198056884e-05	3.9591892198056884e-05	51.0	0.020841847159787496
chr17	chr17	885	22125000	3.9560279300721495e-05	2446	1789	0.07185144109478671	4.016290726371532e-05	3.9560279300721495e-05	3.9560279300721495e-05	53.0	0.021668029435813575
chr17	chr17	886	22150000	3.952872730319425e-05	2445	1790	0.0736396951897507	4.11394945194138e-05	3.952872730319425e-05	3.952872730319425e-05	51.0	0.020858895705521473
chr17	chr17	887	22175000	3.949723601961913e-05	2444	1790	0.05527175422371947	3.0878074985318144e-05	3.949723601961913e-05	3.949723601961913e-05	39.0	0.015957446808510637
chr17	chr17	888	22200000	3.946580526491593e-05	2443	1790	0.07112198115786876	3.973295036752445e-05	3.946580526491593e-05	3.946580526491593e-05	51.0	0.020875972165370446
chr17	chr17	889	22225000	3.9435338534378804e-05	2442	1789	0.04642122874963964	2.5948143515729255e-05	3.9435338534378804e-05	3.9435338534378804e-05	35.0	0.014332514332514333
chr17	chr17	890	22250000	3.940492953537586e-05	2441	1790	0.08728010606527724	4.8759835790657676e-05	3.940492953537586e-05	3.940492953537586e-05	65.0	0.02662843097091356
chr17	chr17	891	22275000	3.937457809382864e-05	2440	1789	0.07547685955653798	4.2189412832050296e-05	3.937457809382864e-05	3.937457809382864e-05	53.0	0.021721311475409837
chr17	chr17	892	22300000	3.934428403637817e-05	2439	1791	0.07282486567693047	4.06615665421164e-05	3.934428403637817e-05	3.934428403637817e-05	52.0	0.02132021320213202
chr17	chr17	893	22325000	3.93140471903813e-05	2438	1792	0.05672606794695376	3.1655171845398305e-05	3.93140471903813e-05	3.93140471903813e-05	47.0	0.019278096800656275
chr17	chr17	894	22350000	3.928386738390673e-05	2437	1792	0.08273769090863463	4.6170586444550575e-05	3.928386738390673e-05	3.928386738390673e-05	62.0	0.0254411161263849
chr17	chr17	895	22375000	3.925374444573147e-05	2436	1792	0.05195232483055535	2.8991252695622403e-05	3.925374444573147e-05	3.925374444573147e-05	39.0	0.01600985221674877
chr17	chr17	896	22400000	3.9223678205337146e-05	2435	1793	0.05409640698779902	3.0170890679196332e-05	3.9223678205337146e-05	3.9223678205337146e-05	40.0	0.01642710472279261
chr17	chr17	897	22425000	3.919366849290605e-05	2434	1794	0.07106908916966759	3.9614876906169223e-05	3.919366849290605e-05	3.919366849290605e-05	51.0	0.0209531635168447
chr17	chr17	898	22450000	3.9163715139317865e-05	2433	1792	0.07123568210201399	3.975205474442745e-05	3.9163715139317865e-05	3.9163715139317865e-05	53.0	0.02178380600082203
chr17	chr17	899	22475000	3.913381797614572e-05	2432	1790	0.06068380331968406	3.3901566100382154e-05	3.913381797614572e-05	3.913381797614572e-05	42.0	0.017269736842105265
chr17	chr17	900	22500000	3.910397683565276e-05	2431	1790	0.055191591923762794	3.0833291577521114e-05	3.910397683565276e-05	3.910397683565276e-05	39.0	0.016042780748663103
chr17	chr17	901	22525000	3.9074191550788434e-05	2430	1788	0.05869956157837463	3.282973242638402e-05	3.9074191550788434e-05	3.9074191550788434e-05	44.0	0.01810699588477366
chr17	chr17	902	22550000	3.904446195518504e-05	2429	1788	0.052263026021586396	2.9229880325272034e-05	3.904446195518504e-05	3.904446195518504e-05	41.0	0.0168793742280774
chr17	chr17	903	22575000	3.901478788315413e-05	2428	1788	0.08329113140327168	4.658340682509602e-05	3.901478788315413e-05	3.901478788315413e-05	60.0	0.02471169686985173
chr17	chr17	904	22600000	3.898516916968296e-05	2427	1788	0.06427398569348428	3.594741929165787e-05	3.898516916968296e-05	3.898516916968296e-05	47.0	0.019365471775854966
chr17	chr17	905	22625000	3.8955605650431034e-05	2426	1787	0.07116330211356812	3.9822776784313446e-05	3.8955605650431034e-05	3.8955605650431034e-05	52.0	0.021434460016488046
chr17	chr17	906	22650000	3.8926097161726594e-05	2425	1787	0.07056471936234618	3.948781161854851e-05	3.8926097161726594e-05	3.8926097161726594e-05	51.0	0.021030927835051547
chr17	chr17	907	22675000	3.8896643540563214e-05	2424	1786	0.07590974186439636	4.250265501925888e-05	3.8896643540563214e-05	3.8896643540563214e-05	55.0	0.02268976897689769
chr17	chr17	908	22700000	3.8867244624596274e-05	2423	1785	0.08190313496524279	4.5884109224225655e-05	3.8867244624596274e-05	3.8867244624596274e-05	62.0	0.025588113908378042
chr17	chr17	909	22725000	3.8837900252139695e-05	2422	1784	0.07646659557690123	4.286244146687289e-05	3.8837900252139695e-05	3.8837900252139695e-05	60.0	0.02477291494632535
chr17	chr17	910	22750000	3.8809828359896824e-05	2421	1783	0.07624094942462746	4.275992676647642e-05	3.8809828359896824e-05	3.8809828359896824e-05	52.0	0.0214787277984304
chr17	chr17	911	22775000	3.8781807555804624e-05	2420	1782	0.0592875876896356	3.327025122875174e-05	3.8781807555804624e-05	3.8781807555804624e-05	44.0	0.01818181818181818
chr17	chr17	912	22800000	3.8753837690961295e-05	2419	1781	0.05171559661547587	2.9037392821715816e-05	3.8753837690961295e-05	3.8753837690961295e-05	37.0	0.015295576684580404
chr17	chr17	913	22825000	3.872591861706166e-05	2418	1780	0.048791178331079356	2.741077434330301e-05	3.872591861706166e-05	3.872591861706166e-05	34.0	0.014061207609594707
chr17	chr17	914	22850000	3.869805018639418e-05	2417	1781	0.07957240436074868	4.467849767588359e-05	3.869805018639418e-05	3.869805018639418e-05	52.0	0.0215142738932561
chr17	chr17	915	22875000	3.8670232251837785e-05	2416	1780	0.06655837200258431	3.739234382167658e-05	3.8670232251837785e-05	3.8670232251837785e-05	51.0	0.021109271523178808
chr17	chr17	916	22900000	3.8642464666859135e-05	2415	1780	0.07312638373879304	4.108223805550171e-05	3.8642464666859135e-05	3.8642464666859135e-05	55.0	0.022774327122153208
chr17	chr17	917	22925000	3.86147472855093e-05	2414	1779	0.06199769355261065	3.484974342473898e-05	3.86147472855093e-05	3.86147472855093e-05	45.0	0.018641259320629662
chr17	chr17	918	22950000	3.858707996242108e-05	2413	1778	0.052878771552201456	2.9740591424185297e-05	3.858707996242108e-05	3.858707996242108e-05	37.0	0.01533360961458765
chr17	chr17	919	22975000	3.8559462552806e-05	2412	1776	0.05700900059615555	3.209966249783533e-05	3.8559462552806e-05	3.8559462552806e-05	44.0	0.01824212271973466
chr17	chr17	920	23000000	3.853189491245109e-05	2411	1776	0.06458732314830423	3.6366736006928056e-05	3.853189491245109e-05	3.853189491245109e-05	48.0	0.019908751555371217
chr17	chr17	921	23025000	3.8504376897716476e-05	2410	1777	0.07099867923124534	3.995423704628325e-05	3.8504376897716476e-05	3.8504376897716476e-05	47.0	0.01950207468879668
chr17	chr17	922	23050000	3.847690836553208e-05	2409	1777	0.05641222339037774	3.174576442902518e-05	3.847690836553208e-05	3.847690836553208e-05	38.0	0.0157741801577418
chr17	chr17	923	23075000	3.8449489173394876e-05	2408	1777	0.07251976069951693	4.081021986466907e-05	3.8449489173394876e-05	3.8449489173394876e-05	49.0	0.020348837209302327
chr17	chr17	924	23100000	3.8422119179366014e-05	2407	1778	0.06632602517544971	3.7303726195416035e-05	3.8422119179366014e-05	3.8422119179366014e-05	48.0	0.019941836310760283
chr17	chr17	925	23125000	3.8394798242068154e-05	2406	1778	0.07840872739057653	4.409939673260772e-05	3.8394798242068154e-05	3.8394798242068154e-05	55.0	0.0228595178719867
chr17	chr17	926	23150000	3.8367526220682284e-05	2405	1779	0.06466435487305061	3.634870987804981e-05	3.8367526220682284e-05	3.8367526220682284e-05	46.0	0.019126819126819128
chr17	chr17	927	23175000	3.834030297494528e-05	2404	1779	0.05422620009982754	3.0481281675001427e-05	3.834030297494528e-05	3.834030297494528e-05	39.0	0.01622296173044925
chr17	chr17	928	23200000	3.831312836514685e-05	2403	1780	0.0795838342578672	4.471001924599281e-05	3.831312836514685e-05	3.831312836514685e-05	56.0	0.023304203079483977
chr17	chr17	929	23225000	3.828600225212692e-05	2402	1781	0.06279392523998531	3.525767840538198e-05	3.828600225212692e-05	3.828600225212692e-05	44.0	0.018318068276436304
chr17	chr17	930	23250000	3.825892449727281e-05	2401	1781	0.05580088060078167	3.133120752430189e-05	3.825892449727281e-05	3.825892449727281e-05	43.0	0.01790920449812578
chr17	chr17	931	23275000	3.823189496251644e-05	2400	1782	0.05900794179620505	3.311332311796018e-05	3.823189496251644e-05	3.823189496251644e-05	41.0	0.017083333333333332
chr17	chr17	932	23300000	3.8206376604290105e-05	2399	1781	0.05126819945820319	2.878618723088332e-05	3.8206376604290105e-05	3.8206376604290105e-05	38.0	0.015839933305543976
chr17	chr17	933	23325000	3.818090261676481e-05	2398	1780	0.06811759664430334	3.8268312721518725e-05	3.818090261676481e-05	3.818090261676481e-05	47.0	0.019599666388657216
chr17	chr17	934	23350000	3.8155472875356754e-05	2397	1780	0.04438442543793875	2.493507047075211e-05	3.8155472875356754e-05	3.8155472875356754e-05	31.0	0.012932832707551106
chr17	chr17	935	23375000	3.8130087255964806e-05	2396	1779	0.047390663266319064	2.6638933820303014e-05	3.8130087255964806e-05	3.8130087255964806e-05	33.0	0.013772954924874792
chr17	chr17	936	23400000	3.810474563496823e-05	2395	1779	0.0577127583438322	3.2441123296139516e-05	3.810474563496823e-05	3.810474563496823e-05	44.0	0.01837160751565762
chr17	chr17	937	23425000	3.807944788922414e-05	2394	1781	0.05343193798415091	3.0001088143824206e-05	3.807944788922414e-05	3.807944788922414e-05	40.0	0.01670843776106934
chr17	chr17	938	23450000	3.805419389606535e-05	2393	1780	0.06400064830226744	3.595542039453227e-05	3.805419389606535e-05	3.805419389606535e-05	44.0	0.01838696197241956
chr17	chr17	939	23475000	3.802898353329779e-05	2392	1780	0.043099456175686356	2.4213177626790087e-05	3.802898353329779e-05	3.802898353329779e-05	33.0	0.013795986622073578
chr17	chr17	940	23500000	3.80038166791985e-05	2391	1782	0.04634176888536542	2.600548197831954e-05	3.80038166791985e-05	3.80038166791985e-05	34.0	0.014219991635299039
chr17	chr17	941	23525000	3.797869321251295e-05	2390	1782	0.04772290567159135	2.678053067990536e-05	3.797869321251295e-05	3.797869321251295e-05	38.0	0.015899581589958158
chr17	chr17	942	23550000	3.795361301245301e-05	2389	1784	0.07086759248990106	3.972398682169342e-05	3.795361301245301e-05	3.795361301245301e-05	48.0	0.020092088740058602
chr17	chr17	943	23575000	3.792857595869463e-05	2388	1785	0.04565567500069953	2.5577408963977327e-05	3.792857595869463e-05	3.792857595869463e-05	32.0	0.01340033500837521
chr17	chr17	944	23600000	3.7903581931375334e-05	2387	1785	0.060131330445360905	3.368701985734504e-05	3.7903581931375334e-05	3.7903581931375334e-05	44.0	0.018433179723502304
chr17	chr17	945	23625000	3.787863081109233e-05	2386	1786	0.04009866256674442	2.2451658771973362e-05	3.787863081109233e-05	3.787863081109233e-05	29.0	0.012154233025984913
chr17	chr17	946	23650000	3.7853722478900055e-05	2385	1786	0.06310395999733874	3.533256438820758e-05	3.7853722478900055e-05	3.7853722478900055e-05	45.0	0.018867924528301886
chr17	chr17	947	23675000	3.782885681630779e-05	2384	1788	0.06389658185179806	3.5736343317560434e-05	3.782885681630779e-05	3.782885681630779e-05	48.0	0.020134228187919462
chr17	chr17	948	23700000	3.780403370527778e-05	2383	1788	0.05553328425165464	3.105888380965024e-05	3.780403370527778e-05	3.780403370527778e-05	40.0	0.01678556441460344
chr17	chr17	949	23725000	3.77792530282228e-05	2382	1786	0.04924444485373207	2.757247752168649e-05	3.77792530282228e-05	3.77792530282228e-05	36.0	0.015113350125944584
chr17	chr17	950	23750000	3.7754514668004095e-05	2381	1788	0.05368351420799146	3.0024336805364352e-05	3.7754514668004095e-05	3.7754514668004095e-05	37.0	0.015539689206215875
chr17	chr17	951	23775000	3.772981850792903e-05	2380	1789	0.045524573436963076	2.5446938757385734e-05	3.772981850792903e-05	3.772981850792903e-05	34.0	0.014285714285714285
chr17	chr17	952	23800000	3.770516443174909e-05	2379	1787	0.03741615358277708	2.0937970667474583e-05	3.770516443174909e-05	3.770516443174909e-05	31.0	0.013030685161832704
chr17	chr17	953	23825000	3.76805523236576e-05	2378	1787	0.051497831826422154	2.881803683627429e-05	3.76805523236576e-05	3.76805523236576e-05	39.0	0.016400336417157275
chr17	chr17	954	23850000	3.7657620528541896e-05	2377	1787	0.061250488021360926	3.427559486366028e-05	3.7657620528541896e-05	3.7657620528541896e-05	44.0	0.01851072780816155
chr17	chr17	955	23875000	3.763472669237085e-05	2376	1786	0.07462070483570919	4.1780909762435155e-05	3.763472669237085e-05	3.763472669237085e-05	51.0	0.021464646464646464
chr17	chr17	956	23900000	3.7611870712662144e-05	2375	1785	0.04702877189401225	2.6346650921015268e-05	3.7611870712662144e-05	3.7611870712662144e-05	32.0	0.013473684210526317
chr17	chr17	957	23925000	3.7589052487316904e-05	2374	1785	0.06952342032203326	3.8948694858281943e-05	3.7589052487316904e-05	3.7589052487316904e-05	52.0	0.02190395956192081
chr17	chr17	958	23950000	3.7566271914618005e-05	2373	1788	0.06831607153259611	3.8208093698319974e-05	3.7566271914618005e-05	3.7566271914618005e-05	48.0	0.020227560050568902
chr17	chr17	959	23975000	3.754352889322808e-05	2372	1785	0.05677263213081604	3.180539615171767e-05	3.754352889322808e-05	3.754352889322808e-05	41.0	0.017284991568296795
chr17	chr17	960	24000000	3.752082332218789e-05	2371	1784	0.06555176510670162	3.674426295218701e-05	3.752082332218789e-05	3.752082332218789e-05	46.0	0.01940109658371995
chr17	chr17	961	24025000	3.749815510091436e-05	2370	1786	0.05536885519973948	3.100159865606914e-05	3.749815510091436e-05	3.749815510091436e-05	37.0	0.015611814345991562
chr17	chr17	962	24050000	3.7475524129198894e-05	2369	1788	0.05803770872323602	3.245956863715661e-05	3.7475524129198894e-05	3.7475524129198894e-05	40.0	0.016884761502743775
chr17	chr17	963	24075000	3.745293030720556e-05	2368	1784	0.06069824859524676	3.402368194800827e-05	3.745293030720556e-05	3.745293030720556e-05	43.0	0.018158783783783782
chr17	chr17	964	24100000	3.7430373535469306e-05	2367	1785	0.0557261002999612	3.121910380950207e-05	3.7430373535469306e-05	3.7430373535469306e-05	39.0	0.016476552598225603
chr17	chr17	965	24125000	3.740785371489417e-05	2366	1786	0.060675087382771054	3.3972613316221194e-05	3.740785371489417e-05	3.740785371489417e-05	42.0	0.01775147928994083
chr17	chr17	966	24150000	3.738537074675164e-05	2365	1783	0.05415121957507432	3.037084664894802e-05	3.738537074675164e-05	3.738537074675164e-05	40.0	0.016913319238900635
chr17	chr17	967	24175000	3.736292453267871e-05	2364	1784	0.06149785309162495	3.447189074642654e-05	3.736292453267871e-05	3.736292453267871e-05	43.0	0.018189509306260575
chr17	chr17	968	24200000	3.734051497467647e-05	2363	1785	0.07067721937786177	3.959508088395617e-05	3.734051497467647e-05	3.734051497467647e-05	51.0	0.02158273381294964
chr17	chr17	969	24225000	3.731814197510805e-05	2362	1784	0.06745663031940168	3.7812012510875375e-05	3.731814197510805e-05	3.731814197510805e-05	47.0	0.01989839119390347
chr17	chr17	970	24250000	3.7295805436697096e-05	2361	1782	0.04919900102883399	2.7608867019547693e-05	3.7295805436697096e-05	3.7295805436697096e-05	36.0	0.015247776365946633
chr17	chr17	971	24275000	3.727350526252606e-05	2360	1782	0.060372844863194865	3.387926198832484e-05	3.727350526252606e-05	3.727350526252606e-05	41.0	0.017372881355932204
chr17	chr17	972	24300000	3.725124135603444e-05	2359	1781	0.06784366118613196	3.8093015826014574e-05	3.725124135603444e-05	3.725124135603444e-05	48.0	0.020347604917337857
chr17	chr17	973	24325000	3.722901362101711e-05	2358	1780	0.047324380474238106	2.6586730603504554e-05	3.722901362101711e-05	3.722901362101711e-05	36.0	0.015267175572519083
chr17	chr17	974	24350000	3.720682196162277e-05	2357	1780	0.060122941480659726	3.377693341610097e-05	3.720682196162277e-05	3.720682196162277e-05	41.0	0.017394993635977938
chr17	chr17	975	24375000	3.718466628235203e-05	2356	1781	0.0634144779331274	3.560610776705638e-05	3.718466628235203e-05	3.718466628235203e-05	44.0	0.01867572156196944
chr17	chr17	976	24400000	3.716254648805614e-05	2355	1781	0.04432572115537811	2.488810845332853e-05	3.716254648805614e-05	3.716254648805614e-05	31.0	0.013163481953290871
chr17	chr17	977	24425000	3.714219999934671e-05	2354	1781	0.06351989482612924	3.5665297488000696e-05	3.714219999934671e-05	3.714219999934671e-05	44.0	0.018691588785046728
chr17	chr17	978	24450000	3.712188544807642e-05	2353	1781	0.05069918799224199	2.8466697356677143e-05	3.712188544807642e-05	3.712188544807642e-05	35.0	0.014874628134296642
chr17	chr17	979	24475000	3.7101602751534756e-05	2352	1782	0.06476390566654787	3.634338140659252e-05	3.7101602751534756e-05	3.7101602751534756e-05	47.0	0.019982993197278913
chr17	chr17	980	24500000	3.7081351827309493e-05	2351	1782	0.05619077517173655	3.1532421532961025e-05	3.7081351827309493e-05	3.7081351827309493e-05	39.0	0.01658868566567418
chr17	chr17	981	24525000	3.706113259328551e-05	2350	1783	0.054545165948113955	3.059179245547614e-05	3.706113259328551e-05	3.706113259328551e-05	39.0	0.016595744680851062
chr17	chr17	982	24550000	3.7040944967643385e-05	2349	1784	0.04738159991246962	2.655919277604799e-05	3.7040944967643385e-05	3.7040944967643385e-05	33.0	0.0140485312899106
chr17	chr17	983	24575000	3.7020788868857846e-05	2348	1785	0.038330669368047854	2.1473764351847538e-05	3.7020788868857846e-05	3.7020788868857846e-05	30.0	0.012776831345826235
chr17	chr17	984	24600000	3.700066421569672e-05	2347	1785	0.040016246775094994	2.2418065420221284e-05	3.700066421569672e-05	3.700066421569672e-05	28.0	0.011930123561994035
chr17	chr17	985	24625000	3.6980570927219186e-05	2346	1785	0.07260299739579805	4.0673948120895266e-05	3.6980570927219186e-05	3.6980570927219186e-05	48.0	0.020460358056265986
chr17	chr17	986	24650000	3.696050892277491e-05	2345	1784	0.06200137595488288	3.475413450385812e-05	3.696050892277491e-05	3.696050892277491e-05	39.0	0.016631130063965886
chr17	chr17	987	24675000	3.6940478122002326e-05	2344	1784	0.05656094427607066	3.170456517716965e-05	3.6940478122002326e-05	3.6940478122002326e-05	40.0	0.017064846416382253
chr17	chr17	988	24700000	3.6920478444827416e-05	2343	1780	0.05293435022299979	2.9738399001685274e-05	3.6920478444827416e-05	3.6920478444827416e-05	37.0	0.01579172001707213
chr17	chr17	989	24725000	3.690050981146252e-05	2342	1782	0.03809435952659496	2.1377306131647005e-05	3.690050981146252e-05	3.690050981146252e-05	26.0	0.011101622544833475
chr17	chr17	990	24750000	3.688057214240488e-05	2341	1780	0.04196057528108287	2.357335689948476e-05	3.688057214240488e-05	3.688057214240488e-05	30.0	0.012815036309269542
chr17	chr17	991	24775000	3.686066535843531e-05	2340	1780	0.041945023274381536	2.356461981706828e-05	3.686066535843531e-05	3.686066535843531e-05	36.0	0.015384615384615385
chr17	chr17	992	24800000	3.684078938061715e-05	2339	1781	0.0675477925367496	3.792689081232431e-05	3.684078938061715e-05	3.684078938061715e-05	43.0	0.01838392475416845
chr17	chr17	993	24825000	3.6820944130294584e-05	2338	1780	0.05545599216942837	3.115505178057773e-05	3.6820944130294584e-05	3.6820944130294584e-05	38.0	0.016253207869974338
chr17	chr17	994	24850000	3.6801129529091766e-05	2337	1778	0.06486226797432557	3.6480465677348465e-05	3.6801129529091766e-05	3.6801129529091766e-05	43.0	0.018399657680787333
chr17	chr17	995	24875000	3.6781345498911204e-05	2336	1777	0.05840088191923288	3.286487446214568e-05	3.6781345498911204e-05	3.6781345498911204e-05	42.0	0.01797945205479452
chr17	chr17	996	24900000	3.676159196193267e-05	2335	1776	0.057293855655299354	3.226005385996585e-05	3.676159196193267e-05	3.676159196193267e-05	40.0	0.017130620985010708
chr17	chr17	997	24925000	3.674186884061198e-05	2334	1774	0.051017062128659155	2.875820864073233e-05	3.674186884061198e-05	3.674186884061198e-05	37.0	0.015852613538988862
chr17	chr17	998	24950000	3.6722176057679555e-05	2333	1774	0.05074453121391068	2.860458354786397e-05	3.6722176057679555e-05	3.6722176057679555e-05	34.0	0.014573510501500214
chr17	chr17	999	24975000	3.6702513536139416e-05	2332	1773	0.04821423153406331	2.7193588005675867e-05	3.6702513536139416e-05	3.6702513536139416e-05	36.0	0.015437392795883362
chr17	chr17	1000	25000000	3.6684646493815516e-05	2331	1772	0.05501140967996431	3.1044813589144646e-05	3.6684646493815516e-05	3.6684646493815516e-05	41.0	0.01758901758901759
chr17	chr17	1001	25025000	3.666680599437556e-05	2330	1771	0.05210449305425119	2.9420944694664702e-05	3.666680599437556e-05	3.666680599437556e-05	33.0	0.014163090128755365
chr17	chr17	1002	25050000	3.664899197193071e-05	2329	1770	0.06335431746615114	3.5793399698390475e-05	3.664899197193071e-05	3.664899197193071e-05	42.0	0.018033490768570203
chr17	chr17	1003	25075000	3.663120436082123e-05	2328	1769	0.05935484886505277	3.3552769284936554e-05	3.663120436082123e-05	3.663120436082123e-05	43.0	0.018470790378006873
chr17	chr17	1004	25100000	3.6613443095615425e-05	2327	1768	0.05170662022619096	2.9245825919791264e-05	3.6613443095615425e-05	3.6613443095615425e-05	38.0	0.01633003867640739
chr17	chr17	1005	25125000	3.659570811110872e-05	2326	1767	0.053057847130089014	3.0027078172093387e-05	3.659570811110872e-05	3.659570811110872e-05	39.0	0.016766981943250214
chr17	chr17	1006	25150000	3.6577999342322536e-05	2325	1765	0.05509816698295338	3.121709177504441e-05	3.6577999342322536e-05	3.6577999342322536e-05	36.0	0.015483870967741935
chr17	chr17	1007	25175000	3.6560316724503336e-05	2324	1764	0.042534610138497075	2.4112590781460928e-05	3.6560316724503336e-05	3.6560316724503336e-05	30.0	0.012908777969018933
chr17	chr17	1008	25200000	3.6542660193121705e-05	2323	1762	0.044669529519814954	2.5351605856875684e-05	3.6542660193121705e-05	3.6542660193121705e-05	30.0	0.012914334911752045
chr17	chr17	1009	25225000	3.6525029683871145e-05	2322	1761	0.04810756043277551	2.73183193826096e-05	3.6525029683871145e-05	3.6525029683871145e-05	34.0	0.014642549526270457
chr17	chr17	1010	25250000	3.6507425132667264e-05	2321	1760	0.05364973458973834	3.048280374416951e-05	3.6507425132667264e-05	3.6507425132667264e-05	40.0	0.017233950883239983
chr17	chr17	1011	25275000	3.6489846475646795e-05	2320	1759	0.054933434852071444	3.122992316774954e-05	3.6489846475646795e-05	3.6489846475646795e-05	38.0	0.016379310344827588
chr17	chr17	1012	25300000	3.647229364916652e-05	2319	1757	0.05618155622357229	3.1975843041304664e-05	3.647229364916652e-05	3.647229364916652e-05	38.0	0.016386373436826217
chr17	chr17	1013	25325000	3.645476658980232e-05	2318	1755	0.06155562504154406	3.507443022310203e-05	3.645476658980232e-05	3.645476658980232e-05	44.0	0.01898188093183779
chr17	chr17	1014	25350000	3.643726523434815e-05	2317	1758	0.048070923741275376	2.734409769128292e-05	3.643726523434815e-05	3.643726523434815e-05	35.0	0.015105740181268883
chr17	chr17	1015	25375000	3.6419789519815314e-05	2316	1757	0.04431054306687913	2.5219432593556703e-05	3.6419789519815314e-05	3.6419789519815314e-05	32.0	0.013816925734024179
chr17	chr17	1016	25400000	3.640233938343116e-05	2315	1759	0.044311068394820206	2.519105650643559e-05	3.640233938343116e-05	3.640233938343116e-05	35.0	0.01511879049676026
chr17	chr17	1017	25425000	3.63849147626384e-05	2314	1759	0.039445106010142256	2.2424733376999578e-05	3.63849147626384e-05	3.63849147626384e-05	30.0	0.01296456352636128
chr17	chr17	1018	25450000	3.636751559509404e-05	2313	1761	0.036442497193641454	2.0694206242840123e-05	3.636751559509404e-05	3.636751559509404e-05	28.0	0.012105490704712495
chr17	chr17	1019	25475000	3.635014181866844e-05	2312	1763	0.053304793092654054	3.023527685346231e-05	3.635014181866844e-05	3.635014181866844e-05	37.0	0.016003460207612456
chr17	chr17	1020	25500000	3.633279337144441e-05	2311	1764	0.03755767444669413	2.1291198665926378e-05	3.633279337144441e-05	3.633279337144441e-05	29.0	0.012548680225010819
chr17	chr17	1021	25525000	3.6315470191716264e-05	2310	1763	0.07329433777149273	4.157364592824318e-05	3.6315470191716264e-05	3.6315470191716264e-05	50.0	0.021645021645021644
chr17	chr17	1022	25550000	3.629817221798887e-05	2309	1764	0.052030682989306604	2.949585203475431e-05	3.629817221798887e-05	3.629817221798887e-05	41.0	0.017756604590731917
chr17	chr17	1023	25575000	3.628089938897671e-05	2308	1765	0.041483684748053085	2.3503504106545656e-05	3.628089938897671e-05	3.628089938897671e-05	30.0	0.012998266897746967
chr17	chr17	1024	25600000	3.626537557839037e-05	2307	1768	0.05746809751050065	3.250458003987593e-05	3.626537557839037e-05	3.626537557839037e-05	41.0	0.017771998266146512
chr17	chr17	1025	25625000	3.624987355296003e-05	2306	1768	0.044808086853821295	2.5343940528179465e-05	3.624987355296003e-05	3.624987355296003e-05	32.0	0.013876843018213356
chr17	chr17	1026	25650000	3.623439326090464e-05	2305	1767	0.0616299801177035	3.487831359236191e-05	3.623439326090464e-05	3.623439326090464e-05	43.0	0.018655097613882864
chr17	chr17	1027	25675000	3.621893465061651e-05	2304	1768	0.03974501679634137	2.2480213120102585e-05	3.621893465061651e-05	3.621893465061651e-05	30.0	0.013020833333333334
chr17	chr17	1028	25700000	3.620349767066065e-05	2303	1769	0.03154982042257207	1.7834833477994385e-05	3.620349767066065e-05	3.620349767066065e-05	22.0	0.009552757273122015
chr17	chr17	1029	25725000	3.61880822697739e-05	2302	1769	0.03798521320045569	2.147270390076636e-05	3.61880822697739e-05	3.61880822697739e-05	26.0	0.011294526498696786
chr17	chr17	1030	25750000	3.617268839686437e-05	2301	1769	0.05646269118092758	3.19178582142044e-05	3.617268839686437e-05	3.617268839686437e-05	42.0	0.018252933507170794
chr17	chr17	1031	25775000	3.615731600101044e-05	2300	1769	0.04479230697147299	2.532069359608422e-05	3.615731600101044e-05	3.615731600101044e-05	30.0	0.013043478260869565
chr17	chr17	1032	25800000	3.614196503146033e-05	2299	1771	0.04544339967382052	2.5659740075562126e-05	3.614196503146033e-05	3.614196503146033e-05	30.0	0.013049151805132666
chr17	chr17	1033	25825000	3.612663543763108e-05	2298	1772	0.04090177034869797	2.3082263176466124e-05	3.612663543763108e-05	3.612663543763108e-05	29.0	0.012619669277632724
chr17	chr17	1034	25850000	3.611132716910811e-05	2297	1773	0.06622192944912972	3.735021401530159e-05	3.611132716910811e-05	3.611132716910811e-05	45.0	0.0195907705703091
chr17	chr17	1035	25875000	3.6096040175644165e-05	2296	1774	0.050352718903884944	2.838371978798475e-05	3.6096040175644165e-05	3.6096040175644165e-05	32.0	0.013937282229965157
chr17	chr17	1036	25900000	3.608077440715896e-05	2295	1774	0.04641894879956437	2.616626200651881e-05	3.608077440715896e-05	3.608077440715896e-05	34.0	0.014814814814814815
chr17	chr17	1037	25925000	3.606552981373817e-05	2294	1772	0.05441837424631031	3.071014347985909e-05	3.606552981373817e-05	3.606552981373817e-05	41.0	0.017872711421098517
chr17	chr17	1038	25950000	3.6050306345632925e-05	2293	1773	0.06836131643223778	3.855686205991979e-05	3.6050306345632925e-05	3.6050306345632925e-05	44.0	0.019188835586567816
chr17	chr17	1039	25975000	3.603510395325893e-05	2292	1771	0.05454877457185447	3.080111494740512e-05	3.603510395325893e-05	3.603510395325893e-05	38.0	0.016579406631762654
chr17	chr17	1040	26000000	3.601992258719596e-05	2291	1770	0.03807837911376454	2.1513208538850023e-05	3.601992258719596e-05	3.601992258719596e-05	27.0	0.01178524661719773
chr17	chr17	1041	26025000	3.600476219818693e-05	2290	1769	0.049029782480027914	2.7716100893175755e-05	3.600476219818693e-05	3.600476219818693e-05	35.0	0.015283842794759825
chr17	chr17	1042	26050000	3.598962273713741e-05	2289	1767	0.05406475708185263	3.059691968412712e-05	3.598962273713741e-05	3.598962273713741e-05	38.0	0.016601135867190912
chr17	chr17	1043	26075000	3.597450415511481e-05	2288	1768	0.056403577499651816	3.190247596134153e-05	3.597450415511481e-05	3.597450415511481e-05	39.0	0.017045454545454544
chr17	chr17	1044	26100000	3.5959406403347714e-05	2287	1767	0.050479669581815156	2.8568007686369643e-05	3.5959406403347714e-05	3.5959406403347714e-05	32.0	0.013992129427197202
chr17	chr17	1045	26125000	3.59443294332252e-05	2286	1768	0.048432041378842584	2.739368856269377e-05	3.59443294332252e-05	3.59443294332252e-05	34.0	0.014873140857392825
chr17	chr17	1046	26150000	3.592927319629625e-05	2285	1766	0.05691509140253865	3.2228251077315206e-05	3.592927319629625e-05	3.592927319629625e-05	41.0	0.017943107221006564
chr17	chr17	1047	26175000	3.5914237644268835e-05	2284	1765	0.05245809398826881	2.9721299710067317e-05	3.5914237644268835e-05	3.5914237644268835e-05	39.0	0.017075306479859893
chr17	chr17	1048	26200000	3.5900844770850384e-05	2283	1763	0.06345281434014222	3.599138646633138e-05	3.5900844770850384e-05	3.5900844770850384e-05	41.0	0.017958826106000875
chr17	chr17	1049	26225000	3.588746965802876e-05	2282	1761	0.05108425242926767	2.9008661231838537e-05	3.588746965802876e-05	3.588746965802876e-05	35.0	0.015337423312883436
chr17	chr17	1050	26250000	3.5874112265353944e-05	2281	1759	0.04745137656156069	2.6976336874110683e-05	3.5874112265353944e-05	3.5874112265353944e-05	36.0	0.01578255151249452
chr17	chr17	1051	26275000	3.5860772552506395e-05	2280	1758	0.04128114081488293	2.3481877596634206e-05	3.5860772552506395e-05	3.5860772552506395e-05	33.0	0.014473684210526316
chr17	chr17	1052	26300000	3.5847450479296577e-05	2279	1759	0.04607463108627885	2.6193650418578085e-05	3.5847450479296577e-05	3.5847450479296577e-05	33.0	0.014480035103115402
chr17	chr17	1053	26325000	3.58341460056644e-05	2278	1759	0.05772108850706777	3.281471774136883e-05	3.58341460056644e-05	3.58341460056644e-05	36.0	0.015803336259877086
chr17	chr17	1054	26350000	3.582085909167867e-05	2277	1758	0.041814053651947417	2.3785013453895004e-05	3.582085909167867e-05	3.582085909167867e-05	32.0	0.014053579270970576
chr17	chr17	1055	26375000	3.580758969753659e-05	2276	1759	0.04728590951478294	2.68822680584326e-05	3.580758969753659e-05	3.580758969753659e-05	32.0	0.014059753954305799
chr17	chr17	1056	26400000	3.579433778356321e-05	2275	1759	0.04751063044663349	2.701002299410659e-05	3.579433778356321e-05	3.579433778356321e-05	33.0	0.014505494505494506
chr17	chr17	1057	26425000	3.57811033102109e-05	2274	1760	0.07104451642513394	4.036620251428065e-05	3.57811033102109e-05	3.57811033102109e-05	53.0	0.023306948109058926
chr17	chr17	1058	26450000	3.57678862380587e-05	2273	1760	0.05976851486507493	3.39593834460653e-05	3.57678862380587e-05	3.57678862380587e-05	41.0	0.01803783545974483
chr17	chr17	1059	26475000	3.575468652781206e-05	2272	1759	0.06424645687392894	3.652442119040872e-05	3.575468652781206e-05	3.575468652781206e-05	43.0	0.018926056338028168
chr17	chr17	1060	26500000	3.574150414030208e-05	2271	1759	0.036642774538109504	2.0831594393467596e-05	3.574150414030208e-05	3.574150414030208e-05	27.0	0.011889035667107
chr17	chr17	1061	26525000	3.572833903648504e-05	2270	1760	0.03793931154761943	2.155642701569286e-05	3.572833903648504e-05	3.572833903648504e-05	25.0	0.011013215859030838
chr17	chr17	1062	26550000	3.571519117744194e-05	2269	1760	0.05092582076051616	2.8935125432111454e-05	3.571519117744194e-05	3.571519117744194e-05	34.0	0.01498457470251212
chr17	chr17	1063	26575000	3.570206052437802e-05	2268	1761	0.033903476540161334	1.92524000795919e-05	3.570206052437802e-05	3.570206052437802e-05	26.0	0.01146384479717813
chr17	chr17	1064	26600000	3.568894703862211e-05	2267	1761	0.05450280899151097	3.0949919927036326e-05	3.568894703862211e-05	3.568894703862211e-05	38.0	0.016762240846934274
chr17	chr17	1065	26625000	3.567585068162624e-05	2266	1763	0.039372252971422814	2.2332531464221677e-05	3.567585068162624e-05	3.567585068162624e-05	28.0	0.01235657546337158
chr17	chr17	1066	26650000	3.5662771414965006e-05	2265	1764	0.0533098341763277	3.0220994431024775e-05	3.5662771414965006e-05	3.5662771414965006e-05	36.0	0.015894039735099338
chr17	chr17	1067	26675000	3.5649709200335235e-05	2264	1764	0.061715018349349046	3.49858380665244e-05	3.5649709200335235e-05	3.5649709200335235e-05	42.0	0.018551236749116608
chr17	chr17	1068	26700000	3.56366639995554e-05	2263	1764	0.04783360995290774	2.7116558930219805e-05	3.56366639995554e-05	3.56366639995554e-05	34.0	0.015024304021210782
chr17	chr17	1069	26725000	3.562363577456504e-05	2262	1763	0.03165368801350037	1.7954445838627546e-05	3.562363577456504e-05	3.562363577456504e-05	23.0	0.010167992926613616
chr17	chr17	1070	26750000	3.561062448742436e-05	2261	1761	0.04048815779133394	2.2991571715692187e-05	3.561062448742436e-05	3.561062448742436e-05	29.0	0.012826183104820876
chr17	chr17	1071	26775000	3.559763010031376e-05	2260	1763	0.05199786145551615	2.949396565826214e-05	3.559763010031376e-05	3.559763010031376e-05	35.0	0.015486725663716814
chr17	chr17	1072	26800000	3.558465257553324e-05	2259	1764	0.05907732080517036	3.3490544674132856e-05	3.558465257553324e-05	3.558465257553324e-05	40.0	0.017706949977866312
chr17	chr17	1073	26825000	3.557316056639288e-05	2258	1764	0.06105866947252881	3.461375820438141e-05	3.557316056639288e-05	3.557316056639288e-05	45.0	0.019929140832595216
chr17	chr17	1074	26850000	3.5561682968575534e-05	2257	1764	0.061686488294976055	3.4969664566312954e-05	3.5561682968575534e-05	3.5561682968575534e-05	44.0	0.01949490474080638
chr17	chr17	1075	26875000	3.555021975061582e-05	2256	1765	0.049882732571396	2.8262171428552975e-05	3.555021975061582e-05	3.555021975061582e-05	34.0	0.015070921985815602
chr17	chr17	1076	26900000	3.553877088114622e-05	2255	1766	0.05024277054064355	2.845003994373927e-05	3.553877088114622e-05	3.553877088114622e-05	33.0	0.014634146341463415
chr17	chr17	1077	26925000	3.552733632889679e-05	2254	1766	0.06787738178041645	3.843566352231962e-05	3.552733632889679e-05	3.552733632889679e-05	47.0	0.02085181898846495
chr17	chr17	1078	26950000	3.5515916062694614e-05	2253	1764	0.05190640308532845	2.9425398574449233e-05	3.5515916062694614e-05	3.5515916062694614e-05	40.0	0.01775410563692854
chr17	chr17	1079	26975000	3.550451005146348e-05	2252	1762	0.037375972149490615	2.1212242990630316e-05	3.550451005146348e-05	3.550451005146348e-05	31.0	0.013765541740674956
chr17	chr17	1080	27000000	3.5493118264223576e-05	2251	1762	0.04056978352028185	2.302484876292954e-05	3.5493118264223576e-05	3.5493118264223576e-05	28.0	0.012438916037316748
chr17	chr17	1081	27025000	3.5481740670090935e-05	2250	1761	0.03721972868810916	2.1135564274905827e-05	3.5481740670090935e-05	3.5481740670090935e-05	29.0	0.012888888888888889
chr17	chr17	1082	27050000	3.547037723827719e-05	2249	1762	0.04584414128336699	2.6018241363999426e-05	3.547037723827719e-05	3.547037723827719e-05	31.0	0.013783903957314362
chr17	chr17	1083	27075000	3.545902793808911e-05	2248	1760	0.05308142938949411	3.015990306221256e-05	3.545902793808911e-05	3.545902793808911e-05	36.0	0.01601423487544484
chr17	chr17	1084	27100000	3.5447692738928274e-05	2247	1758	0.053486768668568906	3.0424783087923156e-05	3.5447692738928274e-05	3.5447692738928274e-05	38.0	0.016911437472185136
chr17	chr17	1085	27125000	3.5436371610290646e-05	2246	1757	0.047117035520281535	2.6816753284167067e-05	3.5436371610290646e-05	3.5436371610290646e-05	32.0	0.014247551202137132
chr17	chr17	1086	27150000	3.5425064521766206e-05	2245	1755	0.06523906444558317	3.7173256094349386e-05	3.5425064521766206e-05	3.5425064521766206e-05	44.0	0.019599109131403118
chr17	chr17	1087	27175000	3.5413771443038574e-05	2244	1753	0.05497341324075518	3.1359619646751386e-05	3.5413771443038574e-05	3.5413771443038574e-05	39.0	0.017379679144385027
chr17	chr17	1088	27200000	3.5402492343884674e-05	2243	1751	0.048232158144450095	2.754549294371793e-05	3.5402492343884674e-05	3.5402492343884674e-05	40.0	0.017833259028087384
chr17	chr17	1089	27225000	3.53912271941743e-05	2242	1749	0.05500620846968241	3.1450090605879027e-05	3.53912271941743e-05	3.53912271941743e-05	40.0	0.01784121320249777
chr17	chr17	1090	27250000	3.537997596386984e-05	2241	1747	0.059920514687586565	3.429909255156644e-05	3.537997596386984e-05	3.537997596386984e-05	43.0	0.019187862561356538
chr17	chr17	1091	27275000	3.536873862302572e-05	2240	1745	0.05063425998253553	2.9016767898301164e-05	3.536873862302572e-05	3.536873862302572e-05	35.0	0.015625
chr17	chr17	1092	27300000	3.5357515141788304e-05	2239	1744	0.05529765022938863	3.170736825079623e-05	3.5357515141788304e-05	3.5357515141788304e-05	38.0	0.016971862438588656
chr17	chr17	1093	27325000	3.534630549039527e-05	2238	1743	0.04010922407926994	2.301160302884104e-05	3.534630549039527e-05	3.534630549039527e-05	27.0	0.012064343163538873
chr17	chr17	1094	27350000	3.533510963917551e-05	2237	1743	0.05609161388440275	3.21810750914531e-05	3.533510963917551e-05	3.533510963917551e-05	36.0	0.016092981671881983
chr17	chr17	1095	27375000	3.5323927558548395e-05	2236	1744	0.07116086759820142	4.080324976961091e-05	3.5323927558548395e-05	3.5323927558548395e-05	48.0	0.02146690518783542
chr17	chr17	1096	27400000	3.531275921902383e-05	2235	1745	0.06719125351857508	3.850501634302297e-05	3.531275921902383e-05	3.531275921902383e-05	47.0	0.021029082774049218
chr17	chr17	1097	27425000	3.530160459120164e-05	2234	1745	0.05214819087799433	2.9884350073349185e-05	3.530160459120164e-05	3.530160459120164e-05	43.0	0.019247985675917637
chr17	chr17	1098	27450000	3.529173751401707e-05	2233	1746	0.05995329574349063	3.4337511880578824e-05	3.529173751401707e-05	3.529173751401707e-05	43.0	0.019256605463502014
chr17	chr17	1099	27475000	3.5281882173313935e-05	2232	1745	0.07191291425502429	4.12108391146271e-05	3.5281882173313935e-05	3.5281882173313935e-05	49.0	0.021953405017921146
chr17	chr17	1100	27500000	3.5272038544471966e-05	2231	1745	0.0506124336827542	2.900425999011702e-05	3.5272038544471966e-05	3.5272038544471966e-05	38.0	0.01703272075302555
chr17	chr17	1101	27525000	3.526220660294487e-05	2230	1744	0.044445703492246254	2.548492172720542e-05	3.526220660294487e-05	3.526220660294487e-05	32.0	0.014349775784753363
chr17	chr17	1102	27550000	3.525238632426003e-05	2229	1743	0.07093604423443006	4.069767311212281e-05	3.525238632426003e-05	3.525238632426003e-05	50.0	0.02243158366980709
chr17	chr17	1103	27575000	3.5242577684018256e-05	2228	1740	0.07535642718171229	4.3308291483742693e-05	3.5242577684018256e-05	3.5242577684018256e-05	54.0	0.02423698384201077
chr17	chr17	1104	27600000	3.5232780657893456e-05	2227	1739	0.05767027146281936	3.316289330811924e-05	3.5232780657893456e-05	3.5232780657893456e-05	41.0	0.018410417602155366
chr17	chr17	1105	27625000	3.5222995221632274e-05	2226	1739	0.07025413554729795	4.039915787653706e-05	3.5222995221632274e-05	3.5222995221632274e-05	49.0	0.0220125786163522
chr17	chr17	1106	27650000	3.521322135105395e-05	2225	1738	0.07274914727065014	4.1857967359407444e-05	3.521322135105395e-05	3.521322135105395e-05	52.0	0.023370786516853932
chr17	chr17	1107	27675000	3.5203459022050054e-05	2224	1736	0.04398893235846934	2.5339246750270355e-05	3.5203459022050054e-05	3.5203459022050054e-05	32.0	0.014388489208633094
chr17	chr17	1108	27700000	3.5193708210584036e-05	2223	1736	0.05889598686952835	3.392625971747025e-05	3.5193708210584036e-05	3.5193708210584036e-05	39.0	0.017543859649122806
chr17	chr17	1109	27725000	3.518396889269103e-05	2222	1735	0.04952626572218304	2.8545398110768325e-05	3.518396889269103e-05	3.518396889269103e-05	40.0	0.018001800180018002
chr17	chr17	1110	27750000	3.5174241044477624e-05	2221	1733	0.0641934846365413	3.704182610302441e-05	3.5174241044477624e-05	3.5174241044477624e-05	44.0	0.01981089599279604
chr17	chr17	1111	27775000	3.516452464212159e-05	2220	1733	0.08571998331183589	4.946334870850311e-05	3.516452464212159e-05	3.516452464212159e-05	56.0	0.025225225225225224
chr17	chr17	1112	27800000	3.5154819661871473e-05	2219	1734	0.07030890867449381	4.054723683650162e-05	3.5154819661871473e-05	3.5154819661871473e-05	47.0	0.02118071203244705
chr17	chr17	1113	27825000	3.514512608004645e-05	2218	1734	0.07968993939456093	4.595728915487943e-05	3.514512608004645e-05	3.514512608004645e-05	56.0	0.025247971145175834
chr17	chr17	1114	27850000	3.513544387303606e-05	2217	1735	0.049566504632527354	2.8568590566298187e-05	3.513544387303606e-05	3.513544387303606e-05	35.0	0.015787099684258007
chr17	chr17	1115	27875000	3.512577301729976e-05	2216	1733	0.060176425544116854	3.4723846245883934e-05	3.512577301729976e-05	3.512577301729976e-05	43.0	0.0194043321299639
chr17	chr17	1116	27900000	3.5116113489366925e-05	2215	1733	0.036050837262568705	2.0802560451568785e-05	3.5116113489366925e-05	3.5116113489366925e-05	28.0	0.012641083521444696
chr17	chr17	1117	27925000	3.510646526583633e-05	2214	1731	0.05665111502590357	3.27273916960737e-05	3.510646526583633e-05	3.510646526583633e-05	40.0	0.018066847335140017
chr17	chr17	1118	27950000	3.5096828323376074e-05	2213	1729	0.05822282896073384	3.367427932951639e-05	3.5096828323376074e-05	3.5096828323376074e-05	44.0	0.019882512426570267
chr17	chr17	1119	27975000	3.508720263872314e-05	2212	1728	0.0625408706517465	3.619263347901997e-05	3.508720263872314e-05	3.508720263872314e-05	43.0	0.019439421338155516
chr17	chr17	1120	28000000	3.507758818868325e-05	2211	1723	0.052669738980825144	3.056862390065301e-05	3.507758818868325e-05	3.507758818868325e-05	37.0	0.016734509271822705
chr17	chr17	1121	28025000	3.50679849501306e-05	2210	1721	0.06794570185702341	3.9480361334702734e-05	3.50679849501306e-05	3.50679849501306e-05	49.0	0.022171945701357467
chr17	chr17	1122	28050000	3.5058392900007534e-05	2209	1719	0.0612957722445349	3.565780817017737e-05	3.5058392900007534e-05	3.5058392900007534e-05	43.0	0.019465821638750568
chr17	chr17	1123	28075000	3.50488120153243e-05	2208	1716	0.052717776402466644	3.0721314919852355e-05	3.50488120153243e-05	3.50488120153243e-05	36.0	0.016304347826086956
chr17	chr17	1124	28100000	3.5040309736064904e-05	2207	1713	0.05763732033637558	3.3647005450306816e-05	3.5040309736064904e-05	3.5040309736064904e-05	40.0	0.01812415043044857
chr17	chr17	1125	28125000	3.5031817077514694e-05	2206	1712	0.07002041405386936	4.0899774564176025e-05	3.5031817077514694e-05	3.5031817077514694e-05	50.0	0.022665457842248413
chr17	chr17	1126	28150000	3.502333402025015e-05	2205	1711	0.04781477178589845	2.7945512440618616e-05	3.502333402025015e-05	3.502333402025015e-05	33.0	0.014965986394557823
chr17	chr17	1127	28175000	3.501486054490424e-05	2204	1709	0.06444155553542275	3.7707171173448066e-05	3.501486054490424e-05	3.501486054490424e-05	44.0	0.019963702359346643
chr17	chr17	1128	28200000	3.5006396632166045e-05	2203	1706	0.060274398951158145	3.5330831741593285e-05	3.5006396632166045e-05	3.5006396632166045e-05	42.0	0.019064911484339538
chr17	chr17	1129	28225000	3.499794226278069e-05	2202	1707	0.07697559912746517	4.509408267572652e-05	3.499794226278069e-05	3.499794226278069e-05	54.0	0.02452316076294278
chr17	chr17	1130	28250000	3.49894974175491e-05	2201	1707	0.06480066167128605	3.7961723298937343e-05	3.49894974175491e-05	3.49894974175491e-05	45.0	0.02044525215810995
chr17	chr17	1131	28275000	3.49810620773277e-05	2200	1705	0.05424019202625361	3.1812429340911205e-05	3.49810620773277e-05	3.49810620773277e-05	39.0	0.017727272727272727
chr17	chr17	1132	28300000	3.4972636223028386e-05	2199	1703	0.05844684961630552	3.431993518279831e-05	3.4972636223028386e-05	3.4972636223028386e-05	44.0	0.020009095043201454
chr17	chr17	1133	28325000	3.496421983561809e-05	2198	1702	0.054409803879965496	3.196815739128408e-05	3.496421983561809e-05	3.496421983561809e-05	40.0	0.018198362147406732
chr17	chr17	1134	28350000	3.495581289611879e-05	2197	1703	0.04159783293554023	2.4426208417815754e-05	3.495581289611879e-05	3.495581289611879e-05	33.0	0.015020482476103778
chr17	chr17	1135	28375000	3.494741538560709e-05	2196	1703	0.06664890641975492	3.913617523179972e-05	3.494741538560709e-05	3.494741538560709e-05	47.0	0.021402550091074682
chr17	chr17	1136	28400000	3.4939027285214255e-05	2195	1703	0.058090485065936164	3.411067825363251e-05	3.4939027285214255e-05	3.4939027285214255e-05	39.0	0.01776765375854214
chr17	chr17	1137	28425000	3.493064857612577e-05	2194	1703	0.05163009390637799	3.031714263439694e-05	3.493064857612577e-05	3.493064857612577e-05	38.0	0.01731996353691887
chr17	chr17	1138	28450000	3.4922279239581275e-05	2193	1702	0.07420985222577636	4.360155829951608e-05	3.4922279239581275e-05	3.4922279239581275e-05	49.0	0.022343821249430004
chr17	chr17	1139	28475000	3.491391925687439e-05	2192	1701	0.0442068434604894	2.598873807201023e-05	3.491391925687439e-05	3.491391925687439e-05	31.0	0.014142335766423358
chr17	chr17	1140	28500000	3.4905568609352317e-05	2191	1700	0.041472444934252076	2.439555584367769e-05	3.4905568609352317e-05	3.4905568609352317e-05	27.0	0.012323140118667275
chr17	chr17	1141	28525000	3.489722727841594e-05	2190	1698	0.05661252366474773	3.334070887205402e-05	3.489722727841594e-05	3.489722727841594e-05	42.0	0.019178082191780823
chr17	chr17	1142	28550000	3.4888895245519334e-05	2189	1697	0.05479692040703152	3.2290465767254874e-05	3.4888895245519334e-05	3.4888895245519334e-05	38.0	0.01735952489721334
chr17	chr17	1143	28575000	3.488057249216974e-05	2188	1693	0.04768687486714927	2.816708497764281e-05	3.488057249216974e-05	3.488057249216974e-05	33.0	0.015082266910420476
chr17	chr17	1144	28600000	3.487225899992728e-05	2187	1692	0.08236327264755425	4.8678057120303927e-05	3.487225899992728e-05	3.487225899992728e-05	60.0	0.027434842249657063
chr17	chr17	1145	28625000	3.486395475040487e-05	2186	1693	0.06338629611363585	3.7440222158083786e-05	3.486395475040487e-05	3.486395475040487e-05	47.0	0.021500457456541628
chr17	chr17	1146	28650000	3.4855659725267896e-05	2185	1692	0.05726720237299979	3.38458642866429e-05	3.4855659725267896e-05	3.4855659725267896e-05	41.0	0.018764302059496567
chr17	chr17	1147	28675000	3.4847373906234086e-05	2184	1691	0.061535865969612066	3.639022233566651e-05	3.4847373906234086e-05	3.4847373906234086e-05	44.0	0.020146520146520148
chr17	chr17	1148	28700000	3.48390972750733e-05	2183	1691	0.052306827007705774	3.093248196789224e-05	3.48390972750733e-05	3.48390972750733e-05	38.0	0.017407237746220796
chr17	chr17	1149	28725000	3.483082981360729e-05	2182	1690	0.06164242085443602	3.6474805239311255e-05	3.483082981360729e-05	3.483082981360729e-05	41.0	0.018790100824931256
chr17	chr17	1150	28750000	3.482257150370964e-05	2181	1690	0.06030911160000146	3.568586485207187e-05	3.482257150370964e-05	3.482257150370964e-05	38.0	0.01742320036680422
chr17	chr17	1151	28775000	3.481513810158518e-05	2180	1689	0.058954713483224744	3.490509975324141e-05	3.481513810158518e-05	3.481513810158518e-05	42.0	0.01926605504587156
chr17	chr17	1152	28800000	3.480771273957464e-05	2179	1687	0.06924867540845424	4.1048414587109805e-05	3.480771273957464e-05	3.480771273957464e-05	48.0	0.02202845341899954
chr17	chr17	1153	28825000	3.480029540201374e-05	2178	1686	0.06556551591628051	3.8888206356038266e-05	3.480029540201374e-05	3.480029540201374e-05	47.0	0.02157943067033976
chr17	chr17	1154	28850000	3.479288607328226e-05	2177	1684	0.05806362106583122	3.447958495595678e-05	3.479288607328226e-05	3.479288607328226e-05	43.0	0.01975195222783647
chr17	chr17	1155	28875000	3.478548473780386e-05	2176	1682	0.06584287558731806	3.9145585961544625e-05	3.478548473780386e-05	3.478548473780386e-05	42.0	0.019301470588235295
chr17	chr17	1156	28900000	3.4778091380046e-05	2175	1681	0.0686468701612453	4.0836924545654546e-05	3.4778091380046e-05	3.4778091380046e-05	49.0	0.022528735632183907
chr17	chr17	1157	28925000	3.477070598451964e-05	2174	1678	0.04915219191409621	2.929212867347808e-05	3.477070598451964e-05	3.477070598451964e-05	36.0	0.01655933762649494
chr17	chr17	1158	28950000	3.4763328535779235e-05	2173	1677	0.06645692019841838	3.962845569374978e-05	3.4763328535779235e-05	3.4763328535779235e-05	46.0	0.02116889093419236
chr17	chr17	1159	28975000	3.4755959018422565e-05	2172	1677	0.05706277559841785	3.402669982016569e-05	3.4755959018422565e-05	3.4755959018422565e-05	42.0	0.019337016574585635
chr17	chr17	1160	29000000	3.474859741709034e-05	2171	1674	0.04148668240884844	2.4782964401940523e-05	3.474859741709034e-05	3.474859741709034e-05	35.0	0.016121602947950252
chr17	chr17	1161	29025000	3.4741243716466426e-05	2170	1673	0.049590880081214685	2.964188887101894e-05	3.4741243716466426e-05	3.4741243716466426e-05	37.0	0.017050691244239632
chr17	chr17	1162	29050000	3.47338979012773e-05	2169	1672	0.05087149181805457	3.042553338400393e-05	3.47338979012773e-05	3.47338979012773e-05	40.0	0.018441678192715538
chr17	chr17	1163	29075000	3.472655995629221e-05	2168	1672	0.06338798383593329	3.79114735860845e-05	3.472655995629221e-05	3.472655995629221e-05	43.0	0.019833948339483393
chr17	chr17	1164	29100000	3.471922986632287e-05	2167	1669	0.06438161185840029	3.8574962168004965e-05	3.471922986632287e-05	3.471922986632287e-05	45.0	0.02076603599446239
chr17	chr17	1165	29125000	3.471190761622321e-05	2166	1667	0.04626441678464394	2.7753099450896188e-05	3.471190761622321e-05	3.471190761622321e-05	36.0	0.01662049861495845
chr17	chr17	1166	29150000	3.4704593190889494e-05	2165	1665	0.03541358709163732	2.126942167665905e-05	3.4704593190889494e-05	3.4704593190889494e-05	24.0	0.011085450346420323
chr17	chr17	1167	29175000	3.469728657525987e-05	2164	1664	0.052886194609047865	3.1782568875629724e-05	3.469728657525987e-05	3.469728657525987e-05	40.0	0.018484288354898338
chr17	chr17	1168	29200000	3.468998775431443e-05	2163	1661	0.050411803311069	3.0350272914550875e-05	3.468998775431443e-05	3.468998775431443e-05	38.0	0.01756819232547388
chr17	chr17	1169	29225000	3.4682696713074925e-05	2162	1660	0.05705678309598811	3.437155608192055e-05	3.4682696713074925e-05	3.4682696713074925e-05	40.0	0.018501387604070305
chr17	chr17	1170	29250000	3.467541343660475e-05	2161	1660	0.07351240202937788	4.428457953576981e-05	3.467541343660475e-05	3.467541343660475e-05	52.0	0.024062933826931976
chr17	chr17	1171	29275000	3.466813791000866e-05	2160	1659	0.06932557883728258	4.178757012494429e-05	3.466813791000866e-05	3.466813791000866e-05	48.0	0.022222222222222223
chr17	chr17	1172	29300000	3.466087011843266e-05	2159	1658	0.06035401507588988	3.640169787448123e-05	3.466087011843266e-05	3.466087011843266e-05	41.0	0.018990273274664196
chr17	chr17	1173	29325000	3.465361004706386e-05	2158	1657	0.06863569629674279	4.142166342591599e-05	3.465361004706386e-05	3.465361004706386e-05	43.0	0.019925857275254866
chr17	chr17	1174	29350000	3.4646357681130455e-05	2157	1656	0.05327880776103964	3.217319309241524e-05	3.4646357681130455e-05	3.4646357681130455e-05	40.0	0.01854427445526194
chr17	chr17	1175	29375000	3.463911300590127e-05	2156	1656	0.07754355896990336	4.682582063399962e-05	3.463911300590127e-05	3.463911300590127e-05	50.0	0.023191094619666047
chr17	chr17	1176	29400000	3.463187600668591e-05	2155	1654	0.0521276330660318	3.151610221646421e-05	3.463187600668591e-05	3.463187600668591e-05	40.0	0.018561484918793503
chr17	chr17	1177	29425000	3.462464666883454e-05	2154	1654	0.04464284097780699	2.6990834932168678e-05	3.462464666883454e-05	3.462464666883454e-05	36.0	0.016713091922005572
chr17	chr17	1178	29450000	3.46179806656958e-05	2153	1655	0.04921777962234573	2.9738839650964184e-05	3.46179806656958e-05	3.46179806656958e-05	37.0	0.017185322805387832
chr17	chr17	1179	29475000	3.4611321600621945e-05	2152	1655	0.08041899806903599	4.859153961875286e-05	3.4611321600621945e-05	3.4611321600621945e-05	49.0	0.022769516728624536
chr17	chr17	1180	29500000	3.460466946051625e-05	2151	1655	0.05820368217127059	3.5168388018894616e-05	3.460466946051625e-05	3.460466946051625e-05	42.0	0.019525801952580194
chr17	chr17	1181	29525000	3.459802423231771e-05	2150	1654	0.058465084918304495	3.534769342098216e-05	3.459802423231771e-05	3.459802423231771e-05	44.0	0.020465116279069766
chr17	chr17	1182	29550000	3.459138590300105e-05	2149	1654	0.05298036666192182	3.203166061784874e-05	3.459138590300105e-05	3.459138590300105e-05	33.0	0.015355979525360632
chr17	chr17	1183	29575000	3.4584754459576545e-05	2148	1654	0.04380021347296438	2.648138662210664e-05	3.4584754459576545e-05	3.4584754459576545e-05	32.0	0.0148975791433892
chr17	chr17	1184	29600000	3.4578129889089833e-05	2147	1654	0.05058493392336767	3.058339414955724e-05	3.4578129889089833e-05	3.4578129889089833e-05	39.0	0.018164881229622728
chr17	chr17	1185	29625000	3.4571512178621826e-05	2146	1653	0.058199158568846845	3.520820240099628e-05	3.4571512178621826e-05	3.4571512178621826e-05	42.0	0.0195712954333644
chr17	chr17	1186	29650000	3.4564901315288676e-05	2145	1653	0.07143151916161496	4.321326023086204e-05	3.4564901315288676e-05	3.4564901315288676e-05	53.0	0.02470862470862471
chr17	chr17	1187	29675000	3.455829728624153e-05	2144	1653	0.048455203425457054	2.9313492695376317e-05	3.455829728624153e-05	3.455829728624153e-05	32.0	0.014925373134328358
chr17	chr17	1188	29700000	3.455170007866638e-05	2143	1652	0.06784259054378777	4.106694342844296e-05	3.455170007866638e-05	3.455170007866638e-05	46.0	0.021465235650956604
chr17	chr17	1189	29725000	3.454510967978413e-05	2142	1652	0.048336892037494264	2.9259619877417834e-05	3.454510967978413e-05	3.454510967978413e-05	38.0	0.017740429505135387
chr17	chr17	1190	29750000	3.453852607685021e-05	2141	1651	0.06776853859703462	4.1046964625702374e-05	3.453852607685021e-05	3.453852607685021e-05	47.0	0.021952358710882764
chr17	chr17	1191	29775000	3.453194925715472e-05	2140	1650	0.04839016838267412	2.9327374777378255e-05	3.453194925715472e-05	3.453194925715472e-05	38.0	0.017757009345794394
chr17	chr17	1192	29800000	3.452537920802204e-05	2139	1648	0.048463252646842446	2.9407313499297602e-05	3.452537920802204e-05	3.452537920802204e-05	34.0	0.015895278167367927
chr17	chr17	1193	29825000	3.4518815916810986e-05	2138	1647	0.049118321992992216	2.982290345658301e-05	3.4518815916810986e-05	3.4518815916810986e-05	38.0	0.01777362020579981
chr17	chr17	1194	29850000	3.451225937091448e-05	2137	1645	0.04438390786829447	2.6981099008081747e-05	3.451225937091448e-05	3.451225937091448e-05	33.0	0.01544220870379036
chr17	chr17	1195	29875000	3.450570955775944e-05	2136	1643	0.057142034971964524	3.47790839756327e-05	3.450570955775944e-05	3.450570955775944e-05	41.0	0.019194756554307114
chr17	chr17	1196	29900000	3.449916646480683e-05	2135	1641	0.058723639668124154	3.578527706771734e-05	3.449916646480683e-05	3.449916646480683e-05	43.0	0.020140515222482436
chr17	chr17	1197	29925000	3.449263007955134e-05	2134	1640	0.056832545149879884	3.465399094504871e-05	3.449263007955134e-05	3.449263007955134e-05	40.0	0.01874414245548266
chr17	chr17	1198	29950000	3.448610038952138e-05	2133	1636	0.05707410913721165	3.488637477824673e-05	3.448610038952138e-05	3.448610038952138e-05	41.0	0.01922175339896859
chr17	chr17	1199	29975000	3.447957738227893e-05	2132	1634	0.05507157010716177	3.370353127733279e-05	3.447957738227893e-05	3.447957738227893e-05	40.0	0.01876172607879925
chr17	chr17	1200	30000000	3.4473061045419445e-05	2131	1631	0.07301006977855837	4.476399128053855e-05	3.4473061045419445e-05	3.4473061045419445e-05	45.0	0.02111684655091506
chr17	chr17	1201	30025000	3.446655136657172e-05	2130	1628	0.06588041842838961	4.046708748672581e-05	3.446655136657172e-05	3.446655136657172e-05	45.0	0.02112676056338028
chr17	chr17	1202	30050000	3.446004833339772e-05	2129	1626	0.038172197118421694	2.3476135989189233e-05	3.446004833339772e-05	3.446004833339772e-05	31.0	0.01456082667919211
chr17	chr17	1203	30075000	3.445355193359259e-05	2128	1625	0.05252816413235278	3.232502408144786e-05	3.445355193359259e-05	3.445355193359259e-05	41.0	0.01926691729323308
chr17	chr17	1204	30100000	3.444706215488437e-05	2127	1623	0.06028686933074869	3.714532922412119e-05	3.444706215488437e-05	3.444706215488437e-05	39.0	0.018335684062059238
chr17	chr17	1205	30125000	3.444057898503405e-05	2126	1623	0.06888156945540723	4.2440893071723494e-05	3.444057898503405e-05	3.444057898503405e-05	47.0	0.022107243650047036
chr17	chr17	1206	30150000	3.443440507518511e-05	2125	1625	0.06616831972567513	4.071896598503085e-05	3.443440507518511e-05	3.443440507518511e-05	48.0	0.02258823529411765
chr17	chr17	1207	30175000	3.44282373879194e-05	2124	1626	0.04687911273153568	2.8830942639320835e-05	3.44282373879194e-05	3.44282373879194e-05	35.0	0.01647834274952919
chr17	chr17	1208	30200000	3.4422075911817614e-05	2123	1627	0.03444167432497325	2.1168822572202364e-05	3.4422075911817614e-05	3.4422075911817614e-05	27.0	0.012717852096090438
chr17	chr17	1209	30225000	3.44159206354909e-05	2122	1625	0.07880050670509679	4.8492619510828795e-05	3.44159206354909e-05	3.44159206354909e-05	55.0	0.025918944392082942
chr17	chr17	1210	30250000	3.440977154758068e-05	2121	1623	0.06655166861483185	4.100534110587298e-05	3.440977154758068e-05	3.440977154758068e-05	47.0	0.02215935879302216
chr17	chr17	1211	30275000	3.4403628636758536e-05	2120	1622	0.05482346900428394	3.379991923815286e-05	3.4403628636758536e-05	3.4403628636758536e-05	38.0	0.017924528301886792
chr17	chr17	1212	30300000	3.439749189172604e-05	2119	1621	0.06767317091423532	4.174779205073123e-05	3.439749189172604e-05	3.439749189172604e-05	44.0	0.020764511562057573
chr17	chr17	1213	30325000	3.439136130121491e-05	2118	1619	0.04950289559244577	3.0576217166427283e-05	3.439136130121491e-05	3.439136130121491e-05	36.0	0.0169971671388102
chr17	chr17	1214	30350000	3.438523685398655e-05	2117	1618	0.04323736708890819	2.672272378795315e-05	3.438523685398655e-05	3.438523685398655e-05	31.0	0.014643363249881908
chr17	chr17	1215	30375000	3.437911853883224e-05	2116	1616	0.05828146822226331	3.606526498902432e-05	3.437911853883224e-05	3.437911853883224e-05	43.0	0.020321361058601134
chr17	chr17	1216	30400000	3.4373006344572834e-05	2115	1616	0.055283056065423254	3.420981192167281e-05	3.4373006344572834e-05	3.4373006344572834e-05	40.0	0.018912529550827423
chr17	chr17	1217	30425000	3.436690026005879e-05	2114	1616	0.052844038307390366	3.270051875457325e-05	3.436690026005879e-05	3.436690026005879e-05	42.0	0.019867549668874173
chr17	chr17	1218	30450000	3.436080027417e-05	2113	1616	0.04504394562996703	2.7873728731415244e-05	3.436080027417e-05	3.436080027417e-05	32.0	0.015144344533838144
chr17	chr17	1219	30475000	3.435470637581571e-05	2112	1617	0.04409140587333309	2.7267412413935117e-05	3.435470637581571e-05	3.435470637581571e-05	33.0	0.015625
chr17	chr17	1220	30500000	3.434861855393438e-05	2111	1618	0.06644362486620385	4.106528112867976e-05	3.434861855393438e-05	3.434861855393438e-05	48.0	0.022738038844149693
chr17	chr17	1221	30525000	3.4342536797493673e-05	2110	1618	0.0592099008619168	3.659449991465809e-05	3.4342536797493673e-05	3.4342536797493673e-05	40.0	0.018957345971563982
chr17	chr17	1222	30550000	3.4336461095490245e-05	2109	1620	0.060198904418120716	3.7159817542049827e-05	3.4336461095490245e-05	3.4336461095490245e-05	43.0	0.020388809862494073
chr17	chr17	1223	30575000	3.4330391436949726e-05	2108	1620	0.05204497333868737	3.212652675227615e-05	3.4330391436949726e-05	3.4330391436949726e-05	38.0	0.018026565464895637
chr17	chr17	1224	30600000	3.432432781092659e-05	2107	1621	0.05744595851458932	3.543859254447213e-05	3.432432781092659e-05	3.432432781092659e-05	41.0	0.01945894636924537
chr17	chr17	1225	30625000	3.431827020650404e-05	2106	1621	0.03573358102897619	2.2044158561984077e-05	3.431827020650404e-05	3.431827020650404e-05	27.0	0.01282051282051282
chr17	chr17	1226	30650000	3.43122186127939e-05	2105	1622	0.037791508498141814	2.3299327064205805e-05	3.43122186127939e-05	3.43122186127939e-05	28.0	0.01330166270783848
chr17	chr17	1227	30675000	3.430617301893663e-05	2104	1623	0.051181623324065006	3.1535196133126927e-05	3.430617301893663e-05	3.430617301893663e-05	36.0	0.017110266159695818
chr17	chr17	1228	30700000	3.4300133414101036e-05	2103	1624	0.07392586995527912	4.552085588379257e-05	3.4300133414101036e-05	3.4300133414101036e-05	51.0	0.024251069900142655
chr17	chr17	1229	30725000	3.4294099787484374e-05	2102	1624	0.06229801787702329	3.8360848446442916e-05	3.4294099787484374e-05	3.4294099787484374e-05	45.0	0.021408182683158895
chr17	chr17	1230	30750000	3.42880721283121e-05	2101	1624	0.04895138094634191	3.0142475952180978e-05	3.42880721283121e-05	3.42880721283121e-05	37.0	0.017610661589719183
chr17	chr17	1231	30775000	3.428205042583784e-05	2100	1623	0.06044797886234962	3.7244595725415664e-05	3.428205042583784e-05	3.428205042583784e-05	42.0	0.02
chr17	chr17	1232	30800000	3.427603466934323e-05	2099	1621	0.0817216991996768	5.0414373349584696e-05	3.427603466934323e-05	3.427603466934323e-05	59.0	0.0281086231538828
chr17	chr17	1233	30825000	3.4270024848137974e-05	2098	1618	0.06145713044357648	3.7983393352025016e-05	3.4270024848137974e-05	3.4270024848137974e-05	41.0	0.019542421353670163
chr17	chr17	1234	30850000	3.426402095155958e-05	2097	1615	0.053213961281085645	3.2949821226678416e-05	3.426402095155958e-05	3.426402095155958e-05	42.0	0.020028612303290415
chr17	chr17	1235	30875000	3.425807407353523e-05	2096	1612	0.052554549177052726	3.2602077653258515e-05	3.425807407353523e-05	3.425807407353523e-05	41.0	0.019561068702290078
chr17	chr17	1236	30900000	3.4252133039738524e-05	2095	1610	0.04573449682568807	2.840651976750812e-05	3.4252133039738524e-05	3.4252133039738524e-05	33.0	0.015751789976133652
chr17	chr17	1237	30925000	3.4246197839704665e-05	2094	1607	0.04865813888206521	3.027886675921917e-05	3.4246197839704665e-05	3.4246197839704665e-05	36.0	0.017191977077363897
chr17	chr17	1238	30950000	3.424026846299615e-05	2093	1605	0.05492392447041616	3.4220513688732814e-05	3.424026846299615e-05	3.424026846299615e-05	39.0	0.018633540372670808
chr17	chr17	1239	30975000	3.4234344899202525e-05	2092	1603	0.04568967771038426	2.8502606182398168e-05	3.4234344899202525e-05	3.4234344899202525e-05	34.0	0.016252390057361378
chr17	chr17	1240	31000000	3.4228427137940325e-05	2091	1602	0.058115651290052965	3.627693588642507e-05	3.4228427137940325e-05	3.4228427137940325e-05	38.0	0.018173122907699665
chr17	chr17	1241	31025000	3.422251516885299e-05	2090	1600	0.05193891648977321	3.2461822806108254e-05	3.422251516885299e-05	3.422251516885299e-05	38.0	0.01818181818181818
chr17	chr17	1242	31050000	3.421660898161075e-05	2089	1598	0.04215088011809149	2.6377271663386416e-05	3.421660898161075e-05	3.421660898161075e-05	31.0	0.014839636189564385
chr17	chr17	1243	31075000	3.4210708565910575e-05	2088	1597	0.05287828747616225	3.3111012821641984e-05	3.4210708565910575e-05	3.4210708565910575e-05	39.0	0.01867816091954023
chr17	chr17	1244	31100000	3.420481391147609e-05	2087	1596	0.05506925473117672	3.4504545570912734e-05	3.420481391147609e-05	3.420481391147609e-05	39.0	0.018687110685194058
chr17	chr17	1245	31125000	3.4198925008057415e-05	2086	1595	0.05148388560936729	3.227829818769109e-05	3.4198925008057415e-05	3.4198925008057415e-05	38.0	0.01821668264621285
chr17	chr17	1246	31150000	3.419304184543113e-05	2085	1594	0.0599811971970828	3.7629358341959094e-05	3.419304184543113e-05	3.419304184543113e-05	42.0	0.02014388489208633
chr17	chr17	1247	31175000	3.4187164413400195e-05	2084	1593	0.06162929334258882	3.868756644230309e-05	3.4187164413400195e-05	3.4187164413400195e-05	43.0	0.020633397312859885
chr17	chr17	1248	31200000	3.4181292701793836e-05	2083	1593	0.05194830725040952	3.2610362366860965e-05	3.4181292701793836e-05	3.4181292701793836e-05	39.0	0.01872299567930869
chr17	chr17	1249	31225000	3.417542670046743e-05	2082	1592	0.04856388491721525	3.0504952837446766e-05	3.417542670046743e-05	3.417542670046743e-05	34.0	0.01633045148895293
chr17	chr17	1250	31250000	3.416956639930251e-05	2081	1591	0.05512301973745307	3.464677544780206e-05	3.416956639930251e-05	3.416956639930251e-05	38.0	0.01826045170591062
chr17	chr17	1251	31275000	3.416371178820653e-05	2080	1590	0.052706451202338245	3.3148711448011474e-05	3.416371178820653e-05	3.416371178820653e-05	37.0	0.017788461538461538
chr17	chr17	1252	31300000	3.4157862857113e-05	2079	1588	0.07147656751923506	4.501043294662158e-05	3.4157862857113e-05	3.4157862857113e-05	50.0	0.02405002405002405
chr17	chr17	1253	31325000	3.415201959598106e-05	2078	1586	0.06431346324770452	4.0550733447480785e-05	3.415201959598106e-05	3.415201959598106e-05	38.0	0.01828681424446583
chr17	chr17	1254	31350000	3.414618199479576e-05	2077	1584	0.07234775407721894	4.567408716996145e-05	3.414618199479576e-05	3.414618199479576e-05	51.0	0.02455464612421762
chr17	chr17	1255	31375000	3.414035004356779e-05	2076	1583	0.04939952301385454	3.12062684863263e-05	3.414035004356779e-05	3.414035004356779e-05	37.0	0.017822736030828516
chr17	chr17	1256	31400000	3.413452373233333e-05	2075	1582	0.06327267453313876	3.999536948997393e-05	3.413452373233333e-05	3.413452373233333e-05	43.0	0.02072289156626506
chr17	chr17	1257	31425000	3.412870305115411e-05	2074	1583	0.06800695245572641	4.296080382547468e-05	3.412870305115411e-05	3.412870305115411e-05	47.0	0.02266152362584378
chr17	chr17	1258	31450000	3.412288799011725e-05	2073	1582	0.05745979892665605	3.632098541507968e-05	3.412288799011725e-05	3.412288799011725e-05	42.0	0.020260492040520984
chr17	chr17	1259	31475000	3.411707853933519e-05	2072	1583	0.044593108572536275	2.816999909825412e-05	3.411707853933519e-05	3.411707853933519e-05	29.0	0.013996138996138996
chr17	chr17	1260	31500000	3.411127468894555e-05	2071	1581	0.05101048271546667	3.226469494969429e-05	3.411127468894555e-05	3.411127468894555e-05	36.0	0.017382906808305166
chr17	chr17	1261	31525000	3.41054764291112e-05	2070	1578	0.039119889061674844	2.479080422159369e-05	3.41054764291112e-05	3.41054764291112e-05	30.0	0.014492753623188406
chr17	chr17	1262	31550000	3.409968375001995e-05	2069	1577	0.07056359062173885	4.474546012792572e-05	3.409968375001995e-05	3.409968375001995e-05	52.0	0.02513291445142581
chr17	chr17	1263	31575000	3.40938966418847e-05	2068	1578	0.04571407559470355	2.8969629654438245e-05	3.40938966418847e-05	3.40938966418847e-05	35.0	0.016924564796905222
chr17	chr17	1264	31600000	3.4087934344734084e-05	2067	1578	0.05872014569971526	3.7211752661416516e-05	3.4087934344734084e-05	3.4087934344734084e-05	40.0	0.019351717464925013
chr17	chr17	1265	31625000	3.408197780416849e-05	2066	1577	0.056152282843984797	3.5607027802146354e-05	3.408197780416849e-05	3.408197780416849e-05	42.0	0.02032913843175218
chr17	chr17	1266	31650000	3.407602701008581e-05	2065	1575	0.04059426471054464	2.5774136324155328e-05	3.407602701008581e-05	3.407602701008581e-05	33.0	0.015980629539951573
chr17	chr17	1267	31675000	3.407008195240975e-05	2064	1575	0.05025304160831392	3.1906693084643757e-05	3.407008195240975e-05	3.407008195240975e-05	35.0	0.01695736434108527
chr17	chr17	1268	31700000	3.406414262108951e-05	2063	1575	0.05571018682751406	3.537154719207242e-05	3.406414262108951e-05	3.406414262108951e-05	42.0	0.02035870092098885
chr17	chr17	1269	31725000	3.405820900609989e-05	2062	1575	0.050985778618699074	3.237192293250735e-05	3.405820900609989e-05	3.405820900609989e-05	36.0	0.01745877788554801
chr17	chr17	1270	31750000	3.405228109744103e-05	2061	1575	0.056863565440066745	3.610385107305825e-05	3.405228109744103e-05	3.405228109744103e-05	36.0	0.017467248908296942
chr17	chr17	1271	31775000	3.40463588851386e-05	2060	1575	0.05364004614203807	3.4057172153674965e-05	3.40463588851386e-05	3.40463588851386e-05	36.0	0.017475728155339806
chr17	chr17	1272	31800000	3.404044235924327e-05	2059	1575	0.05036264703554121	3.197628383208966e-05	3.404044235924327e-05	3.404044235924327e-05	36.0	0.017484215638659543
chr17	chr17	1273	31825000	3.4034531509831156e-05	2058	1575	0.059525235418711034	3.7793800265848274e-05	3.4034531509831156e-05	3.4034531509831156e-05	43.0	0.02089407191448008
chr17	chr17	1274	31850000	3.402862632700332e-05	2057	1573	0.05672475750150352	3.6061511444058185e-05	3.402862632700332e-05	3.402862632700332e-05	36.0	0.01750121536217793
chr17	chr17	1275	31875000	3.402272680088583e-05	2056	1570	0.054069918587567406	3.443943859080727e-05	3.402272680088583e-05	3.402272680088583e-05	41.0	0.019941634241245135
chr17	chr17	1276	31900000	3.401683292162978e-05	2055	1569	0.06006805399713649	3.828429190384735e-05	3.401683292162978e-05	3.401683292162978e-05	41.0	0.01995133819951338
chr17	chr17	1277	31925000	3.401094467941102e-05	2054	1569	0.04168394417164449	2.6567204698307514e-05	3.401094467941102e-05	3.401094467941102e-05	30.0	0.014605647517039922
chr17	chr17	1278	31950000	3.400506206443026e-05	2053	1568	0.03612344622227217	2.303791213155113e-05	3.400506206443026e-05	3.400506206443026e-05	27.0	0.013151485630784217
chr17	chr17	1279	31975000	3.3999185066912774e-05	2052	1565	0.07208312519444059	4.6059504916575456e-05	3.3999185066912774e-05	3.3999185066912774e-05	52.0	0.025341130604288498
chr17	chr17	1280	32000000	3.3993313677108584e-05	2051	1563	0.054541421919851285	3.4895343518778815e-05	3.3993313677108584e-05	3.3993313677108584e-05	40.0	0.019502681618722574
chr17	chr17	1281	32025000	3.398744788529212e-05	2050	1561	0.04900007268770059	3.1390181093978595e-05	3.398744788529212e-05	3.398744788529212e-05	33.0	0.016097560975609757
chr17	chr17	1282	32050000	3.398158768176229e-05	2049	1560	0.06458791440646543	4.140250923491373e-05	3.398158768176229e-05	3.398158768176229e-05	43.0	0.020985846754514398
chr17	chr17	1283	32075000	3.3975733056842386e-05	2048	1557	0.05750251976374126	3.693161192276253e-05	3.3975733056842386e-05	3.3975733056842386e-05	43.0	0.02099609375
chr17	chr17	1284	32100000	3.396988400087999e-05	2047	1557	0.047765405776672896	3.0677845713983874e-05	3.396988400087999e-05	3.396988400087999e-05	32.0	0.015632633121641426
chr17	chr17	1285	32125000	3.396404050424683e-05	2046	1556	0.0629784583946707	4.047458765724338e-05	3.396404050424683e-05	3.396404050424683e-05	43.0	0.021016617790811338
chr17	chr17	1286	32150000	3.395820255733882e-05	2045	1555	0.06998371057762783	4.500560165763847e-05	3.395820255733882e-05	3.395820255733882e-05	47.0	0.022982885085574573
chr17	chr17	1287	32175000	3.395237015057584e-05	2044	1554	0.060871568960669024	3.917089379708431e-05	3.395237015057584e-05	3.395237015057584e-05	41.0	0.020058708414872797
chr17	chr17	1288	32200000	3.394654327440181e-05	2043	1553	0.05689714170917253	3.663692318684645e-05	3.394654327440181e-05	3.394654327440181e-05	44.0	0.021536955457660302
chr17	chr17	1289	32225000	3.3940721919284515e-05	2042	1552	0.04823363652397128	3.107837404895057e-05	3.3940721919284515e-05	3.3940721919284515e-05	34.0	0.01665034280117532
chr17	chr17	1290	32250000	3.3934906075715546e-05	2041	1551	0.051722832292079676	3.3348054346924354e-05	3.3934906075715546e-05	3.3934906075715546e-05	36.0	0.017638412542871143
chr17	chr17	1291	32275000	3.392909573421019e-05	2040	1550	0.0345798329758323	2.2309569661827292e-05	3.392909573421019e-05	3.392909573421019e-05	27.0	0.013235294117647059
chr17	chr17	1292	32300000	3.392329088530744e-05	2039	1549	0.050644998536623784	3.269528633739431e-05	3.392329088530744e-05	3.392329088530744e-05	36.0	0.01765571358509073
chr17	chr17	1293	32325000	3.391749151956983e-05	2038	1548	0.052961223453664684	3.4212676649654185e-05	3.391749151956983e-05	3.391749151956983e-05	37.0	0.01815505397448479
chr17	chr17	1294	32350000	3.391130463200954e-05	2037	1547	0.054062232433812696	3.4946498017978474e-05	3.391130463200954e-05	3.391130463200954e-05	36.0	0.017673048600883652
chr17	chr17	1295	32375000	3.3905123651056816e-05	2036	1546	0.06101440132617287	3.946597757191001e-05	3.3905123651056816e-05	3.3905123651056816e-05	46.0	0.022593320235756387
chr17	chr17	1296	32400000	3.389894856651814e-05	2035	1546	0.06243615549699651	4.038561157632374e-05	3.389894856651814e-05	3.389894856651814e-05	44.0	0.021621621621621623
chr17	chr17	1297	32425000	3.3892779368225345e-05	2034	1545	0.05941161662733966	3.84541207943946e-05	3.3892779368225345e-05	3.3892779368225345e-05	39.0	0.019174041297935103
chr17	chr17	1298	32450000	3.388661604603566e-05	2033	1544	0.0629775013317861	4.078853713198582e-05	3.388661604603566e-05	3.388661604603566e-05	45.0	0.022134776192818496
chr17	chr17	1299	32475000	3.38804585898315e-05	2032	1543	0.04663360124580332	3.0222683892289902e-05	3.38804585898315e-05	3.38804585898315e-05	35.0	0.0172244094488189
chr17	chr17	1300	32500000	3.387430698952065e-05	2031	1542	0.06019457963353719	3.903669236934967e-05	3.387430698952065e-05	3.387430698952065e-05	38.0	0.018709995076317085
chr17	chr17	1301	32525000	3.386816123503583e-05	2030	1540	0.057684347676250476	3.745736862094187e-05	3.386816123503583e-05	3.386816123503583e-05	41.0	0.02019704433497537
chr17	chr17	1302	32550000	3.386202131633485e-05	2029	1539	0.037815537172812	2.4571499137629627e-05	3.386202131633485e-05	3.386202131633485e-05	27.0	0.01330704780680138
chr17	chr17	1303	32575000	3.38558872234005e-05	2028	1538	0.04230048302339996	2.7503565034720392e-05	3.38558872234005e-05	3.38558872234005e-05	32.0	0.015779092702169626
chr17	chr17	1304	32600000	3.384975894624044e-05	2027	1537	0.05835133123521667	3.7964431512828024e-05	3.384975894624044e-05	3.384975894624044e-05	42.0	0.020720276270350273
chr17	chr17	1305	32625000	3.384363647488701e-05	2026	1536	0.04985719019522476	3.245910820001612e-05	3.384363647488701e-05	3.384363647488701e-05	36.0	0.017769002961500493
chr17	chr17	1306	32650000	3.3837519799397394e-05	2025	1535	0.04263029256035644	2.7772177563750125e-05	3.3837519799397394e-05	3.3837519799397394e-05	32.0	0.01580246913580247
chr17	chr17	1307	32675000	3.383140890985332e-05	2024	1534	0.062491845666403076	4.073783941747267e-05	3.383140890985332e-05	3.383140890985332e-05	44.0	0.021739130434782608
chr17	chr17	1308	32700000	3.3825303796361056e-05	2023	1535	0.06003706354945163	3.9112093517558065e-05	3.3825303796361056e-05	3.3825303796361056e-05	47.0	0.023232822540781017
chr17	chr17	1309	32725000	3.381920444905136e-05	2022	1536	0.06671309738517188	4.3433006110137945e-05	3.381920444905136e-05	3.381920444905136e-05	49.0	0.02423343224530168
chr17	chr17	1310	32750000	3.3813110858079386e-05	2021	1537	0.033229770614964	2.1619889795031883e-05	3.3813110858079386e-05	3.3813110858079386e-05	25.0	0.012370113805047007
chr17	chr17	1311	32775000	3.380702301362459e-05	2020	1536	0.051984400130187756	3.384401050142432e-05	3.380702301362459e-05	3.380702301362459e-05	35.0	0.017326732673267328
chr17	chr17	1312	32800000	3.38009409058906e-05	2019	1536	0.07116237901741843	4.632967383946512e-05	3.38009409058906e-05	3.38009409058906e-05	51.0	0.02526002971768202
chr17	chr17	1313	32825000	3.3794864525105335e-05	2018	1538	0.042784909969663436	2.7818537041393652e-05	3.3794864525105335e-05	3.3794864525105335e-05	32.0	0.015857284440039643
chr17	chr17	1314	32850000	3.37887938615206e-05	2017	1539	0.05325031588880878	3.4600595119433904e-05	3.37887938615206e-05	3.37887938615206e-05	37.0	0.01834407535944472
chr17	chr17	1315	32875000	3.378272890541231e-05	2016	1536	0.06638652569396228	4.3220394332006694e-05	3.378272890541231e-05	3.378272890541231e-05	45.0	0.022321428571428572
chr17	chr17	1316	32900000	3.3776669647080324e-05	2015	1533	0.06122918138009659	3.994075758649484e-05	3.3776669647080324e-05	3.3776669647080324e-05	41.0	0.020347394540942927
chr17	chr17	1317	32925000	3.377061607684824e-05	2014	1533	0.05774367302572006	3.766710569192437e-05	3.377061607684824e-05	3.377061607684824e-05	39.0	0.019364448857994043
chr17	chr17	1318	32950000	3.376456818506353e-05	2013	1531	0.046380948544234434	3.0294545097475138e-05	3.376456818506353e-05	3.376456818506353e-05	32.0	0.015896671634376552
chr17	chr17	1319	32975000	3.375852596209723e-05	2012	1530	0.05917221185292178	3.867464826988352e-05	3.375852596209723e-05	3.375852596209723e-05	41.0	0.020377733598409543
chr17	chr17	1320	33000000	3.375248939834414e-05	2011	1530	0.038700684360437956	2.5294564941462716e-05	3.375248939834414e-05	3.375248939834414e-05	27.0	0.013426156141223273
chr17	chr17	1321	33025000	3.374645848422246e-05	2010	1529	0.059107847630759484	3.865784671730509e-05	3.374645848422246e-05	3.374645848422246e-05	40.0	0.01990049751243781
chr17	chr17	1322	33050000	3.3740433210173936e-05	2009	1528	0.05510567127860341	3.60639209938504e-05	3.3740433210173936e-05	3.3740433210173936e-05	39.0	0.019412643106022896
chr17	chr17	1323	33075000	3.373441356666365e-05	2008	1527	0.045940971384644584	3.008577038942016e-05	3.373441356666365e-05	3.373441356666365e-05	30.0	0.014940239043824702
chr17	chr17	1324	33100000	3.3728399544179994e-05	2007	1527	0.04538769248943853	2.9723439744229555e-05	3.3728399544179994e-05	3.3728399544179994e-05	32.0	0.015944195316392625
chr17	chr17	1325	33125000	3.372182008754303e-05	2006	1526	0.05083853262509475	3.3314896870966416e-05	3.372182008754303e-05	3.372182008754303e-05	35.0	0.01744765702891326
chr17	chr17	1326	33150000	3.37152468766749e-05	2005	1525	0.043683622208481585	2.864499816949612e-05	3.37152468766749e-05	3.37152468766749e-05	32.0	0.01596009975062344
chr17	chr17	1327	33175000	3.370867990094314e-05	2004	1524	0.04082923162901466	2.6790834402240592e-05	3.370867990094314e-05	3.370867990094314e-05	30.0	0.014970059880239521
chr17	chr17	1328	33200000	3.3702119149741265e-05	2003	1522	0.03947831908600249	2.593844880814881e-05	3.3702119149741265e-05	3.3702119149741265e-05	30.0	0.014977533699450823
chr17	chr17	1329	33225000	3.369556461248886e-05	2002	1520	0.05733994525923443	3.772364819686476e-05	3.369556461248886e-05	3.369556461248886e-05	40.0	0.01998001998001998
chr17	chr17	1330	33250000	3.3689016278631406e-05	2001	1519	0.058602591412251125	3.8579717848749916e-05	3.3689016278631406e-05	3.3689016278631406e-05	39.0	0.019490254872563718
chr17	chr17	1331	33275000	3.368247413764029e-05	2000	1519	0.05098003541973681	3.356157697151864e-05	3.368247413764029e-05	3.368247413764029e-05	35.0	0.0175
chr17	chr17	1332	33300000	3.367593817901258e-05	1999	1517	0.04824312470850411	3.180166427719453e-05	3.367593817901258e-05	3.367593817901258e-05	32.0	0.016008004002001
chr17	chr17	1333	33325000	3.3669408392271104e-05	1998	1517	0.038300845916135536	2.5247756042277873e-05	3.3669408392271104e-05	3.3669408392271104e-05	27.0	0.013513513513513514
chr17	chr17	1334	33350000	3.366288476696423e-05	1997	1516	0.06420899068029003	4.235421548831796e-05	3.366288476696423e-05	3.366288476696423e-05	43.0	0.021532298447671506
chr17	chr17	1335	33375000	3.3656367292665857e-05	1996	1514	0.045024693588707206	2.9738899332039106e-05	3.3656367292665857e-05	3.3656367292665857e-05	33.0	0.016533066132264528
chr17	chr17	1336	33400000	3.364985595897532e-05	1995	1512	0.0497664041324409	3.2914288447381544e-05	3.364985595897532e-05	3.364985595897532e-05	38.0	0.01904761904761905
chr17	chr17	1337	33425000	3.3643350755517346e-05	1994	1510	0.04711911138554811	3.120470952685306e-05	3.3643350755517346e-05	3.3643350755517346e-05	35.0	0.017552657973921765
chr17	chr17	1338	33450000	3.3636851671941854e-05	1993	1509	0.043523833640430214	2.8842832101014058e-05	3.3636851671941854e-05	3.3636851671941854e-05	32.0	0.016056196688409432
chr17	chr17	1339	33475000	3.3630358697924046e-05	1992	1508	0.055717092707310394	3.694767420909177e-05	3.3630358697924046e-05	3.3630358697924046e-05	37.0	0.01857429718875502
chr17	chr17	1340	33500000	3.362387182316419e-05	1991	1507	0.0638196149713293	4.234878233001281e-05	3.362387182316419e-05	3.362387182316419e-05	41.0	0.02059266700150678
chr17	chr17	1341	33525000	3.361739103738759e-05	1990	1506	0.03100198294230857	2.0585646044029593e-05	3.361739103738759e-05	3.361739103738759e-05	23.0	0.011557788944723618
chr17	chr17	1342	33550000	3.36109163303445e-05	1989	1505	0.05775006906770416	3.8372138915418046e-05	3.36109163303445e-05	3.36109163303445e-05	42.0	0.021116138763197588
chr17	chr17	1343	33575000	3.3604447691810055e-05	1988	1504	0.05732825796869961	3.8117192798337504e-05	3.3604447691810055e-05	3.3604447691810055e-05	35.0	0.017605633802816902
chr17	chr17	1344	33600000	3.359798511158424e-05	1987	1503	0.0640828171692981	4.2636604903059286e-05	3.359798511158424e-05	3.359798511158424e-05	47.0	0.02365374937091092
chr17	chr17	1345	33625000	3.359152857949163e-05	1986	1502	0.04957884316078096	3.300855070624565e-05	3.359152857949163e-05	3.359152857949163e-05	38.0	0.019133937562940583
chr17	chr17	1346	33650000	3.358507808538154e-05	1985	1501	0.051236945795287085	3.4135207058818846e-05	3.358507808538154e-05	3.358507808538154e-05	35.0	0.017632241813602016
chr17	chr17	1347	33675000	3.357863361912787e-05	1984	1500	0.0377888751454692	2.51925834303128e-05	3.357863361912787e-05	3.357863361912787e-05	26.0	0.01310483870967742
chr17	chr17	1348	33700000	3.357219517062888e-05	1983	1499	0.03232153230116911	2.1562062909385666e-05	3.357219517062888e-05	3.357219517062888e-05	26.0	0.013111447302067574
chr17	chr17	1349	33725000	3.356576272980736e-05	1982	1498	0.05167051431469652	3.449300021007778e-05	3.356576272980736e-05	3.356576272980736e-05	36.0	0.018163471241170535
chr17	chr17	1350	33750000	3.355933628661036e-05	1981	1498	0.05925589326400797	3.955667107076634e-05	3.355933628661036e-05	3.355933628661036e-05	37.0	0.01867743563856638
chr17	chr17	1351	33775000	3.355291583100925e-05	1980	1497	0.046415590248744636	3.1005738309114656e-05	3.355291583100925e-05	3.355291583100925e-05	31.0	0.015656565656565657
chr17	chr17	1352	33800000	3.354650135299947e-05	1979	1496	0.047934480903966216	3.204176531013785e-05	3.354650135299947e-05	3.354650135299947e-05	33.0	0.01667508842849924
chr17	chr17	1353	33825000	3.354009284260061e-05	1978	1495	0.03834146759989358	2.5646466622002398e-05	3.354009284260061e-05	3.354009284260061e-05	29.0	0.014661274014155713
chr17	chr17	1354	33850000	3.353369028985638e-05	1977	1494	0.04571985808414862	3.060231464802451e-05	3.353369028985638e-05	3.353369028985638e-05	31.0	0.01568032372281234
chr17	chr17	1355	33875000	3.352729368483428e-05	1976	1493	0.0512011074483036	3.429411081601045e-05	3.352729368483428e-05	3.352729368483428e-05	36.0	0.018218623481781375
chr17	chr17	1356	33900000	3.3520187752258427e-05	1975	1492	0.04427496577794149	2.9674910038834777e-05	3.3520187752258427e-05	3.3520187752258427e-05	32.0	0.01620253164556962
chr17	chr17	1357	33925000	3.351308856251469e-05	1974	1490	0.07038233935811382	4.723646936786162e-05	3.351308856251469e-05	3.351308856251469e-05	49.0	0.024822695035460994
chr17	chr17	1358	33950000	3.350599610424289e-05	1973	1489	0.0579533965511444	3.892101850311914e-05	3.350599610424289e-05	3.350599610424289e-05	40.0	0.02027369488089204
chr17	chr17	1359	33975000	3.3498910366110374e-05	1972	1488	0.0427380502637813	2.8721807972971306e-05	3.3498910366110374e-05	3.3498910366110374e-05	29.0	0.014705882352941176
chr17	chr17	1360	34000000	3.349183133681188e-05	1971	1487	0.059590503513335384	4.007431305537013e-05	3.349183133681188e-05	3.349183133681188e-05	38.0	0.019279553526128868
chr17	chr17	1361	34025000	3.348475900506946e-05	1970	1487	0.054723201590199014	3.680107706133088e-05	3.348475900506946e-05	3.348475900506946e-05	39.0	0.01979695431472081
chr17	chr17	1362	34050000	3.347769335963244e-05	1969	1487	0.06869292431363441	4.619564513358064e-05	3.347769335963244e-05	3.347769335963244e-05	50.0	0.025393600812595226
chr17	chr17	1363	34075000	3.3470634389277177e-05	1968	1487	0.04048966495607178	2.7229095464742285e-05	3.3470634389277177e-05	3.3470634389277177e-05	29.0	0.014735772357723578
chr17	chr17	1364	34100000	3.346358208280719e-05	1967	1487	0.05861001228048598	3.941493764659447e-05	3.346358208280719e-05	3.346358208280719e-05	41.0	0.020843924758515507
chr17	chr17	1365	34125000	3.345653642905297e-05	1966	1487	0.05207929685834927	3.50230644642564e-05	3.345653642905297e-05	3.345653642905297e-05	38.0	0.019328585961342827
chr17	chr17	1366	34150000	3.344949741687179e-05	1965	1487	0.05142487044521064	3.458296600215914e-05	3.344949741687179e-05	3.344949741687179e-05	32.0	0.01628498727735369
chr17	chr17	1367	34175000	3.3442465035147864e-05	1964	1488	0.050953778823136675	3.4243130929527335e-05	3.3442465035147864e-05	3.3442465035147864e-05	36.0	0.018329938900203666
chr17	chr17	1368	34200000	3.3435439272791984e-05	1963	1487	0.042904092341979734	2.885278570408859e-05	3.3435439272791984e-05	3.3435439272791984e-05	28.0	0.014263881813550688
chr17	chr17	1369	34225000	3.3428420118741695e-05	1962	1485	0.03595418094252908	2.421156965826874e-05	3.3428420118741695e-05	3.3428420118741695e-05	27.0	0.013761467889908258
chr17	chr17	1370	34250000	3.342140756196104e-05	1961	1483	0.057415508738320555	3.871578471902937e-05	3.342140756196104e-05	3.342140756196104e-05	38.0	0.019377868434472208
chr17	chr17	1371	34275000	3.341440159144052e-05	1960	1481	0.041698066464853877	2.8155345351015445e-05	3.341440159144052e-05	3.341440159144052e-05	27.0	0.013775510204081633
chr17	chr17	1372	34300000	3.340740219619704e-05	1959	1479	0.05944636540593119	4.0193620964118456e-05	3.340740219619704e-05	3.340740219619704e-05	39.0	0.019908116385911178
chr17	chr17	1373	34325000	3.3400409365273815e-05	1958	1476	0.038112012140095936	2.5821146436379362e-05	3.3400409365273815e-05	3.3400409365273815e-05	26.0	0.013278855975485188
chr17	chr17	1374	34350000	3.339342308774025e-05	1957	1473	0.06241781858809807	4.237462225940127e-05	3.339342308774025e-05	3.339342308774025e-05	44.0	0.022483392948390392
chr17	chr17	1375	34375000	3.3386443352691956e-05	1956	1472	0.05916808434117508	4.019570947090698e-05	3.3386443352691956e-05	3.3386443352691956e-05	38.0	0.019427402862985686
chr17	chr17	1376	34400000	3.337947014925052e-05	1955	1471	0.055541311410899685	3.7757519653908694e-05	3.337947014925052e-05	3.337947014925052e-05	39.0	0.019948849104859334
chr17	chr17	1377	34425000	3.337250346656354e-05	1954	1470	0.07220152817482636	4.911668583321521e-05	3.337250346656354e-05	3.337250346656354e-05	47.0	0.024053224155578302
chr17	chr17	1378	34450000	3.336554329380453e-05	1953	1469	0.055799818974121916	3.7984900595045554e-05	3.336554329380453e-05	3.336554329380453e-05	39.0	0.019969278033794162
chr17	chr17	1379	34475000	3.335858962017279e-05	1952	1468	0.03344664056890318	2.2783815101432685e-05	3.335858962017279e-05	3.335858962017279e-05	23.0	0.0117827868852459
chr17	chr17	1380	34500000	3.3351642434893396e-05	1951	1468	0.043404058841462895	2.9566797575928402e-05	3.3351642434893396e-05	3.3351642434893396e-05	31.0	0.015889287544848796
chr17	chr17	1381	34525000	3.334470172721702e-05	1950	1467	0.047603026230825685	3.2449233967843005e-05	3.334470172721702e-05	3.334470172721702e-05	36.0	0.018461538461538463
chr17	chr17	1382	34550000	3.3337767486419953e-05	1949	1466	0.0416959600605504	2.844199185576426e-05	3.3337767486419953e-05	3.3337767486419953e-05	29.0	0.014879425346331451
chr17	chr17	1383	34575000	3.3330839701803974e-05	1948	1465	0.04294287702642494	2.9312544045341258e-05	3.3330839701803974e-05	3.3330839701803974e-05	31.0	0.01591375770020534
chr17	chr17	1384	34600000	3.332391836269628e-05	1947	1464	0.05549226564971366	3.79045530394219e-05	3.332391836269628e-05	3.332391836269628e-05	40.0	0.02054442732408834
chr17	chr17	1385	34625000	3.331700345844935e-05	1946	1464	0.05980605522351945	4.085113061715809e-05	3.331700345844935e-05	3.331700345844935e-05	41.0	0.0210688591983556
chr17	chr17	1386	34650000	3.331009497844105e-05	1945	1462	0.05038416430485159	3.446249268457701e-05	3.331009497844105e-05	3.331009497844105e-05	36.0	0.018508997429305913
chr17	chr17	1387	34675000	3.33031929120743e-05	1944	1461	0.0479643061776998	3.282977835571513e-05	3.33031929120743e-05	3.33031929120743e-05	32.0	0.01646090534979424
chr17	chr17	1388	34700000	3.329546032204092e-05	1943	1461	0.06309590203396834	4.318679126212754e-05	3.329546032204092e-05	3.329546032204092e-05	45.0	0.023160061760164694
chr17	chr17	1389	34725000	3.328773509450504e-05	1942	1461	0.0739404058846542	5.060944961304189e-05	3.328773509450504e-05	3.328773509450504e-05	49.0	0.025231719876416064
chr17	chr17	1390	34750000	3.3280017217163554e-05	1941	1460	0.05093795884292483	3.4889012906112896e-05	3.3280017217163554e-05	3.3280017217163554e-05	38.0	0.019577537351880475
chr17	chr17	1391	34775000	3.327230667774269e-05	1940	1458	0.053621295755504964	3.677729475686212e-05	3.327230667774269e-05	3.327230667774269e-05	37.0	0.01907216494845361
chr17	chr17	1392	34800000	3.326460346399807e-05	1939	1457	0.05357983326886376	3.677407911383923e-05	3.326460346399807e-05	3.326460346399807e-05	36.0	0.018566271273852502
chr17	chr17	1393	34825000	3.325690756371439e-05	1938	1456	0.038423186607560285	2.638955124145624e-05	3.325690756371439e-05	3.325690756371439e-05	27.0	0.01393188854489164
chr17	chr17	1394	34850000	3.324921896470559e-05	1937	1455	0.059513488195877186	4.090274102809428e-05	3.324921896470559e-05	3.324921896470559e-05	42.0	0.021683014971605574
chr17	chr17	1395	34875000	3.324153765481461e-05	1936	1454	0.039145276001895435	2.6922473178745143e-05	3.324153765481461e-05	3.324153765481461e-05	29.0	0.014979338842975207
chr17	chr17	1396	34900000	3.323386362191322e-05	1935	1453	0.03655099419889038	2.515553626902297e-05	3.323386362191322e-05	3.323386362191322e-05	26.0	0.013436692506459949
chr17	chr17	1397	34925000	3.322619685390225e-05	1934	1452	0.07821529809338156	5.386728518827931e-05	3.322619685390225e-05	3.322619685390225e-05	52.0	0.02688728024819028
chr17	chr17	1398	34950000	3.321853733871106e-05	1933	1451	0.03101176866605197	2.1372686882186056e-05	3.321853733871106e-05	3.321853733871106e-05	23.0	0.01189860320744956
chr17	chr17	1399	34975000	3.3210885064297854e-05	1932	1450	0.05598692411771721	3.8611671805322215e-05	3.3210885064297854e-05	3.3210885064297854e-05	40.0	0.020703933747412008
chr17	chr17	1400	35000000	3.320324001864933e-05	1931	1449	0.057131480088016565	3.9428212621129446e-05	3.320324001864933e-05	3.320324001864933e-05	40.0	0.020714655618850338
chr17	chr17	1401	35025000	3.3195602189780696e-05	1930	1449	0.0593372313818591	4.0950470242828915e-05	3.3195602189780696e-05	3.3195602189780696e-05	44.0	0.022797927461139896
chr17	chr17	1402	35050000	3.31879715657356e-05	1929	1449	0.0561939536231865	3.878119642731988e-05	3.31879715657356e-05	3.31879715657356e-05	39.0	0.02021772939346812
chr17	chr17	1403	35075000	3.318034813458596e-05	1928	1450	0.058536275132475106	4.036984491894835e-05	3.318034813458596e-05	3.318034813458596e-05	42.0	0.021784232365145227
chr17	chr17	1404	35100000	3.3172731884431945e-05	1927	1449	0.04600670543089809	3.175065937260048e-05	3.3172731884431945e-05	3.3172731884431945e-05	32.0	0.01660612350804359
chr17	chr17	1405	35125000	3.316512280340188e-05	1926	1448	0.056403284347153346	3.8952544438641816e-05	3.316512280340188e-05	3.316512280340188e-05	41.0	0.021287642782969886
chr17	chr17	1406	35150000	3.31575208796521e-05	1925	1447	0.04682430412553278	3.23595743783917e-05	3.31575208796521e-05	3.31575208796521e-05	34.0	0.017662337662337664
chr17	chr17	1407	35175000	3.3149926101367025e-05	1924	1446	0.06001822202975852	4.150637761394088e-05	3.3149926101367025e-05	3.3149926101367025e-05	39.0	0.02027027027027027
chr17	chr17	1408	35200000	3.3142338456758844e-05	1923	1445	0.06565146644285821	4.543354079090534e-05	3.3142338456758844e-05	3.3142338456758844e-05	45.0	0.0234009360374415
chr17	chr17	1409	35225000	3.313475793406758e-05	1922	1444	0.045694669476406276	3.164450794764977e-05	3.313475793406758e-05	3.313475793406758e-05	36.0	0.018730489073881373
chr17	chr17	1410	35250000	3.312718452156099e-05	1921	1445	0.0605419115749449	4.189751666086152e-05	3.312718452156099e-05	3.312718452156099e-05	40.0	0.020822488287350338
chr17	chr17	1411	35275000	3.3119618207534446e-05	1920	1443	0.05453790006382365	3.7794802539032325e-05	3.3119618207534446e-05	3.3119618207534446e-05	40.0	0.020833333333333332
chr17	chr17	1412	35300000	3.31120589803109e-05	1919	1443	0.07032511721969106	4.873535496860087e-05	3.31120589803109e-05	3.31120589803109e-05	47.0	0.024491922876498175
chr17	chr17	1413	35325000	3.310450682824069e-05	1918	1443	0.049318970418599124	3.417808067816987e-05	3.310450682824069e-05	3.310450682824069e-05	34.0	0.017726798748696558
chr17	chr17	1414	35350000	3.30969617397016e-05	1917	1443	0.05345169324631209	3.704206046175474e-05	3.30969617397016e-05	3.30969617397016e-05	42.0	0.02190923317683881
chr17	chr17	1415	35375000	3.308942370309868e-05	1916	1442	0.05325208937620929	3.692932689057509e-05	3.308942370309868e-05	3.308942370309868e-05	36.0	0.018789144050104383
chr17	chr17	1416	35400000	3.308189270686421e-05	1915	1442	0.05113396719117366	3.5460448814960934e-05	3.308189270686421e-05	3.308189270686421e-05	35.0	0.018276762402088774
chr17	chr17	1417	35425000	3.307436873945756e-05	1914	1442	0.05015186373280724	3.4779378455483525e-05	3.307436873945756e-05	3.307436873945756e-05	37.0	0.019331243469174503
chr17	chr17	1418	35450000	3.3066851789365195e-05	1913	1440	0.05964764598648272	4.142197637950189e-05	3.3066851789365195e-05	3.3066851789365195e-05	39.0	0.020386826973340304
chr17	chr17	1419	35475000	3.305934184510046e-05	1912	1439	0.03808326350277279	2.646508930005058e-05	3.305934184510046e-05	3.305934184510046e-05	29.0	0.015167364016736401
chr17	chr17	1420	35500000	3.3051838895203716e-05	1911	1437	0.05483692885534352	3.816070205660649e-05	3.3051838895203716e-05	3.3051838895203716e-05	39.0	0.02040816326530612
chr17	chr17	1421	35525000	3.304341722659064e-05	1910	1436	0.05201441873347205	3.6221740065091956e-05	3.304341722659064e-05	3.304341722659064e-05	37.0	0.0193717277486911
chr17	chr17	1422	35550000	3.30350036260651e-05	1909	1435	0.06239877093766304	4.3483464068057864e-05	3.30350036260651e-05	3.30350036260651e-05	45.0	0.02357255107386066
chr17	chr17	1423	35575000	3.302659808023211e-05	1908	1433	0.058348189810653865	4.071750859082615e-05	3.302659808023211e-05	3.302659808023211e-05	40.0	0.020964360587002098
chr17	chr17	1424	35600000	3.3018200575728384e-05	1907	1432	0.05957441995339529	4.1602248570806766e-05	3.3018200575728384e-05	3.3018200575728384e-05	42.0	0.02202412165705296
chr17	chr17	1425	35625000	3.300981109922206e-05	1906	1432	0.044771829686435734	3.126524419443836e-05	3.300981109922206e-05	3.300981109922206e-05	35.0	0.018363064008394544
chr17	chr17	1426	35650000	3.300142963741285e-05	1905	1432	0.0476937282453695	3.330567614900105e-05	3.300142963741285e-05	3.300142963741285e-05	36.0	0.01889763779527559
chr17	chr17	1427	35675000	3.29930561770317e-05	1904	1433	0.054026779020134745	3.77018695185867e-05	3.29930561770317e-05	3.29930561770317e-05	37.0	0.019432773109243698
chr17	chr17	1428	35700000	3.298469070484082e-05	1903	1433	0.040157131453490806	2.8023120344375997e-05	3.298469070484082e-05	3.298469070484082e-05	30.0	0.015764582238570676
chr17	chr17	1429	35725000	3.297633320763365e-05	1902	1432	0.051632462405230097	3.605618883046795e-05	3.297633320763365e-05	3.297633320763365e-05	36.0	0.01892744479495268
chr17	chr17	1430	35750000	3.296798367223458e-05	1901	1433	0.05753694828616407	4.01513944774348e-05	3.296798367223458e-05	3.296798367223458e-05	39.0	0.020515518148342977
chr17	chr17	1431	35775000	3.2959642085499035e-05	1900	1433	0.056307688908226475	3.9293572162056156e-05	3.2959642085499035e-05	3.2959642085499035e-05	39.0	0.020526315789473684
chr17	chr17	1432	35800000	3.295130843431327e-05	1899	1432	0.053966002641554524	3.7685756034605115e-05	3.295130843431327e-05	3.295130843431327e-05	37.0	0.019483938915218536
chr17	chr17	1433	35825000	3.294298270559434e-05	1898	1430	0.06807694607958098	4.760625599970698e-05	3.294298270559434e-05	3.294298270559434e-05	47.0	0.02476290832455216
chr17	chr17	1434	35850000	3.293466488628993e-05	1897	1430	0.06744218872399992	4.716236973706288e-05	3.293466488628993e-05	3.293466488628993e-05	47.0	0.024775962045334738
chr17	chr17	1435	35875000	3.2926354963378396e-05	1896	1428	0.05114308613187702	3.581448608674861e-05	3.2926354963378396e-05	3.2926354963378396e-05	38.0	0.020042194092827006
chr17	chr17	1436	35900000	3.29180529238685e-05	1895	1427	0.053692772521792	3.7626329727955147e-05	3.29180529238685e-05	3.29180529238685e-05	35.0	0.018469656992084433
chr17	chr17	1437	35925000	3.290975875479945e-05	1894	1426	0.06524452429337096	4.575352334738497e-05	3.290975875479945e-05	3.290975875479945e-05	43.0	0.02270327349524815
chr17	chr17	1438	35950000	3.290147244324077e-05	1893	1425	0.04514511148835363	3.168077999182711e-05	3.290147244324077e-05	3.290147244324077e-05	31.0	0.016376122556788168
chr17	chr17	1439	35975000	3.289319397629218e-05	1892	1423	0.06295258201442233	4.4239340839369174e-05	3.289319397629218e-05	3.289319397629218e-05	41.0	0.021670190274841437
chr17	chr17	1440	36000000	3.2884923341083536e-05	1891	1421	0.04168190945792735	2.9332800463003064e-05	3.2884923341083536e-05	3.2884923341083536e-05	31.0	0.01639344262295082
chr17	chr17	1441	36025000	3.287666052477472e-05	1890	1421	0.06806275732129018	4.789778840344136e-05	3.287666052477472e-05	3.287666052477472e-05	48.0	0.025396825396825397
chr17	chr17	1442	36050000	3.2868405514555526e-05	1889	1420	0.0329158076612579	2.3180146240322466e-05	3.2868405514555526e-05	3.2868405514555526e-05	22.0	0.011646373742721016
chr17	chr17	1443	36075000	3.286015829764571e-05	1888	1420	0.052815657929878516	3.719412530273135e-05	3.286015829764571e-05	3.286015829764571e-05	39.0	0.02065677966101695
chr17	chr17	1444	36100000	3.285191886129463e-05	1887	1420	0.06872054259020968	4.839474830296457e-05	3.285191886129463e-05	3.285191886129463e-05	48.0	0.025437201907790145
chr17	chr17	1445	36125000	3.284368719278142e-05	1886	1419	0.05848558958816638	4.121606031583254e-05	3.284368719278142e-05	3.284368719278142e-05	41.0	0.021739130434782608
chr17	chr17	1446	36150000	3.283546327941485e-05	1885	1421	0.04306220739306731	3.030415720835138e-05	3.283546327941485e-05	3.283546327941485e-05	30.0	0.015915119363395226
chr17	chr17	1447	36175000	3.282724710853306e-05	1884	1422	0.06228134909859971	4.3798417087622865e-05	3.282724710853306e-05	3.282724710853306e-05	41.0	0.02176220806794055
chr17	chr17	1448	36200000	3.281903866750366e-05	1883	1423	0.054240216168124786	3.8116806864458736e-05	3.281903866750366e-05	3.281903866750366e-05	35.0	0.01858736059479554
chr17	chr17	1449	36225000	3.281083794372351e-05	1882	1424	0.0509106997892916	3.575189591944635e-05	3.281083794372351e-05	3.281083794372351e-05	37.0	0.019659936238044632
chr17	chr17	1450	36250000	3.280264492461884e-05	1881	1424	0.04382995390474969	3.077946201176242e-05	3.280264492461884e-05	3.280264492461884e-05	30.0	0.01594896331738437
chr17	chr17	1451	36275000	3.279445959764484e-05	1880	1424	0.06224704883077594	4.3712815190151646e-05	3.279445959764484e-05	3.279445959764484e-05	44.0	0.023404255319148935
chr17	chr17	1452	36300000	3.278628195028592e-05	1879	1424	0.05513038534578197	3.87151582484424e-05	3.278628195028592e-05	3.278628195028592e-05	39.0	0.020755721128259713
chr17	chr17	1453	36325000	3.277811197005537e-05	1878	1422	0.04552337866555809	3.201362775355703e-05	3.277811197005537e-05	3.277811197005537e-05	33.0	0.01757188498402556
chr17	chr17	1454	36350000	3.276994964449532e-05	1877	1420	0.06223032885181942	4.382417524776016e-05	3.276994964449532e-05	3.276994964449532e-05	44.0	0.023441662226957913
chr17	chr17	1455	36375000	3.27608290392921e-05	1876	1419	0.045049455207085365	3.174732572733289e-05	3.27608290392921e-05	3.27608290392921e-05	30.0	0.015991471215351813
chr17	chr17	1456	36400000	3.275171723624503e-05	1875	1418	0.059031530194452245	4.163013412866872e-05	3.275171723624503e-05	3.275171723624503e-05	40.0	0.021333333333333333
chr17	chr17	1457	36425000	3.27426142208225e-05	1874	1417	0.06371879397436409	4.4967391654455956e-05	3.27426142208225e-05	3.27426142208225e-05	46.0	0.02454642475987193
chr17	chr17	1458	36450000	3.2733519978527006e-05	1873	1416	0.04739474093247012	3.3470862240445e-05	3.2733519978527006e-05	3.2733519978527006e-05	31.0	0.016550987720234916
chr17	chr17	1459	36475000	3.2724434494894776e-05	1872	1416	0.04685403354507728	3.3089006740873784e-05	3.2724434494894776e-05	3.2724434494894776e-05	33.0	0.017628205128205128
chr17	chr17	1460	36500000	3.2715357755495815e-05	1871	1414	0.04511993652441432	3.190943177115581e-05	3.2715357755495815e-05	3.2715357755495815e-05	31.0	0.016568679850347406
chr17	chr17	1461	36525000	3.270628974593377e-05	1870	1415	0.06258400021507231	4.4228975417012234e-05	3.270628974593377e-05	3.270628974593377e-05	47.0	0.025133689839572194
chr17	chr17	1462	36550000	3.269723045184582e-05	1869	1415	0.06465561002791535	4.569301062043488e-05	3.269723045184582e-05	3.269723045184582e-05	45.0	0.024077046548956663
chr17	chr17	1463	36575000	3.268817985890257e-05	1868	1415	0.04556285371155439	3.21998966159395e-05	3.268817985890257e-05	3.268817985890257e-05	32.0	0.017130620985010708
chr17	chr17	1464	36600000	3.267913795280797e-05	1867	1415	0.058031258752829856	4.101149028468541e-05	3.267913795280797e-05	3.267913795280797e-05	41.0	0.02196036422067488
chr17	chr17	1465	36625000	3.267010471929918e-05	1866	1415	0.058499513548458	4.13424124017371e-05	3.267010471929918e-05	3.267010471929918e-05	40.0	0.021436227224008574
chr17	chr17	1466	36650000	3.266108014414651e-05	1865	1414	0.05050045999269865	3.571461102736821e-05	3.266108014414651e-05	3.266108014414651e-05	36.0	0.0193029490616622
chr17	chr17	1467	36675000	3.265206421315332e-05	1864	1414	0.051582142028077066	3.647959125040811e-05	3.265206421315332e-05	3.265206421315332e-05	38.0	0.0203862660944206
chr17	chr17	1468	36700000	3.2643056912155834e-05	1863	1415	0.03931971554086082	2.7787784834530614e-05	3.2643056912155834e-05	3.2643056912155834e-05	27.0	0.014492753623188406
chr17	chr17	1469	36725000	3.263405822702325e-05	1862	1415	0.03797187939692646	2.683525045719184e-05	3.263405822702325e-05	3.263405822702325e-05	25.0	0.01342642320085929
chr17	chr17	1470	36750000	3.2625068143657336e-05	1861	1415	0.05602704213986016	3.9595082784353465e-05	3.2625068143657336e-05	3.2625068143657336e-05	37.0	0.019881783987103708
chr17	chr17	1471	36775000	3.2616086647992594e-05	1860	1415	0.047863451511533886	3.382576078553632e-05	3.2616086647992594e-05	3.2616086647992594e-05	35.0	0.01881720430107527
chr17	chr17	1472	36800000	3.260711372599607e-05	1859	1415	0.044185392325655076	3.1226425671841046e-05	3.260711372599607e-05	3.260711372599607e-05	32.0	0.017213555675094135
chr17	chr17	1473	36825000	3.259814936366724e-05	1858	1415	0.05571220513339827	3.9372583133143655e-05	3.259814936366724e-05	3.259814936366724e-05	40.0	0.021528525296017224
chr17	chr17	1474	36850000	3.258919354703795e-05	1857	1415	0.04630276577174552	3.2722802665544534e-05	3.258919354703795e-05	3.258919354703795e-05	35.0	0.01884760366182014
chr17	chr17	1475	36875000	3.258024626217221e-05	1856	1415	0.045435121938003	3.2109626811309535e-05	3.258024626217221e-05	3.258024626217221e-05	32.0	0.017241379310344827
chr17	chr17	1476	36900000	3.2571307495166256e-05	1855	1415	0.05498807666895601	3.8860831568166794e-05	3.2571307495166256e-05	3.2571307495166256e-05	38.0	0.020485175202156335
chr17	chr17	1477	36925000	3.2562377232148416e-05	1854	1415	0.024977961119369126	1.7652269342310336e-05	3.2562377232148416e-05	3.2562377232148416e-05	19.0	0.010248112189859764
chr17	chr17	1478	36950000	3.255345545927888e-05	1853	1414	0.03974610737139259	2.810898682559589e-05	3.255345545927888e-05	3.255345545927888e-05	28.0	0.015110631408526714
chr17	chr17	1479	36975000	3.2544542162749806e-05	1852	1414	0.052799711826975425	3.73406731449614e-05	3.2544542162749806e-05	3.2544542162749806e-05	37.0	0.01997840172786177
chr17	chr17	1480	37000000	3.2535637328785056e-05	1851	1413	0.05870095612674183	4.1543493366413186e-05	3.2535637328785056e-05	3.2535637328785056e-05	42.0	0.022690437601296597
chr17	chr17	1481	37025000	3.2526740943640197e-05	1850	1412	0.05095485462996488	3.608700752830374e-05	3.2526740943640197e-05	3.2526740943640197e-05	36.0	0.01945945945945946
chr17	chr17	1482	37050000	3.2517852993602395e-05	1849	1411	0.04176225221815308	2.9597627369350163e-05	3.2517852993602395e-05	3.2517852993602395e-05	29.0	0.01568415359653867
chr17	chr17	1483	37075000	3.2508973464990286e-05	1848	1410	0.05261597809041279	3.7316296518023256e-05	3.2508973464990286e-05	3.2508973464990286e-05	37.0	0.02002164502164502
chr17	chr17	1484	37100000	3.250010234415388e-05	1847	1409	0.05069619167428341	3.598026378586473e-05	3.250010234415388e-05	3.250010234415388e-05	34.0	0.018408229561451002
chr17	chr17	1485	37125000	3.2491239617474535e-05	1846	1408	0.051429377862707626	3.652654677749121e-05	3.2491239617474535e-05	3.2491239617474535e-05	33.0	0.017876489707475622
chr17	chr17	1486	37150000	3.2482385271364784e-05	1845	1407	0.05414749792440497	3.848436241961974e-05	3.2482385271364784e-05	3.2482385271364784e-05	36.0	0.01951219512195122
chr17	chr17	1487	37175000	3.247353929226829e-05	1844	1406	0.0674944969688523	4.800462088823066e-05	3.247353929226829e-05	3.247353929226829e-05	46.0	0.024945770065075923
chr17	chr17	1488	37200000	3.24647016666598e-05	1843	1405	0.05475948620469814	3.897472327736523e-05	3.24647016666598e-05	3.24647016666598e-05	36.0	0.019533369506239826
chr17	chr17	1489	37225000	3.245489895905778e-05	1842	1404	0.05621192638473469	4.003698460451189e-05	3.245489895905778e-05	3.245489895905778e-05	41.0	0.02225841476655809
chr17	chr17	1490	37250000	3.2445105789608e-05	1841	1403	0.047951632212661105	3.4177927450221746e-05	3.2445105789608e-05	3.2445105789608e-05	35.0	0.019011406844106463
chr17	chr17	1491	37275000	3.243532214263764e-05	1840	1402	0.05169070067858017	3.686925868657644e-05	3.243532214263764e-05	3.243532214263764e-05	35.0	0.019021739130434784
chr17	chr17	1492	37300000	3.242554800251008e-05	1839	1401	0.05439050627967308	3.8822631177496847e-05	3.242554800251008e-05	3.242554800251008e-05	37.0	0.02011963023382273
chr17	chr17	1493	37325000	3.241578335362483e-05	1838	1400	0.06962478274788725	4.973198767706232e-05	3.241578335362483e-05	3.241578335362483e-05	47.0	0.025571273122959738
chr17	chr17	1494	37350000	3.2406028180417494e-05	1837	1399	0.04829233878724016	3.4519184265361087e-05	3.2406028180417494e-05	3.2406028180417494e-05	36.0	0.0195971692977681
chr17	chr17	1495	37375000	3.2396282467359506e-05	1836	1399	0.06757258913140245	4.830063554782162e-05	3.2396282467359506e-05	3.2396282467359506e-05	50.0	0.027233115468409588
chr17	chr17	1496	37400000	3.2386546198958205e-05	1835	1399	0.06895414620970251	4.9288167412224816e-05	3.2386546198958205e-05	3.2386546198958205e-05	49.0	0.02670299727520436
chr17	chr17	1497	37425000	3.237681935975654e-05	1834	1397	0.05975167104101198	4.277141806801144e-05	3.237681935975654e-05	3.237681935975654e-05	39.0	0.021264994547437296
chr17	chr17	1498	37450000	3.236710193433316e-05	1833	1396	0.05572020909732061	3.9914189897794136e-05	3.236710193433316e-05	3.236710193433316e-05	41.0	0.02236770321876705
chr17	chr17	1499	37475000	3.23573939073021e-05	1832	1396	0.061440732758798036	4.4011986216904036e-05	3.23573939073021e-05	3.23573939073021e-05	45.0	0.024563318777292575
chr17	chr17	1500	37500000	3.234769526331289e-05	1831	1395	0.05693856386544906	4.081617481394198e-05	3.234769526331289e-05	3.234769526331289e-05	40.0	0.02184598580010923
chr17	chr17	1501	37525000	3.233800598705029e-05	1830	1394	0.04952562493388124	3.5527707987002324e-05	3.233800598705029e-05	3.233800598705029e-05	36.0	0.019672131147540985
chr17	chr17	1502	37550000	3.232832606323423e-05	1829	1393	0.05744755739165607	4.124017041755641e-05	3.232832606323423e-05	3.232832606323423e-05	40.0	0.02186987424822307
chr17	chr17	1503	37575000	3.2318655476619717e-05	1828	1392	0.05027482298604689	3.6116970535953224e-05	3.2318655476619717e-05	3.2318655476619717e-05	35.0	0.019146608315098467
chr17	chr17	1504	37600000	3.23089942119968e-05	1827	1393	0.06057845245638742	4.348776199309937e-05	3.23089942119968e-05	3.23089942119968e-05	42.0	0.022988505747126436
chr17	chr17	1505	37625000	3.2299342254190284e-05	1826	1393	0.05039531359807797	3.617754027141276e-05	3.2299342254190284e-05	3.2299342254190284e-05	38.0	0.0208105147864184
chr17	chr17	1506	37650000	3.228969958805981e-05	1825	1394	0.0671390934679914	4.816290779626356e-05	3.228969958805981e-05	3.228969958805981e-05	46.0	0.025205479452054796
chr17	chr17	1507	37675000	3.2280066198499694e-05	1824	1395	0.036701816218037926	2.630954567601285e-05	3.2280066198499694e-05	3.2280066198499694e-05	29.0	0.015899122807017545
chr17	chr17	1508	37700000	3.227044207043874e-05	1823	1396	0.05551487246362763	3.976710061864443e-05	3.227044207043874e-05	3.227044207043874e-05	38.0	0.020844761382336808
chr17	chr17	1509	37725000	3.2260827188840305e-05	1822	1398	0.059787700858125785	4.276659574973232e-05	3.2260827188840305e-05	3.2260827188840305e-05	40.0	0.021953896816684963
chr17	chr17	1510	37750000	3.225122153870203e-05	1821	1400	0.050215853766455494	3.586846697603964e-05	3.225122153870203e-05	3.225122153870203e-05	31.0	0.017023613399231193
chr17	chr17	1511	37775000	3.224162510505584e-05	1820	1399	0.058961603799872336	4.21455352393655e-05	3.224162510505584e-05	3.224162510505584e-05	42.0	0.023076923076923078
chr17	chr17	1512	37800000	3.2232037872967795e-05	1819	1399	0.06594846855933037	4.713972019966431e-05	3.2232037872967795e-05	3.2232037872967795e-05	47.0	0.02583837273227048
chr17	chr17	1513	37825000	3.222245982753806e-05	1818	1399	0.04814797580308604	3.4415994140876366e-05	3.222245982753806e-05	3.222245982753806e-05	38.0	0.020902090209020903
chr17	chr17	1514	37850000	3.2212890953900686e-05	1817	1397	0.0586103584784545	4.195444415064746e-05	3.2212890953900686e-05	3.2212890953900686e-05	40.0	0.02201430930104568
chr17	chr17	1515	37875000	3.220333123722362e-05	1816	1397	0.05363567376306845	3.839346726060734e-05	3.220333123722362e-05	3.220333123722362e-05	39.0	0.021475770925110133
chr17	chr17	1516	37900000	3.2193780662708565e-05	1815	1398	0.0644358483106039	4.6091450865954146e-05	3.2193780662708565e-05	3.2193780662708565e-05	46.0	0.02534435261707989
chr17	chr17	1517	37925000	3.218423921559087e-05	1814	1398	0.05015383641750865	3.587541946889031e-05	3.218423921559087e-05	3.218423921559087e-05	34.0	0.018743109151047408
chr17	chr17	1518	37950000	3.2174706881139405e-05	1813	1397	0.0711738127031959	5.094761109749169e-05	3.2174706881139405e-05	3.2174706881139405e-05	52.0	0.028681742967457253
chr17	chr17	1519	37975000	3.2165183644656605e-05	1812	1397	0.044548945515610165	3.188900895891923e-05	3.2165183644656605e-05	3.2165183644656605e-05	34.0	0.018763796909492272
chr17	chr17	1520	38000000	3.2155669491478145e-05	1811	1400	0.048241901941577625	3.445850138684116e-05	3.2155669491478145e-05	3.2155669491478145e-05	34.0	0.018774157923799006
chr17	chr17	1521	38025000	3.2146164406973055e-05	1810	1398	0.03196225753235465	2.2862845159051965e-05	3.2146164406973055e-05	3.2146164406973055e-05	24.0	0.013259668508287293
chr17	chr17	1522	38050000	3.2136668376543434e-05	1809	1395	0.05446971040500164	3.904638738709795e-05	3.2136668376543434e-05	3.2136668376543434e-05	40.0	0.02211166390270868
chr17	chr17	1523	38075000	3.212718138562457e-05	1808	1398	0.06846886436168675	4.89762978266715e-05	3.212718138562457e-05	3.212718138562457e-05	47.0	0.025995575221238937
chr17	chr17	1524	38100000	3.2116738920096e-05	1807	1399	0.04969332095021175	3.5520601108085595e-05	3.2116738920096e-05	3.2116738920096e-05	32.0	0.01770890979524073
chr17	chr17	1525	38125000	3.210630669516259e-05	1806	1399	0.061321990795037015	4.383273109009079e-05	3.210630669516259e-05	3.210630669516259e-05	42.0	0.023255813953488372
chr17	chr17	1526	38150000	3.209588469407642e-05	1805	1400	0.05380842763440957	3.843459116743541e-05	3.209588469407642e-05	3.209588469407642e-05	40.0	0.0221606648199446
chr17	chr17	1527	38175000	3.208547290012791e-05	1804	1400	0.05760193895474997	4.114424211053569e-05	3.208547290012791e-05	3.208547290012791e-05	41.0	0.022727272727272728
chr17	chr17	1528	38200000	3.2075071296645786e-05	1803	1396	0.06505384836910653	4.660017791483276e-05	3.2075071296645786e-05	3.2075071296645786e-05	45.0	0.024958402662229616
chr17	chr17	1529	38225000	3.206467986699681e-05	1802	1395	0.0505458113745719	3.6233556540911755e-05	3.206467986699681e-05	3.206467986699681e-05	38.0	0.021087680355160933
chr17	chr17	1530	38250000	3.2054298594585765e-05	1801	1395	0.05814507776360341	4.1681059328747965e-05	3.2054298594585765e-05	3.2054298594585765e-05	39.0	0.021654636313159357
chr17	chr17	1531	38275000	3.204392746285533e-05	1800	1393	0.05543921339486636	3.9798430290643476e-05	3.204392746285533e-05	3.204392746285533e-05	38.0	0.021111111111111112
chr17	chr17	1532	38300000	3.203356645528602e-05	1799	1392	0.060008184522599456	4.310932796163754e-05	3.203356645528602e-05	3.203356645528602e-05	43.0	0.023902167871039465
chr17	chr17	1533	38325000	3.2023215555395895e-05	1798	1391	0.056093313855443395	4.032589062217354e-05	3.2023215555395895e-05	3.2023215555395895e-05	40.0	0.02224694104560623
chr17	chr17	1534	38350000	3.2012874746740765e-05	1797	1391	0.057895377464167494	4.1621407235203086e-05	3.2012874746740765e-05	3.2012874746740765e-05	39.0	0.021702838063439065
chr17	chr17	1535	38375000	3.200254401291368e-05	1796	1390	0.04926527948804512	3.544264711370152e-05	3.200254401291368e-05	3.200254401291368e-05	35.0	0.019487750556792874
chr17	chr17	1536	38400000	3.199222333754517e-05	1795	1388	0.048814572981135236	3.5169000706869765e-05	3.199222333754517e-05	3.199222333754517e-05	35.0	0.019498607242339833
chr17	chr17	1537	38425000	3.1981912704302934e-05	1794	1388	0.041731970360071285	3.006626106633378e-05	3.1981912704302934e-05	3.1981912704302934e-05	30.0	0.016722408026755852
chr17	chr17	1538	38450000	3.197161209689187e-05	1793	1386	0.058915742117362564	4.250775044542754e-05	3.197161209689187e-05	3.197161209689187e-05	47.0	0.026213050752928055
chr17	chr17	1539	38475000	3.1961321499053794e-05	1792	1386	0.06488905427642014	4.681749947793661e-05	3.1961321499053794e-05	3.1961321499053794e-05	44.0	0.024553571428571428
chr17	chr17	1540	38500000	3.195104089456749e-05	1791	1386	0.038496124022502826	2.7774981257217047e-05	3.195104089456749e-05	3.195104089456749e-05	28.0	0.015633724176437745
chr17	chr17	1541	38525000	3.194077026724853e-05	1790	1384	0.05125925974572551	3.7037037388529994e-05	3.194077026724853e-05	3.194077026724853e-05	35.0	0.019553072625698324
chr17	chr17	1542	38550000	3.193050960094917e-05	1789	1382	0.049300457412796705	3.567326875021469e-05	3.193050960094917e-05	3.193050960094917e-05	36.0	0.020122973728339856
chr17	chr17	1543	38575000	3.192025887955822e-05	1788	1380	0.05543874251361096	4.0173001821457213e-05	3.192025887955822e-05	3.192025887955822e-05	38.0	0.021252796420581657
chr17	chr17	1544	38600000	3.191001808700102e-05	1787	1380	0.055613597123070214	4.029970806019581e-05	3.191001808700102e-05	3.191001808700102e-05	40.0	0.02238388360380526
chr17	chr17	1545	38625000	3.1899787207239276e-05	1786	1376	0.07087372578899653	5.150706816060794e-05	3.1899787207239276e-05	3.1899787207239276e-05	51.0	0.02855543113101904
chr17	chr17	1546	38650000	3.1889566224270954e-05	1785	1376	0.058639776691422556	4.261611678155709e-05	3.1889566224270954e-05	3.1889566224270954e-05	39.0	0.021848739495798318
chr17	chr17	1547	38675000	3.187935512213013e-05	1784	1375	0.06226296308131529	4.52821549682293e-05	3.187935512213013e-05	3.187935512213013e-05	47.0	0.026345291479820628
chr17	chr17	1548	38700000	3.186915388488699e-05	1783	1374	0.05479824364168633	3.988227339278481e-05	3.186915388488699e-05	3.186915388488699e-05	39.0	0.021873247335950644
chr17	chr17	1549	38725000	3.1858962496647716e-05	1782	1371	0.044621804275182725	3.254690319123466e-05	3.1858962496647716e-05	3.1858962496647716e-05	32.0	0.017957351290684626
chr17	chr17	1550	38750000	3.1848780941554205e-05	1781	1371	0.05530430631237214	4.0338662518141604e-05	3.1848780941554205e-05	3.1848780941554205e-05	40.0	0.022459292532285232
chr17	chr17	1551	38775000	3.183860920378422e-05	1780	1373	0.0510646519583937	3.719202618965309e-05	3.183860920378422e-05	3.183860920378422e-05	35.0	0.019662921348314606
chr17	chr17	1552	38800000	3.1828447267551074e-05	1779	1369	0.04765912610717698	3.4813094307653016e-05	3.1828447267551074e-05	3.1828447267551074e-05	33.0	0.01854974704890388
chr17	chr17	1553	38825000	3.181829511710369e-05	1778	1367	0.049854043552599585	3.646967341082632e-05	3.181829511710369e-05	3.181829511710369e-05	35.0	0.01968503937007874
chr17	chr17	1554	38850000	3.1808152736726395e-05	1777	1368	0.05386612404447785	3.937582166993995e-05	3.1808152736726395e-05	3.1808152736726395e-05	39.0	0.021947101857062466
chr17	chr17	1555	38875000	3.179802011073881e-05	1776	1366	0.06479011080617988	4.743053499720343e-05	3.179802011073881e-05	3.179802011073881e-05	45.0	0.02533783783783784
chr17	chr17	1556	38900000	3.1787897223495884e-05	1775	1364	0.0373688258386307	2.7396499881694062e-05	3.1787897223495884e-05	3.1787897223495884e-05	26.0	0.014647887323943662
chr17	chr17	1557	38925000	3.177778405938753e-05	1774	1363	0.04663187949368438	3.4212677544889494e-05	3.177778405938753e-05	3.177778405938753e-05	34.0	0.019165727170236752
chr17	chr17	1558	38950000	3.176768060283886e-05	1773	1362	0.04362280328599976	3.2028489930983674e-05	3.176768060283886e-05	3.176768060283886e-05	30.0	0.01692047377326565
chr17	chr17	1559	38975000	3.1757586838309806e-05	1772	1361	0.04580265340095349	3.365367626815099e-05	3.1757586838309806e-05	3.1757586838309806e-05	33.0	0.018623024830699775
chr17	chr17	1560	39000000	3.174657551631624e-05	1771	1361	0.04008012674486406	2.9449027733184468e-05	3.174657551631624e-05	3.174657551631624e-05	27.0	0.015245623941276116
chr17	chr17	1561	39025000	3.173557506489292e-05	1770	1359	0.04658381534339384	3.427800981853851e-05	3.173557506489292e-05	3.173557506489292e-05	35.0	0.01977401129943503
chr17	chr17	1562	39050000	3.172458546635462e-05	1769	1360	0.04626405614387161	3.401768834108207e-05	3.172458546635462e-05	3.172458546635462e-05	34.0	0.01921989824759751
chr17	chr17	1563	39075000	3.17136067030563e-05	1768	1359	0.05299850400804096	3.899816336132521e-05	3.17136067030563e-05	3.17136067030563e-05	39.0	0.022058823529411766
chr17	chr17	1564	39100000	3.170263875739281e-05	1767	1358	0.0730017794669264	5.375683318624919e-05	3.170263875739281e-05	3.170263875739281e-05	51.0	0.028862478777589132
chr17	chr17	1565	39125000	3.169168161179886e-05	1766	1358	0.04583790347791572	3.375397899699243e-05	3.169168161179886e-05	3.169168161179886e-05	34.0	0.01925254813137033
chr17	chr17	1566	39150000	3.168073524874884e-05	1765	1356	0.041004648424991796	3.0239416242619317e-05	3.168073524874884e-05	3.168073524874884e-05	32.0	0.018130311614730877
chr17	chr17	1567	39175000	3.1669799650756816e-05	1764	1356	0.04411892048408555	3.253607705316044e-05	3.1669799650756816e-05	3.1669799650756816e-05	32.0	0.018140589569160998
chr17	chr17	1568	39200000	3.165887480037626e-05	1763	1354	0.04575256467152354	3.37906681473586e-05	3.165887480037626e-05	3.165887480037626e-05	29.0	0.016449234259784458
chr17	chr17	1569	39225000	3.164796068020012e-05	1762	1353	0.04906651884624862	3.626498066980682e-05	3.164796068020012e-05	3.164796068020012e-05	36.0	0.02043132803632236
chr17	chr17	1570	39250000	3.163705727286055e-05	1761	1354	0.06371480470460744	4.7056724301778024e-05	3.163705727286055e-05	3.163705727286055e-05	45.0	0.02555366269165247
chr17	chr17	1571	39275000	3.1626164561028804e-05	1760	1353	0.042764119113894584	3.160688774123768e-05	3.1626164561028804e-05	3.1626164561028804e-05	32.0	0.01818181818181818
chr17	chr17	1572	39300000	3.16152825274153e-05	1759	1352	0.0496828981262564	3.6747705714686686e-05	3.16152825274153e-05	3.16152825274153e-05	36.0	0.02046617396247868
chr17	chr17	1573	39325000	3.160441115476929e-05	1758	1351	0.06492097915640926	4.8054018620584205e-05	3.160441115476929e-05	3.160441115476929e-05	45.0	0.025597269624573378
chr17	chr17	1574	39350000	3.159355042587885e-05	1757	1350	0.05899068149554293	4.3696801107809575e-05	3.159355042587885e-05	3.159355042587885e-05	38.0	0.021627774615822423
chr17	chr17	1575	39375000	3.15827003235708e-05	1756	1350	0.0536041738056273	3.970679541157578e-05	3.15827003235708e-05	3.15827003235708e-05	37.0	0.021070615034168565
chr17	chr17	1576	39400000	3.157186083071045e-05	1755	1348	0.03717109333477636	2.757499505547208e-05	3.157186083071045e-05	3.157186083071045e-05	29.0	0.016524216524216526
chr17	chr17	1577	39425000	3.1561031930201726e-05	1754	1346	0.04128195609650199	3.067010111181426e-05	3.1561031930201726e-05	3.1561031930201726e-05	30.0	0.01710376282782212
chr17	chr17	1578	39450000	3.155021360498684e-05	1753	1346	0.047260150104672126	3.511155282665091e-05	3.155021360498684e-05	3.155021360498684e-05	34.0	0.01939532230462065
chr17	chr17	1579	39475000	3.1539405838046245e-05	1752	1346	0.05405436607390947	4.015926157051223e-05	3.1539405838046245e-05	3.1539405838046245e-05	39.0	0.02226027397260274
chr17	chr17	1580	39500000	3.152860861239854e-05	1751	1345	0.044083049045742104	3.2775501149250635e-05	3.152860861239854e-05	3.152860861239854e-05	34.0	0.019417475728155338
chr17	chr17	1581	39525000	3.151782191110045e-05	1750	1344	0.05618483125437039	4.180418992140654e-05	3.151782191110045e-05	3.151782191110045e-05	39.0	0.022285714285714287
chr17	chr17	1582	39550000	3.150704571724652e-05	1749	1343	0.05397817417209212	4.0192236911461e-05	3.150704571724652e-05	3.150704571724652e-05	39.0	0.022298456260720412
chr17	chr17	1583	39575000	3.1496280013969176e-05	1748	1342	0.05236762312071255	3.9022073860441546e-05	3.1496280013969176e-05	3.1496280013969176e-05	36.0	0.020594965675057208
chr17	chr17	1584	39600000	3.1485524784438515e-05	1747	1341	0.04060661864681732	3.028084910277205e-05	3.1485524784438515e-05	3.1485524784438515e-05	27.0	0.015455065827132226
chr17	chr17	1585	39625000	3.147478001186231e-05	1746	1339	0.04294282488360132	3.207081768752899e-05	3.147478001186231e-05	3.147478001186231e-05	31.0	0.017754868270332187
chr17	chr17	1586	39650000	3.146404567948572e-05	1745	1338	0.06772501963497984	5.061660660312395e-05	3.146404567948572e-05	3.146404567948572e-05	44.0	0.02521489971346705
chr17	chr17	1587	39675000	3.145332177059136e-05	1744	1336	0.04008593249525411	3.0004440490459666e-05	3.145332177059136e-05	3.145332177059136e-05	28.0	0.016055045871559634
chr17	chr17	1588	39700000	3.144260826849918e-05	1743	1334	0.05664874019167688	4.24653224825164e-05	3.144260826849918e-05	3.144260826849918e-05	40.0	0.022948938611589215
chr17	chr17	1589	39725000	3.1431905156566126e-05	1742	1333	0.048847698084840935	3.6644934797330035e-05	3.1431905156566126e-05	3.1431905156566126e-05	34.0	0.01951779563719862
chr17	chr17	1590	39750000	3.142121241818646e-05	1741	1332	0.042658007080769805	3.2025530841418775e-05	3.142121241818646e-05	3.142121241818646e-05	30.0	0.01723147616312464
chr17	chr17	1591	39775000	3.1410530036791156e-05	1740	1331	0.05800792935739701	4.358221589586552e-05	3.1410530036791156e-05	3.1410530036791156e-05	39.0	0.022413793103448276
chr17	chr17	1592	39800000	3.139985799584822e-05	1739	1329	0.07126752337908912	5.362492353580822e-05	3.139985799584822e-05	3.139985799584822e-05	50.0	0.02875215641173088
chr17	chr17	1593	39825000	3.138919627886232e-05	1738	1328	0.04841098381011235	3.645405407387978e-05	3.138919627886232e-05	3.138919627886232e-05	36.0	0.020713463751438434
chr17	chr17	1594	39850000	3.137854486937485e-05	1737	1327	0.04709508242588992	3.548988879117552e-05	3.137854486937485e-05	3.137854486937485e-05	33.0	0.018998272884283247
chr17	chr17	1595	39875000	3.136790375096364e-05	1736	1325	0.04978972556477605	3.75771513696423e-05	3.136790375096364e-05	3.136790375096364e-05	33.0	0.019009216589861752
chr17	chr17	1596	39900000	3.135727290724304e-05	1735	1324	0.04679292038632996	3.534208488393502e-05	3.135727290724304e-05	3.135727290724304e-05	31.0	0.017867435158501442
chr17	chr17	1597	39925000	3.134578779746935e-05	1734	1324	0.04267073126876965	3.222864899453901e-05	3.134578779746935e-05	3.134578779746935e-05	31.0	0.01787773933102653
chr17	chr17	1598	39950000	3.1334314079782224e-05	1733	1324	0.05670548859541943	4.282891887871558e-05	3.1334314079782224e-05	3.1334314079782224e-05	42.0	0.024235429890363532
chr17	chr17	1599	39975000	3.132285173576351e-05	1732	1324	0.038007730977936235	2.8706745451613472e-05	3.132285173576351e-05	3.132285173576351e-05	24.0	0.013856812933025405
chr17	chr17	1600	40000000	3.131140074703624e-05	1731	1324	0.04322417984365822	3.264666151333703e-05	3.131140074703624e-05	3.131140074703624e-05	32.0	0.01848642403235124
chr17	chr17	1601	40025000	3.129996109526468e-05	1730	1323	0.05662920132428314	4.28036291188837e-05	3.129996109526468e-05	3.129996109526468e-05	39.0	0.02254335260115607
chr17	chr17	1602	40050000	3.128853276215412e-05	1729	1322	0.045422111714528396	3.435863215924992e-05	3.128853276215412e-05	3.128853276215412e-05	31.0	0.017929438982070563
chr17	chr17	1603	40075000	3.1277115729450754e-05	1728	1320	0.04789780729026404	3.628621764413942e-05	3.1277115729450754e-05	3.1277115729450754e-05	33.0	0.019097222222222224
chr17	chr17	1604	40100000	3.1265709978941584e-05	1727	1317	0.053223916895146786	4.041299688317903e-05	3.1265709978941584e-05	3.1265709978941584e-05	36.0	0.020845396641574986
chr17	chr17	1605	40125000	3.1254315492454314e-05	1726	1316	0.05097722684978602	3.87364945667067e-05	3.1254315492454314e-05	3.1254315492454314e-05	36.0	0.02085747392815759
chr17	chr17	1606	40150000	3.124293225185716e-05	1725	1316	0.0634795412298816	4.823673345735684e-05	3.124293225185716e-05	3.124293225185716e-05	44.0	0.025507246376811593
chr17	chr17	1607	40175000	3.123156023905885e-05	1724	1317	0.045936092063919826	3.4879340974882175e-05	3.123156023905885e-05	3.123156023905885e-05	34.0	0.019721577726218097
chr17	chr17	1608	40200000	3.122019943600842e-05	1723	1316	0.0500669185642003	3.8044770945440954e-05	3.122019943600842e-05	3.122019943600842e-05	34.0	0.019733023795705164
chr17	chr17	1609	40225000	3.120884982469513e-05	1722	1315	0.03042007692622466	2.3133138346938906e-05	3.120884982469513e-05	3.120884982469513e-05	19.0	0.011033681765389082
chr17	chr17	1610	40250000	3.1197511387148386e-05	1721	1314	0.0441864066353013	3.362740230997055e-05	3.1197511387148386e-05	3.1197511387148386e-05	31.0	0.01801278326554329
chr17	chr17	1611	40275000	3.118618410543757e-05	1720	1311	0.04695838690500585	3.581875431350561e-05	3.118618410543757e-05	3.118618410543757e-05	33.0	0.01918604651162791
chr17	chr17	1612	40300000	3.1174867961671845e-05	1719	1310	0.04363464897359465	3.3308892346255455e-05	3.1174867961671845e-05	3.1174867961671845e-05	31.0	0.018033740546829553
chr17	chr17	1613	40325000	3.116356293800029e-05	1718	1310	0.05533128076722201	4.223761890627634e-05	3.116356293800029e-05	3.116356293800029e-05	39.0	0.02270081490104773
chr17	chr17	1614	40350000	3.115226901661159e-05	1717	1310	0.05674127422072461	4.3313949786812685e-05	3.115226901661159e-05	3.115226901661159e-05	42.0	0.0244612696563774
chr17	chr17	1615	40375000	3.1140986179733934e-05	1716	1309	0.04711944615466879	3.5996521126561336e-05	3.1140986179733934e-05	3.1140986179733934e-05	34.0	0.019813519813519812
chr17	chr17	1616	40400000	3.112971440963495e-05	1715	1309	0.054147478921608	4.1365530115819705e-05	3.112971440963495e-05	3.112971440963495e-05	34.0	0.019825072886297375
chr17	chr17	1617	40425000	3.1118453688621606e-05	1714	1308	0.053103742559056324	4.0599191558911564e-05	3.1118453688621606e-05	3.1118453688621606e-05	38.0	0.022170361726954493
chr17	chr17	1618	40450000	3.110720399904009e-05	1713	1307	0.056733020600275144	4.34070547821539e-05	3.110720399904009e-05	3.110720399904009e-05	39.0	0.02276707530647986
chr17	chr17	1619	40475000	3.1095965323275606e-05	1712	1306	0.04783022149731783	3.662344678201978e-05	3.1095965323275606e-05	3.1095965323275606e-05	36.0	0.02102803738317757
chr17	chr17	1620	40500000	3.1084737643752465e-05	1711	1304	0.05087739859721478	3.901640996718925e-05	3.1084737643752465e-05	3.1084737643752465e-05	37.0	0.02162478082992402
chr17	chr17	1621	40525000	3.107352094293373e-05	1710	1304	0.044355864411661894	3.401523344452599e-05	3.107352094293373e-05	3.107352094293373e-05	31.0	0.018128654970760234
chr17	chr17	1622	40550000	3.106231520332129e-05	1709	1303	0.053728105760352404	4.123415637786063e-05	3.106231520332129e-05	3.106231520332129e-05	38.0	0.022235225277940317
chr17	chr17	1623	40575000	3.10511204074557e-05	1708	1300	0.03898264367515721	2.9986648980890163e-05	3.10511204074557e-05	3.10511204074557e-05	26.0	0.01522248243559719
chr17	chr17	1624	40600000	3.103993653791604e-05	1707	1299	0.041603010136328576	3.2026951606103597e-05	3.103993653791604e-05	3.103993653791604e-05	30.0	0.01757469244288225
chr17	chr17	1625	40625000	3.10287635773198e-05	1706	1298	0.04785524008448956	3.6868443824722315e-05	3.10287635773198e-05	3.10287635773198e-05	34.0	0.01992966002344666
chr17	chr17	1626	40650000	3.101760150832285e-05	1705	1297	0.05552833392152777	4.281290202122419e-05	3.101760150832285e-05	3.101760150832285e-05	39.0	0.02287390029325513
chr17	chr17	1627	40675000	3.100645031361923e-05	1704	1296	0.035810446166605475	2.763151710386225e-05	3.100645031361923e-05	3.100645031361923e-05	24.0	0.014084507042253521
chr17	chr17	1628	40700000	3.099530997594116e-05	1703	1295	0.04643570316332066	3.5857685840402054e-05	3.099530997594116e-05	3.099530997594116e-05	32.0	0.018790369935408103
chr17	chr17	1629	40725000	3.098418047805879e-05	1702	1294	0.05535282996848971	4.277653011475248e-05	3.098418047805879e-05	3.098418047805879e-05	36.0	0.021151586368977675
chr17	chr17	1630	40750000	3.0973061802780175e-05	1701	1295	0.041143567094839587	3.177109428172941e-05	3.0973061802780175e-05	3.0973061802780175e-05	29.0	0.017048794826572605
chr17	chr17	1631	40775000	3.096195393295128e-05	1700	1295	0.04306373892562958	3.325385245222361e-05	3.096195393295128e-05	3.096195393295128e-05	30.0	0.01764705882352941
chr17	chr17	1632	40800000	3.095085685145555e-05	1699	1293	0.043431816677120975	3.358995876034105e-05	3.095085685145555e-05	3.095085685145555e-05	32.0	0.01883460859329017
chr17	chr17	1633	40825000	3.09397705412142e-05	1698	1293	0.05416261345689267	4.188910553510647e-05	3.09397705412142e-05	3.09397705412142e-05	37.0	0.021790341578327443
chr17	chr17	1634	40850000	3.0928694985185814e-05	1697	1293	0.03853573762146446	2.98033546956415e-05	3.0928694985185814e-05	3.0928694985185814e-05	27.0	0.015910430170889805
chr17	chr17	1635	40875000	3.091685021430935e-05	1696	1291	0.03540269367942946	2.7422690688946137e-05	3.091685021430935e-05	3.091685021430935e-05	23.0	0.013561320754716982
chr17	chr17	1636	40900000	3.0905017217762755e-05	1695	1289	0.04708178720810604	3.652582405593952e-05	3.0905017217762755e-05	3.0905017217762755e-05	35.0	0.02064896755162242
chr17	chr17	1637	40925000	3.0893195976655426e-05	1694	1287	0.05424502847136769	4.2148429270681966e-05	3.0893195976655426e-05	3.0893195976655426e-05	35.0	0.02066115702479339
chr17	chr17	1638	40950000	3.088138647213855e-05	1693	1286	0.05752637223456231	4.4732793339473025e-05	3.088138647213855e-05	3.088138647213855e-05	39.0	0.02303603071470762
chr17	chr17	1639	40975000	3.08695886854051e-05	1692	1283	0.024760648848595305	1.9299024823534923e-05	3.08695886854051e-05	3.08695886854051e-05	18.0	0.010638297872340425
chr17	chr17	1640	41000000	3.085780259768958e-05	1691	1281	0.03703083139296317	2.8907752843843224e-05	3.085780259768958e-05	3.085780259768958e-05	26.0	0.01537551744529864
chr17	chr17	1641	41025000	3.0846028190267926e-05	1690	1281	0.047079762029070604	3.675235131074988e-05	3.0846028190267926e-05	3.0846028190267926e-05	33.0	0.01952662721893491
chr17	chr17	1642	41050000	3.083426544445755e-05	1689	1279	0.05673480559665831	4.435872212404872e-05	3.083426544445755e-05	3.083426544445755e-05	38.0	0.022498519834221433
chr17	chr17	1643	41075000	3.082251434161696e-05	1688	1279	0.0576582920388336	4.508075999908804e-05	3.082251434161696e-05	3.082251434161696e-05	37.0	0.021919431279620854
chr17	chr17	1644	41100000	3.081077486314587e-05	1687	1280	0.04588196974731654	3.584528886509105e-05	3.081077486314587e-05	3.081077486314587e-05	32.0	0.01896858328393598
chr17	chr17	1645	41125000	3.079904699048494e-05	1686	1278	0.04801472342302567	3.757020612130334e-05	3.079904699048494e-05	3.079904699048494e-05	35.0	0.020759193357058125
chr17	chr17	1646	41150000	3.0787330705115834e-05	1685	1278	0.055784491812147334	4.3649837098706834e-05	3.0787330705115834e-05	3.0787330705115834e-05	37.0	0.02195845697329377
chr17	chr17	1647	41175000	3.0775625988560856e-05	1684	1277	0.04190957976330713	3.281877820149344e-05	3.0775625988560856e-05	3.0775625988560856e-05	33.0	0.019596199524940617
chr17	chr17	1648	41200000	3.0763932822383055e-05	1683	1275	0.03440426631859393	2.698373828909328e-05	3.0763932822383055e-05	3.0763932822383055e-05	27.0	0.016042780748663103
chr17	chr17	1649	41225000	3.075225118818599e-05	1682	1272	0.042637409153658754	3.351997574973173e-05	3.075225118818599e-05	3.075225118818599e-05	31.0	0.018430439952437573
chr17	chr17	1650	41250000	3.074058106761368e-05	1681	1271	0.051137851012525284	4.0234343833615484e-05	3.074058106761368e-05	3.074058106761368e-05	37.0	0.022010707911957167
chr17	chr17	1651	41275000	3.0728922442350444e-05	1680	1271	0.057464880975585206	4.5212337510295204e-05	3.0728922442350444e-05	3.0728922442350444e-05	41.0	0.024404761904761905
chr17	chr17	1652	41300000	3.0717275294120844e-05	1679	1271	0.0427116070294738	3.36047262230321e-05	3.0717275294120844e-05	3.0717275294120844e-05	31.0	0.01846337105419893
chr17	chr17	1653	41325000	3.070563960468944e-05	1678	1270	0.04177942573022029	3.289718561434669e-05	3.070563960468944e-05	3.070563960468944e-05	26.0	0.015494636471990465
chr17	chr17	1654	41350000	3.06940153558609e-05	1677	1271	0.03244661580793863	2.5528415269817963e-05	3.06940153558609e-05	3.06940153558609e-05	22.0	0.01311866428145498
chr17	chr17	1655	41375000	3.068240252947963e-05	1676	1271	0.039430426698862917	3.1023152398790654e-05	3.068240252947963e-05	3.068240252947963e-05	27.0	0.016109785202863963
chr17	chr17	1656	41400000	3.067080110742998e-05	1675	1271	0.04364940483230249	3.434256871148898e-05	3.067080110742998e-05	3.067080110742998e-05	31.0	0.018507462686567163
chr17	chr17	1657	41425000	3.065921107163572e-05	1674	1270	0.03826326314708388	3.0128553659121164e-05	3.065921107163572e-05	3.065921107163572e-05	27.0	0.016129032258064516
chr17	chr17	1658	41450000	3.0647632404060346e-05	1673	1268	0.043842881490013454	3.457640496057843e-05	3.0647632404060346e-05	3.0647632404060346e-05	31.0	0.01852958756724447
chr17	chr17	1659	41475000	3.063606508670668e-05	1672	1266	0.0384873750933026	3.0400770215878832e-05	3.063606508670668e-05	3.063606508670668e-05	26.0	0.01555023923444976
chr17	chr17	1660	41500000	3.0624509101616865e-05	1671	1266	0.04551716893515692	3.595352996457893e-05	3.0624509101616865e-05	3.0624509101616865e-05	32.0	0.019150209455415918
chr17	chr17	1661	41525000	3.0612964430872326e-05	1670	1266	0.04081570678359911	3.2239894773774965e-05	3.0612964430872326e-05	3.0612964430872326e-05	28.0	0.016766467065868262
chr17	chr17	1662	41550000	3.0601431056593496e-05	1669	1266	0.04814089128616491	3.8025980478803246e-05	3.0601431056593496e-05	3.0601431056593496e-05	34.0	0.02037147992810066
chr17	chr17	1663	41575000	3.058990896093988e-05	1668	1264	0.038682395181060765	3.06031607445101e-05	3.058990896093988e-05	3.058990896093988e-05	27.0	0.01618705035971223
chr17	chr17	1664	41600000	3.057839812610978e-05	1667	1264	0.047505480385099476	3.7583449671755915e-05	3.057839812610978e-05	3.057839812610978e-05	32.0	0.01919616076784643
chr17	chr17	1665	41625000	3.056689853434033e-05	1666	1262	0.03401474969012165	2.695305046760828e-05	3.056689853434033e-05	3.056689853434033e-05	26.0	0.015606242496998799
chr17	chr17	1666	41650000	3.055541016790732e-05	1665	1260	0.03674363517196918	2.9161615215848555e-05	3.055541016790732e-05	3.055541016790732e-05	26.0	0.015615615615615615
chr17	chr17	1667	41675000	3.054393300912507e-05	1664	1258	0.038964292557482676	3.097320553059036e-05	3.054393300912507e-05	3.054393300912507e-05	26.0	0.015625
chr17	chr17	1668	41700000	3.053246704034639e-05	1663	1257	0.04057776748537001	3.228143793585522e-05	3.053246704034639e-05	3.053246704034639e-05	29.0	0.017438364401683705
chr17	chr17	1669	41725000	3.052101224396242e-05	1662	1255	0.03867410624298026	3.081602091074124e-05	3.052101224396242e-05	3.052101224396242e-05	30.0	0.018050541516245487
chr17	chr17	1670	41750000	3.0509568602402547e-05	1661	1253	0.04389130158364236	3.5028971734750484e-05	3.0509568602402547e-05	3.0509568602402547e-05	30.0	0.018061408789885613
chr17	chr17	1671	41775000	3.049813609813424e-05	1660	1254	0.0210527025191282	1.6788439010469056e-05	3.049813609813424e-05	3.049813609813424e-05	15.0	0.009036144578313253
chr17	chr17	1672	41800000	3.048671471366305e-05	1659	1254	0.04996634491185448	3.9845570105147114e-05	3.048671471366305e-05	3.048671471366305e-05	33.0	0.019891500904159132
chr17	chr17	1673	41825000	3.047530443153247e-05	1658	1252	0.037575173789781646	3.0012119640400675e-05	3.047530443153247e-05	3.047530443153247e-05	27.0	0.016284680337756333
chr17	chr17	1674	41850000	3.0463235243702976e-05	1657	1251	0.03330444800070622	2.6622260592091302e-05	3.0463235243702976e-05	3.0463235243702976e-05	24.0	0.01448400724200362
chr17	chr17	1675	41875000	3.0451178039011743e-05	1656	1251	0.04639637464061104	3.7087429768673895e-05	3.0451178039011743e-05	3.0451178039011743e-05	30.0	0.018115942028985508
chr17	chr17	1676	41900000	3.043913279841756e-05	1655	1250	0.04122750729478124	3.298200583582499e-05	3.043913279841756e-05	3.043913279841756e-05	31.0	0.018731117824773415
chr17	chr17	1677	41925000	3.0427099502920875e-05	1654	1247	0.051377166210462705	4.1200614443033446e-05	3.0427099502920875e-05	3.0427099502920875e-05	34.0	0.020556227327690448
chr17	chr17	1678	41950000	3.0415078133563614e-05	1653	1244	0.045109984049795986	3.6262045056106096e-05	3.0415078133563614e-05	3.0415078133563614e-05	32.0	0.019358741681790685
chr17	chr17	1679	41975000	3.0403068671428997e-05	1652	1243	0.037442534493646075	3.0122714797784453e-05	3.0403068671428997e-05	3.0403068671428997e-05	26.0	0.015738498789346248
chr17	chr17	1680	42000000	3.0391071097641583e-05	1651	1242	0.03323714836427261	2.6760989021153472e-05	3.0391071097641583e-05	3.0391071097641583e-05	24.0	0.014536644457904301
chr17	chr17	1681	42025000	3.0379085393367004e-05	1650	1241	0.052927270037663655	4.2648888023903024e-05	3.0379085393367004e-05	3.0379085393367004e-05	36.0	0.02181818181818182
chr17	chr17	1682	42050000	3.036711153981192e-05	1649	1240	0.04954096816931189	3.995239368492894e-05	3.036711153981192e-05	3.036711153981192e-05	33.0	0.02001212856276531
chr17	chr17	1683	42075000	3.035514951822394e-05	1648	1239	0.029085514357955373	2.3474991410779155e-05	3.035514951822394e-05	3.035514951822394e-05	21.0	0.012742718446601941
chr17	chr17	1684	42100000	3.0343199309891424e-05	1647	1238	0.05002546683098101	4.0408293078336844e-05	3.0343199309891424e-05	3.0343199309891424e-05	36.0	0.02185792349726776
chr17	chr17	1685	42125000	3.0331260896143405e-05	1646	1236	0.04110259637970898	3.3254527815298525e-05	3.0331260896143405e-05	3.0331260896143405e-05	33.0	0.020048602673147023
chr17	chr17	1686	42150000	3.0319334258349497e-05	1645	1234	0.03951650375266659	3.202309866504586e-05	3.0319334258349497e-05	3.0319334258349497e-05	29.0	0.01762917933130699
chr17	chr17	1687	42175000	3.030741937791978e-05	1644	1232	0.03812215761317774	3.094330975095596e-05	3.030741937791978e-05	3.030741937791978e-05	25.0	0.015206812652068127
chr17	chr17	1688	42200000	3.029551623630467e-05	1643	1230	0.040467541537996324	3.290044027479376e-05	3.029551623630467e-05	3.029551623630467e-05	31.0	0.018867924528301886
chr17	chr17	1689	42225000	3.0283624814994836e-05	1642	1229	0.044913856922517696	3.654504224777681e-05	3.0283624814994836e-05	3.0283624814994836e-05	34.0	0.020706455542021926
chr17	chr17	1690	42250000	3.0271745095520996e-05	1641	1228	0.04566819194831843	3.718908139113878e-05	3.0271745095520996e-05	3.0271745095520996e-05	33.0	0.02010968921389397
chr17	chr17	1691	42275000	3.025987705945399e-05	1640	1227	0.014629990196025703	1.1923382392848984e-05	3.025987705945399e-05	3.025987705945399e-05	14.0	0.00853658536585366
chr17	chr17	1692	42300000	3.0248020688404436e-05	1639	1227	0.033857613628466905	2.7593817138114837e-05	3.0248020688404436e-05	3.0248020688404436e-05	23.0	0.014032946918852958
chr17	chr17	1693	42325000	3.023617596402282e-05	1638	1227	0.04066035535655227	3.313802392547047e-05	3.023617596402282e-05	3.023617596402282e-05	29.0	0.017704517704517704
chr17	chr17	1694	42350000	3.022434286799933e-05	1637	1224	0.049609632101360004	4.053074518084968e-05	3.022434286799933e-05	3.022434286799933e-05	33.0	0.020158827122785584
chr17	chr17	1695	42375000	3.021252138206363e-05	1636	1225	0.03150269431932748	2.5716485158634677e-05	3.021252138206363e-05	3.021252138206363e-05	22.0	0.013447432762836185
chr17	chr17	1696	42400000	3.0200711487984955e-05	1635	1223	0.038993500553821274	3.188348369077782e-05	3.0200711487984955e-05	3.0200711487984955e-05	28.0	0.01712538226299694
chr17	chr17	1697	42425000	3.01889131675718e-05	1634	1222	0.048715843597671456	3.986566579187517e-05	3.01889131675718e-05	3.01889131675718e-05	33.0	0.020195838433292534
chr17	chr17	1698	42450000	3.0177126402671993e-05	1633	1221	0.04060831899100249	3.3258246511877553e-05	3.0177126402671993e-05	3.0177126402671993e-05	27.0	0.01653398652786283
chr17	chr17	1699	42475000	3.0165351175172394e-05	1632	1219	0.04666922997212296	3.828484821339045e-05	3.0165351175172394e-05	3.0165351175172394e-05	33.0	0.02022058823529412
chr17	chr17	1700	42500000	3.0153587466999005e-05	1631	1217	0.04417950533120195	3.6301976443058296e-05	3.0153587466999005e-05	3.0153587466999005e-05	33.0	0.02023298589822195
chr17	chr17	1701	42525000	3.0141835260116695e-05	1630	1215	0.027212598315400644	2.2397200259589008e-05	3.0141835260116695e-05	3.0141835260116695e-05	20.0	0.012269938650306749
chr17	chr17	1702	42550000	3.0130094536529132e-05	1629	1216	0.04407585800774893	3.624659375637248e-05	3.0130094536529132e-05	3.0130094536529132e-05	30.0	0.01841620626151013
chr17	chr17	1703	42575000	3.0118365278278797e-05	1628	1213	0.0523488960169958	4.315655071475334e-05	3.0118365278278797e-05	3.0118365278278797e-05	36.0	0.022113022113022112
chr17	chr17	1704	42600000	3.0106647467446614e-05	1627	1212	0.0389634691123985	3.2148076825411305e-05	3.0106647467446614e-05	3.0106647467446614e-05	25.0	0.015365703749231715
chr17	chr17	1705	42625000	3.009494108615212e-05	1626	1210	0.03709645294560463	3.065822557487986e-05	3.009494108615212e-05	3.009494108615212e-05	26.0	0.015990159901599015
chr17	chr17	1706	42650000	3.0083246116553234e-05	1625	1208	0.03210817193173988	2.6579612526274735e-05	3.0083246116553234e-05	3.0083246116553234e-05	24.0	0.014769230769230769
chr17	chr17	1707	42675000	3.0071562540846144e-05	1624	1207	0.030778443095466446	2.5499952854570377e-05	3.0071562540846144e-05	3.0071562540846144e-05	23.0	0.01416256157635468
chr17	chr17	1708	42700000	3.0059890341265227e-05	1623	1206	0.027925220656329585	2.315524100856516e-05	3.0059890341265227e-05	3.0059890341265227e-05	19.0	0.01170671595810228
chr17	chr17	1709	42725000	3.0048229500082964e-05	1622	1206	0.04567610434414152	3.7874050036601595e-05	3.0048229500082964e-05	3.0048229500082964e-05	31.0	0.01911220715166461
chr17	chr17	1710	42750000	3.003657999960975e-05	1621	1206	0.03511825799700107	2.9119616912936212e-05	3.003657999960975e-05	3.003657999960975e-05	25.0	0.015422578655151141
chr17	chr17	1711	42775000	3.0024941822193933e-05	1620	1206	0.030394948595807235	2.5203108288397376e-05	3.0024941822193933e-05	3.0024941822193933e-05	21.0	0.012962962962962963
chr17	chr17	1712	42800000	3.001331495022157e-05	1619	1206	0.03514988106850151	2.91458383652583e-05	3.001331495022157e-05	3.001331495022157e-05	24.0	0.014823965410747375
chr17	chr17	1713	42825000	3.0001147889723105e-05	1618	1206	0.041106796201698215	3.408523731484097e-05	3.0001147889723105e-05	3.0001147889723105e-05	29.0	0.01792336217552534
chr17	chr17	1714	42850000	2.998899285800441e-05	1617	1204	0.03388673077329115	2.8145125226986006e-05	2.998899285800441e-05	2.998899285800441e-05	22.0	0.013605442176870748
chr17	chr17	1715	42875000	2.9976849836165953e-05	1616	1202	0.0318911875002479	2.6531769966928368e-05	2.9976849836165953e-05	2.9976849836165953e-05	23.0	0.014232673267326733
chr17	chr17	1716	42900000	2.9964718805348708e-05	1615	1201	0.03322546186811709	2.766483086437726e-05	2.9964718805348708e-05	2.9964718805348708e-05	23.0	0.014241486068111455
chr17	chr17	1717	42925000	2.9952599746734383e-05	1614	1199	0.035896022853777874	2.9938300962283466e-05	2.9952599746734383e-05	2.9952599746734383e-05	28.0	0.01734820322180917
chr17	chr17	1718	42950000	2.9940492641545076e-05	1613	1199	0.03825694748190113	3.190737905079327e-05	2.9940492641545076e-05	2.9940492641545076e-05	27.0	0.016738995660260384
chr17	chr17	1719	42975000	2.992839747104324e-05	1612	1197	0.032467040852866676	2.7123676568810925e-05	2.992839747104324e-05	2.992839747104324e-05	26.0	0.016129032258064516
chr17	chr17	1720	43000000	2.9916314216531666e-05	1611	1199	0.03763018189423607	3.138463877751132e-05	2.9916314216531666e-05	2.9916314216531666e-05	27.0	0.01675977653631285
chr17	chr17	1721	43025000	2.9904242859353156e-05	1610	1198	0.022631385833324302	1.8890973149686397e-05	2.9904242859353156e-05	2.9904242859353156e-05	16.0	0.009937888198757764
chr17	chr17	1722	43050000	2.989218338089064e-05	1609	1199	0.02010309068171443	1.6766547691171334e-05	2.989218338089064e-05	2.989218338089064e-05	13.0	0.008079552517091361
chr17	chr17	1723	43075000	2.9880135762566908e-05	1608	1199	0.030781812190450293	2.5672904245579893e-05	2.9880135762566908e-05	2.9880135762566908e-05	23.0	0.014303482587064677
chr17	chr17	1724	43100000	2.9868099985844615e-05	1607	1198	0.04283888435425697	3.575866807533971e-05	2.9868099985844615e-05	2.9868099985844615e-05	31.0	0.019290603609209707
chr17	chr17	1725	43125000	2.985607603222609e-05	1606	1199	0.041084326348617896	3.426549320151618e-05	2.985607603222609e-05	2.985607603222609e-05	31.0	0.019302615193026153
chr17	chr17	1726	43150000	2.984406388325327e-05	1605	1201	0.03683212448489186	3.066788050365683e-05	2.984406388325327e-05	2.984406388325327e-05	27.0	0.016822429906542057
chr17	chr17	1727	43175000	2.983206352050757e-05	1604	1202	0.03688347288899486	3.068508559816544e-05	2.983206352050757e-05	2.983206352050757e-05	22.0	0.01371571072319202
chr17	chr17	1728	43200000	2.982007492560981e-05	1603	1201	0.03546112808119334	2.9526334788670556e-05	2.982007492560981e-05	2.982007492560981e-05	23.0	0.014348097317529632
chr17	chr17	1729	43225000	2.9808098080220035e-05	1602	1201	0.05149439086636483	4.287626217016222e-05	2.9808098080220035e-05	2.9808098080220035e-05	32.0	0.019975031210986267
chr17	chr17	1730	43250000	2.9796132966037514e-05	1601	1200	0.03944066713338057	3.2867222611150476e-05	2.9796132966037514e-05	2.9796132966037514e-05	27.0	0.016864459712679577
chr17	chr17	1731	43275000	2.9784179564800547e-05	1600	1199	0.03815945152586292	3.1826064658768076e-05	2.9784179564800547e-05	2.9784179564800547e-05	26.0	0.01625
chr17	chr17	1732	43300000	2.9772237858286363e-05	1599	1198	0.0409538391611093	3.4185174591910935e-05	2.9772237858286363e-05	2.9772237858286363e-05	27.0	0.016885553470919325
chr17	chr17	1733	43325000	2.976030782831111e-05	1598	1195	0.03650462248416843	3.0547801241981946e-05	2.976030782831111e-05	2.976030782831111e-05	27.0	0.016896120150187734
chr17	chr17	1734	43350000	2.974838945672966e-05	1597	1194	0.02720516157569858	2.278489244195861e-05	2.974838945672966e-05	2.974838945672966e-05	21.0	0.013149655604257984
chr17	chr17	1735	43375000	2.9736482725435438e-05	1596	1193	0.019465007811479695	1.6316016606437296e-05	2.9736482725435438e-05	2.9736482725435438e-05	14.0	0.008771929824561403
chr17	chr17	1736	43400000	2.9724587616360557e-05	1595	1192	0.035544970891244185	2.981960645238606e-05	2.9724587616360557e-05	2.9724587616360557e-05	30.0	0.018808777429467086
chr17	chr17	1737	43425000	2.971270411147547e-05	1594	1191	0.03768277471239156	3.163960933030357e-05	2.971270411147547e-05	2.971270411147547e-05	27.0	0.016938519447929738
chr17	chr17	1738	43450000	2.9700832192788937e-05	1593	1190	0.051162472988104946	4.2993674779920125e-05	2.9700832192788937e-05	2.9700832192788937e-05	34.0	0.021343377275580666
chr17	chr17	1739	43475000	2.9688971842347968e-05	1592	1188	0.04343716080376657	3.656326666983718e-05	2.9688971842347968e-05	2.9688971842347968e-05	31.0	0.019472361809045227
chr17	chr17	1740	43500000	2.9677123042237742e-05	1591	1186	0.030243716036626997	2.5500603740832206e-05	2.9677123042237742e-05	2.9677123042237742e-05	21.0	0.013199245757385292
chr17	chr17	1741	43525000	2.966528577458138e-05	1590	1182	0.031248841102136993	2.6437259815682736e-05	2.966528577458138e-05	2.966528577458138e-05	26.0	0.016352201257861635
chr17	chr17	1742	43550000	2.9653460021539957e-05	1589	1179	0.026626208321282045	2.2583722070637868e-05	2.9653460021539957e-05	2.9653460021539957e-05	20.0	0.012586532410320957
chr17	chr17	1743	43575000	2.964164576531241e-05	1588	1177	0.032095784960796264	2.7269146100931405e-05	2.964164576531241e-05	2.964164576531241e-05	27.0	0.01700251889168766
chr17	chr17	1744	43600000	2.9629842988135247e-05	1587	1178	0.03143572945261287	2.668567865247273e-05	2.9629842988135247e-05	2.9629842988135247e-05	25.0	0.01575299306868305
chr17	chr17	1745	43625000	2.9618051672282738e-05	1586	1176	0.033951572484309134	2.887038476556899e-05	2.9618051672282738e-05	2.9618051672282738e-05	23.0	0.014501891551071878
chr17	chr17	1746	43650000	2.9606271800066592e-05	1585	1175	0.02554928885997803	2.1744075625513217e-05	2.9606271800066592e-05	2.9606271800066592e-05	18.0	0.011356466876971609
chr17	chr17	1747	43675000	2.959450335383594e-05	1584	1175	0.03508437254486184	2.9859040463712205e-05	2.959450335383594e-05	2.959450335383594e-05	23.0	0.01452020202020202
chr17	chr17	1748	43700000	2.958274631597719e-05	1583	1176	0.034196515319591905	2.90786694894489e-05	2.958274631597719e-05	2.958274631597719e-05	23.0	0.014529374605180037
chr17	chr17	1749	43725000	2.9571000668913965e-05	1582	1175	0.025380370354220864	2.1600315195081586e-05	2.9571000668913965e-05	2.9571000668913965e-05	22.0	0.01390644753476612
chr17	chr17	1750	43750000	2.9559266395107084e-05	1581	1174	0.03449991392474932	2.9386638777469606e-05	2.9559266395107084e-05	2.9559266395107084e-05	25.0	0.015812776723592662
chr17	chr17	1751	43775000	2.9547543477054257e-05	1580	1175	0.02716747785474609	2.3121257748720077e-05	2.9547543477054257e-05	2.9547543477054257e-05	22.0	0.013924050632911392
chr17	chr17	1752	43800000	2.9535831897290164e-05	1579	1174	0.026042992077712303	2.2183127834507924e-05	2.9535831897290164e-05	2.9535831897290164e-05	20.0	0.01266624445851805
chr17	chr17	1753	43825000	2.9523697827653974e-05	1578	1173	0.04067836247083837	3.467891088733024e-05	2.9523697827653974e-05	2.9523697827653974e-05	27.0	0.017110266159695818
chr17	chr17	1754	43850000	2.951157565865315e-05	1577	1172	0.03516391114023114	3.0003337150367866e-05	2.951157565865315e-05	2.951157565865315e-05	24.0	0.015218769816106531
chr17	chr17	1755	43875000	2.949946537184119e-05	1576	1170	0.023946528957128763	2.046711876677672e-05	2.949946537184119e-05	2.949946537184119e-05	17.0	0.010786802030456852
chr17	chr17	1756	43900000	2.948736694881053e-05	1575	1169	0.03857841340307724	3.300120907021149e-05	2.948736694881053e-05	2.948736694881053e-05	28.0	0.017777777777777778
chr17	chr17	1757	43925000	2.9475280371192684e-05	1574	1166	0.040507396595500636	3.4740477354631764e-05	2.9475280371192684e-05	2.9475280371192684e-05	27.0	0.017153748411689963
chr17	chr17	1758	43950000	2.9463205620658062e-05	1573	1167	0.017475264267070568	1.4974519509057898e-05	2.9463205620658062e-05	2.9463205620658062e-05	14.0	0.008900190718372537
chr17	chr17	1759	43975000	2.945114267891572e-05	1572	1167	0.036251665495697416	3.106398071610747e-05	2.945114267891572e-05	2.945114267891572e-05	23.0	0.014631043256997456
chr17	chr17	1760	44000000	2.9439091527713496e-05	1571	1166	0.04554732802034627	3.906288852516833e-05	2.9439091527713496e-05	2.9439091527713496e-05	30.0	0.019096117122851686
chr17	chr17	1761	44025000	2.9427052148837723e-05	1570	1163	0.027309720540933505	2.3482132881284182e-05	2.9427052148837723e-05	2.9427052148837723e-05	20.0	0.012738853503184714
chr17	chr17	1762	44050000	2.9415024524113235e-05	1569	1164	0.022933655300038592	1.9702453006906007e-05	2.9415024524113235e-05	2.9415024524113235e-05	21.0	0.01338432122370937
chr17	chr17	1763	44075000	2.9403008635403224e-05	1568	1161	0.03809051667656802	3.280836923046341e-05	2.9403008635403224e-05	2.9403008635403224e-05	29.0	0.018494897959183673
chr17	chr17	1764	44100000	2.9391004464609025e-05	1567	1160	0.04344248205564125	3.745041556520798e-05	2.9391004464609025e-05	2.9391004464609025e-05	31.0	0.019783024888321635
chr17	chr17	1765	44125000	2.937901199367032e-05	1566	1159	0.02945482933076536	2.5414002873826886e-05	2.937901199367032e-05	2.937901199367032e-05	22.0	0.0140485312899106
chr17	chr17	1766	44150000	2.936703120456465e-05	1565	1157	0.021121277501548068	1.825520959511501e-05	2.936703120456465e-05	2.936703120456465e-05	15.0	0.009584664536741214
chr17	chr17	1767	44175000	2.93550620793076e-05	1564	1156	0.028044178930456225	2.4259670355065937e-05	2.93550620793076e-05	2.93550620793076e-05	19.0	0.012148337595907928
chr17	chr17	1768	44200000	2.9343104599952584e-05	1563	1156	0.03301289005849326	2.8557863372399016e-05	2.9343104599952584e-05	2.9343104599952584e-05	23.0	0.01471529110684581
chr17	chr17	1769	44225000	2.9331158748590734e-05	1562	1157	0.028488773371549377	2.4622967477570766e-05	2.9331158748590734e-05	2.9331158748590734e-05	17.0	0.01088348271446863
chr17	chr17	1770	44250000	2.9319224507350883e-05	1561	1155	0.02874515401916599	2.488757923737315e-05	2.9319224507350883e-05	2.9319224507350883e-05	22.0	0.014093529788597053
chr17	chr17	1771	44275000	2.9307301858399336e-05	1560	1153	0.024712091033686163	2.1432862995391295e-05	2.9307301858399336e-05	2.9307301858399336e-05	17.0	0.010897435897435897
chr17	chr17	1772	44300000	2.9295390783939875e-05	1559	1154	0.030470378207516587	2.640414056110623e-05	2.9295390783939875e-05	2.9295390783939875e-05	25.0	0.01603592046183451
chr17	chr17	1773	44325000	2.9283491266213667e-05	1558	1153	0.02658350774308728	2.3055947739017587e-05	2.9283491266213667e-05	2.9283491266213667e-05	19.0	0.012195121951219513
chr17	chr17	1774	44350000	2.927160328749902e-05	1557	1152	0.025954217874196318	2.2529703015795413e-05	2.927160328749902e-05	2.927160328749902e-05	16.0	0.010276172125883108
chr17	chr17	1775	44375000	2.9259726830111487e-05	1556	1151	0.028445547930359954	2.4713768836107692e-05	2.9259726830111487e-05	2.9259726830111487e-05	22.0	0.014138817480719794
chr17	chr17	1776	44400000	2.9247861876403627e-05	1555	1151	0.03663343945089386	3.182748866280961e-05	2.9247861876403627e-05	2.9247861876403627e-05	26.0	0.016720257234726688
chr17	chr17	1777	44425000	2.9236008408764935e-05	1554	1149	0.020474215154940162	1.7819160274099358e-05	2.9236008408764935e-05	2.9236008408764935e-05	19.0	0.012226512226512226
chr17	chr17	1778	44450000	2.922416640962171e-05	1553	1147	0.03761991476191609	3.2798530742734165e-05	2.922416640962171e-05	2.922416640962171e-05	26.0	0.01674179008370895
chr17	chr17	1779	44475000	2.9212335861437187e-05	1552	1145	0.03256222836804104	2.8438627395669032e-05	2.9212335861437187e-05	2.9212335861437187e-05	23.0	0.014819587628865979
chr17	chr17	1780	44500000	2.9200516746711012e-05	1551	1142	0.02946559110216982	2.5801743522040122e-05	2.9200516746711012e-05	2.9200516746711012e-05	23.0	0.014829142488716958
chr17	chr17	1781	44525000	2.9188709047979556e-05	1550	1139	0.023839878942473112	2.0930534629036972e-05	2.9188709047979556e-05	2.9188709047979556e-05	17.0	0.01096774193548387
chr17	chr17	1782	44550000	2.9176912747815595e-05	1549	1136	0.035247842024455384	3.102802995110509e-05	2.9176912747815595e-05	2.9176912747815595e-05	25.0	0.016139444803098774
chr17	chr17	1783	44575000	2.9165127828828268e-05	1548	1135	0.03257034252700503	2.8696337028198265e-05	2.9165127828828268e-05	2.9165127828828268e-05	24.0	0.015503875968992248
chr17	chr17	1784	44600000	2.915335427366295e-05	1547	1132	0.0186805312233276	1.6502236063010247e-05	2.915335427366295e-05	2.915335427366295e-05	13.0	0.008403361344537815
chr17	chr17	1785	44625000	2.9141592065001295e-05	1546	1130	0.03788401024907516	3.3525672786792174e-05	2.9141592065001295e-05	2.9141592065001295e-05	26.0	0.016817593790426907
chr17	chr17	1786	44650000	2.91298411855609e-05	1545	1130	0.013240598327660126	1.1717343652796571e-05	2.91298411855609e-05	2.91298411855609e-05	11.0	0.007119741100323625
chr17	chr17	1787	44675000	2.9118101618095443e-05	1544	1128	0.028032859119116786	2.4851825460209917e-05	2.9118101618095443e-05	2.9118101618095443e-05	23.0	0.014896373056994818
chr17	chr17	1788	44700000	2.9106373345394397e-05	1543	1126	0.03324431230016309	2.9524256039221214e-05	2.9106373345394397e-05	2.9106373345394397e-05	23.0	0.014906027219701879
chr17	chr17	1789	44725000	2.9094656350283114e-05	1542	1126	0.045225422616440344	4.016467372685643e-05	2.9094656350283114e-05	2.9094656350283114e-05	29.0	0.01880674448767834
chr17	chr17	1790	44750000	2.9082950615622586e-05	1541	1125	0.03092675754049839	2.7490451147109677e-05	2.9082950615622586e-05	2.9082950615622586e-05	24.0	0.015574302401038288
chr17	chr17	1791	44775000	2.9071256124309478e-05	1540	1124	0.03189803608907055	2.837903566643287e-05	2.9071256124309478e-05	2.9071256124309478e-05	21.0	0.013636363636363636
chr17	chr17	1792	44800000	2.9059572859275835e-05	1539	1123	0.029983108417789017	2.6699117023854867e-05	2.9059572859275835e-05	2.9059572859275835e-05	21.0	0.01364522417153996
chr17	chr17	1793	44825000	2.904790080348923e-05	1538	1122	0.04115210451230627	3.66774550020555e-05	2.904790080348923e-05	2.904790080348923e-05	30.0	0.01950585175552666
chr17	chr17	1794	44850000	2.9035928215083726e-05	1537	1121	0.028882556466958528	2.576499238800939e-05	2.9035928215083726e-05	2.9035928215083726e-05	22.0	0.014313597918022121
chr17	chr17	1795	44875000	2.9023967229085778e-05	1536	1119	0.04212349654107935	3.7643875371831416e-05	2.9023967229085778e-05	2.9023967229085778e-05	30.0	0.01953125
chr17	chr17	1796	44900000	2.9012017827797347e-05	1535	1119	0.025581070443154705	2.286065276421332e-05	2.9012017827797347e-05	2.9012017827797347e-05	16.0	0.010423452768729642
chr17	chr17	1797	44925000	2.9000079993557243e-05	1534	1119	0.03750944790510083	3.35205075112608e-05	2.9000079993557243e-05	2.9000079993557243e-05	27.0	0.017601043024771838
chr17	chr17	1798	44950000	2.8988153708741045e-05	1533	1119	0.020740574788973305	1.8534919382460505e-05	2.8988153708741045e-05	2.8988153708741045e-05	14.0	0.0091324200913242
chr17	chr17	1799	44975000	2.8976238955760905e-05	1532	1120	0.020923551957975496	1.8681742819620978e-05	2.8976238955760905e-05	2.8976238955760905e-05	15.0	0.0097911227154047
chr17	chr17	1800	45000000	2.8964335717065532e-05	1531	1121	0.027936332406791057	2.4920903128270345e-05	2.8964335717065532e-05	2.8964335717065532e-05	22.0	0.014369693011103853
chr17	chr17	1801	45025000	2.895244397514016e-05	1530	1121	0.03777744532535734	3.369977281477015e-05	2.895244397514016e-05	2.895244397514016e-05	26.0	0.01699346405228758
chr17	chr17	1802	45050000	2.8940563712506213e-05	1529	1122	0.021771794881636913	1.9404451766164807e-05	2.8940563712506213e-05	2.8940563712506213e-05	15.0	0.009810333551340745
chr17	chr17	1803	45075000	2.892869491172152e-05	1528	1122	0.03322256172683334	2.961012631625075e-05	2.892869491172152e-05	2.892869491172152e-05	26.0	0.017015706806282723
chr17	chr17	1804	45100000	2.891683755538002e-05	1527	1121	0.029001309914177667	2.5870927666527804e-05	2.891683755538002e-05	2.891683755538002e-05	23.0	0.015062213490504257
chr17	chr17	1805	45125000	2.8904991626111607e-05	1526	1121	0.029727401664159374	2.651864555232772e-05	2.8904991626111607e-05	2.8904991626111607e-05	21.0	0.013761467889908258
chr17	chr17	1806	45150000	2.8893157106582334e-05	1525	1121	0.04220851546121726	3.765255616522503e-05	2.8893157106582334e-05	2.8893157106582334e-05	30.0	0.019672131147540985
chr17	chr17	1807	45175000	2.888133397949398e-05	1524	1120	0.029900560670695915	2.669692917026421e-05	2.888133397949398e-05	2.888133397949398e-05	23.0	0.015091863517060367
chr17	chr17	1808	45200000	2.8869522227584145e-05	1523	1120	0.02443602167721657	2.1817876497514794e-05	2.8869522227584145e-05	2.8869522227584145e-05	19.0	0.01247537754432042
chr17	chr17	1809	45225000	2.8857721833626158e-05	1522	1120	0.029392536408701302	2.6243336079197593e-05	2.8857721833626158e-05	2.8857721833626158e-05	20.0	0.013140604467805518
chr17	chr17	1810	45250000	2.8845932780428855e-05	1521	1120	0.023594290084496494	2.1066330432586154e-05	2.8845932780428855e-05	2.8845932780428855e-05	17.0	0.011176857330703484
chr17	chr17	1811	45275000	2.8834155050836677e-05	1520	1120	0.03527010874270408	3.14911685202715e-05	2.8834155050836677e-05	2.8834155050836677e-05	26.0	0.017105263157894738
chr17	chr17	1812	45300000	2.8822388627729355e-05	1519	1120	0.02581176289853328	2.304621687369043e-05	2.8822388627729355e-05	2.8822388627729355e-05	21.0	0.013824884792626729
chr17	chr17	1813	45325000	2.8810633494022048e-05	1518	1122	0.04349681836770401	3.876721779652764e-05	2.8810633494022048e-05	2.8810633494022048e-05	30.0	0.019762845849802372
chr17	chr17	1814	45350000	2.879888963266502e-05	1517	1124	0.036471529791880744	3.244798024188678e-05	2.879888963266502e-05	2.879888963266502e-05	26.0	0.017139090309822018
chr17	chr17	1815	45375000	2.8787157026643777e-05	1516	1125	0.026580466332647393	2.362708118457546e-05	2.8787157026643777e-05	2.8787157026643777e-05	21.0	0.013852242744063324
chr17	chr17	1816	45400000	2.8775435658978783e-05	1515	1127	0.0371068707457977	3.2925351149776134e-05	2.8775435658978783e-05	2.8775435658978783e-05	26.0	0.017161716171617162
chr17	chr17	1817	45425000	2.876372551272549e-05	1514	1127	0.03318214538585289	2.944289741424391e-05	2.876372551272549e-05	2.876372551272549e-05	23.0	0.015191545574636724
chr17	chr17	1818	45450000	2.8752026570974183e-05	1513	1126	0.023947400626853476	2.126767373610433e-05	2.8752026570974183e-05	2.8752026570974183e-05	18.0	0.011896893588896233
chr17	chr17	1819	45475000	2.8740338816849915e-05	1512	1126	0.02614298688363263	2.3217572720810506e-05	2.8740338816849915e-05	2.8740338816849915e-05	19.0	0.012566137566137565
chr17	chr17	1820	45500000	2.8728662233512433e-05	1511	1125	0.03307010789646912	2.9395651463528108e-05	2.8728662233512433e-05	2.8728662233512433e-05	23.0	0.015221707478491065
chr17	chr17	1821	45525000	2.8716996804156003e-05	1510	1123	0.03977995639742188	3.5422935349440676e-05	2.8716996804156003e-05	2.8716996804156003e-05	29.0	0.019205298013245033
chr17	chr17	1822	45550000	2.8705342512009525e-05	1509	1122	0.027890446549969656	2.485779549908169e-05	2.8705342512009525e-05	2.8705342512009525e-05	20.0	0.013253810470510271
chr17	chr17	1823	45575000	2.869369934033612e-05	1508	1121	0.03445928984211984	3.0739776843996295e-05	2.869369934033612e-05	2.869369934033612e-05	25.0	0.016578249336870028
chr17	chr17	1824	45600000	2.8682067272433366e-05	1507	1122	0.020710573768853453	1.8458621897373844e-05	2.8682067272433366e-05	2.8682067272433366e-05	16.0	0.010617120106171201
chr17	chr17	1825	45625000	2.867044629163298e-05	1506	1122	0.03702900979755592	3.300268252901597e-05	2.867044629163298e-05	2.867044629163298e-05	25.0	0.016600265604249667
chr17	chr17	1826	45650000	2.8658836381300883e-05	1505	1123	0.03893107266693549	3.46670281985178e-05	2.8658836381300883e-05	2.8658836381300883e-05	26.0	0.01727574750830565
chr17	chr17	1827	45675000	2.8647237524836983e-05	1504	1124	0.029459787812552016	2.6209775633943076e-05	2.8647237524836983e-05	2.8647237524836983e-05	24.0	0.015957446808510637
chr17	chr17	1828	45700000	2.8635649705675198e-05	1503	1124	0.0415440161777246	3.696086848552011e-05	2.8635649705675198e-05	2.8635649705675198e-05	29.0	0.01929474384564205
chr17	chr17	1829	45725000	2.8624072907283267e-05	1502	1123	0.013960290163038914	1.2431246805911767e-05	2.8624072907283267e-05	2.8624072907283267e-05	13.0	0.008655126498002663
chr17	chr17	1830	45750000	2.8612507113162775e-05	1501	1124	0.033705900949178025	2.998745636047867e-05	2.8612507113162775e-05	2.8612507113162775e-05	24.0	0.015989340439706862
chr17	chr17	1831	45775000	2.860095230684896e-05	1500	1120	0.03498876692963422	3.12399704728877e-05	2.860095230684896e-05	2.860095230684896e-05	27.0	0.018
chr17	chr17	1832	45800000	2.8589408471910664e-05	1499	1118	0.03545219883915457	3.1710374632517506e-05	2.8589408471910664e-05	2.8589408471910664e-05	28.0	0.018679119412941963
chr17	chr17	1833	45825000	2.857787559195028e-05	1498	1116	0.025328792952075012	2.2696051032325278e-05	2.857787559195028e-05	2.857787559195028e-05	16.0	0.010680907877169559
chr17	chr17	1834	45850000	2.8566353650603608e-05	1497	1112	0.03065958153577521	2.7571566129294256e-05	2.8566353650603608e-05	2.8566353650603608e-05	23.0	0.015364061456245824
chr17	chr17	1835	45875000	2.855484263153984e-05	1496	1108	0.03977848466374651	3.590115944381454e-05	2.855484263153984e-05	2.855484263153984e-05	28.0	0.01871657754010695
chr17	chr17	1836	45900000	2.8543153372356476e-05	1495	1106	0.042135720951573113	3.809739688207334e-05	2.8543153372356476e-05	2.8543153372356476e-05	28.0	0.018729096989966554
chr17	chr17	1837	45925000	2.8531475259366785e-05	1494	1106	0.03706830448880281	3.3515646011575776e-05	2.8531475259366785e-05	2.8531475259366785e-05	27.0	0.018072289156626505
chr17	chr17	1838	45950000	2.8519808275883435e-05	1493	1104	0.033059976181744444	2.9945630599406198e-05	2.8519808275883435e-05	2.8519808275883435e-05	21.0	0.01406563965170797
chr17	chr17	1839	45975000	2.8508152405253225e-05	1492	1104	0.027090397530584096	2.453840356031168e-05	2.8508152405253225e-05	2.8508152405253225e-05	17.0	0.011394101876675604
chr17	chr17	1840	46000000	2.8496507630856847e-05	1491	1105	0.03805783232765535	3.44414772195976e-05	2.8496507630856847e-05	2.8496507630856847e-05	25.0	0.01676727028839705
chr17	chr17	1841	46025000	2.848487393610885e-05	1490	1105	0.034515312672800905	3.123557707945783e-05	2.848487393610885e-05	2.848487393610885e-05	25.0	0.016778523489932886
chr17	chr17	1842	46050000	2.847325130445767e-05	1489	1104	0.028181733960497234	2.5526932935233003e-05	2.847325130445767e-05	2.847325130445767e-05	20.0	0.013431833445265278
chr17	chr17	1843	46075000	2.8461639719385298e-05	1488	1104	0.020095825729562252	1.820274069706726e-05	2.8461639719385298e-05	2.8461639719385298e-05	14.0	0.009408602150537635
chr17	chr17	1844	46100000	2.8450039164407388e-05	1487	1105	0.033068464122953424	2.992621187597595e-05	2.8450039164407388e-05	2.8450039164407388e-05	21.0	0.014122394082044385
chr17	chr17	1845	46125000	2.8438449623073183e-05	1486	1104	0.01853610446306372	1.6789949694804095e-05	2.8438449623073183e-05	2.8438449623073183e-05	14.0	0.009421265141318977
chr17	chr17	1846	46150000	2.842687107896524e-05	1485	1104	0.03937988333589561	3.567018418106486e-05	2.842687107896524e-05	2.842687107896524e-05	27.0	0.01818181818181818
chr17	chr17	1847	46175000	2.8415303515699517e-05	1484	1104	0.03304764079790092	2.9934457244475472e-05	2.8415303515699517e-05	2.8415303515699517e-05	23.0	0.01549865229110512
chr17	chr17	1848	46200000	2.84037469169253e-05	1483	1104	0.02415885370037623	2.188301965613789e-05	2.84037469169253e-05	2.84037469169253e-05	19.0	0.012811867835468645
chr17	chr17	1849	46225000	2.8392201266324955e-05	1482	1103	0.028130948605588884	2.5504033187297266e-05	2.8392201266324955e-05	2.8392201266324955e-05	23.0	0.0155195681511471
chr17	chr17	1850	46250000	2.8380666547613967e-05	1481	1102	0.039752911458593325	3.607342237621899e-05	2.8380666547613967e-05	2.8380666547613967e-05	28.0	0.018906144496961513
chr17	chr17	1851	46275000	2.8369142744540894e-05	1480	1102	0.02238193209015932	2.0310283203411362e-05	2.8369142744540894e-05	2.8369142744540894e-05	15.0	0.010135135135135136
chr17	chr17	1852	46300000	2.8357629840887063e-05	1479	1102	0.03093919806684794	2.8075497338337517e-05	2.8357629840887063e-05	2.8357629840887063e-05	23.0	0.01555104800540906
chr17	chr17	1853	46325000	2.834612782046685e-05	1478	1102	0.03903352943098482	3.542062561795356e-05	2.834612782046685e-05	2.834612782046685e-05	28.0	0.018944519621109608
chr17	chr17	1854	46350000	2.83346366671272e-05	1477	1103	0.029048288000795144	2.633570988286051e-05	2.83346366671272e-05	2.83346366671272e-05	18.0	0.012186865267433988
chr17	chr17	1855	46375000	2.832315636474782e-05	1476	1104	0.029649578614330617	2.6856502368053097e-05	2.832315636474782e-05	2.832315636474782e-05	24.0	0.016260162601626018
chr17	chr17	1856	46400000	2.8311686897240978e-05	1475	1105	0.02966949157112445	2.6850218616402215e-05	2.8311686897240978e-05	2.8311686897240978e-05	23.0	0.015593220338983051
chr17	chr17	1857	46425000	2.8300228248551465e-05	1474	1104	0.025748613382048875	2.3323019367797893e-05	2.8300228248551465e-05	2.8300228248551465e-05	20.0	0.013568521031207599
chr17	chr17	1858	46450000	2.8288780402656503e-05	1473	1103	0.02010703209767041	1.8229403533699373e-05	2.8288780402656503e-05	2.8288780402656503e-05	16.0	0.010862186014935505
chr17	chr17	1859	46475000	2.8277343343565524e-05	1472	1102	0.015185686280270835	1.378011459189731e-05	2.8277343343565524e-05	2.8277343343565524e-05	10.0	0.006793478260869565
chr17	chr17	1860	46500000	2.826591705532043e-05	1471	1101	0.02991447421456041	2.7170276307502644e-05	2.826591705532043e-05	2.826591705532043e-05	21.0	0.014276002719238613
chr17	chr17	1861	46525000	2.8254501521995114e-05	1470	1101	0.027859739590977796	2.5304032326047045e-05	2.8254501521995114e-05	2.8254501521995114e-05	19.0	0.01292517006802721
chr17	chr17	1862	46550000	2.8243096727695654e-05	1469	1102	0.030780115573164193	2.7931139358588197e-05	2.8243096727695654e-05	2.8243096727695654e-05	21.0	0.014295439074200136
chr17	chr17	1863	46575000	2.823170265656008e-05	1468	1100	0.02168705269420656	1.971550244927869e-05	2.823170265656008e-05	2.823170265656008e-05	16.0	0.010899182561307902
chr17	chr17	1864	46600000	2.822031929275841e-05	1467	1099	0.02730977772459746	2.4849661259870298e-05	2.822031929275841e-05	2.822031929275841e-05	18.0	0.012269938650306749
chr17	chr17	1865	46625000	2.8208946620492437e-05	1466	1098	0.02601975658885792	2.3697410372366046e-05	2.8208946620492437e-05	2.8208946620492437e-05	17.0	0.011596180081855388
chr17	chr17	1866	46650000	2.8197584623995737e-05	1465	1099	0.03158393721974465	2.8738796378293587e-05	2.8197584623995737e-05	2.8197584623995737e-05	22.0	0.015017064846416382
chr17	chr17	1867	46675000	2.8186233287533647e-05	1464	1098	0.019859237695514002	1.808673742760838e-05	2.8186233287533647e-05	2.8186233287533647e-05	16.0	0.01092896174863388
chr17	chr17	1868	46700000	2.8174892595403015e-05	1463	1097	0.036221838829588536	3.301899619834871e-05	2.8174892595403015e-05	2.8174892595403015e-05	25.0	0.017088174982911826
chr17	chr17	1869	46725000	2.8163562531932214e-05	1462	1095	0.03279484133185739	2.9949626787084373e-05	2.8163562531932214e-05	2.8163562531932214e-05	22.0	0.015047879616963064
chr17	chr17	1870	46750000	2.8152243081481126e-05	1461	1093	0.030445251299020985	2.785475873652423e-05	2.8152243081481126e-05	2.8152243081481126e-05	23.0	0.01574264202600958
chr17	chr17	1871	46775000	2.8140934228440957e-05	1460	1091	0.023154329860343794	2.122303378583299e-05	2.8140934228440957e-05	2.8140934228440957e-05	15.0	0.010273972602739725
chr17	chr17	1872	46800000	2.8129635957234144e-05	1459	1091	0.02250993759334207	2.0632390094722338e-05	2.8129635957234144e-05	2.8129635957234144e-05	16.0	0.010966415352981495
chr17	chr17	1873	46825000	2.811834825231441e-05	1458	1091	0.019985697580851197	1.8318696224428227e-05	2.811834825231441e-05	2.811834825231441e-05	13.0	0.008916323731138546
chr17	chr17	1874	46850000	2.810707109816655e-05	1457	1091	0.02645110244716638	2.4244823507943522e-05	2.810707109816655e-05	2.810707109816655e-05	19.0	0.013040494166094716
chr17	chr17	1875	46875000	2.8095804479306438e-05	1456	1092	0.03312411462890864	3.033343830486139e-05	2.8095804479306438e-05	2.8095804479306438e-05	24.0	0.016483516483516484
chr17	chr17	1876	46900000	2.8084548380280903e-05	1455	1094	0.022367169427914887	2.0445310263176314e-05	2.8084548380280903e-05	2.8084548380280903e-05	17.0	0.01168384879725086
chr17	chr17	1877	46925000	2.807330278566767e-05	1454	1094	0.019783212259930134	1.8083375009076905e-05	2.807330278566767e-05	2.807330278566767e-05	16.0	0.011004126547455296
chr17	chr17	1878	46950000	2.8062067680075198e-05	1453	1093	0.021702041105597304	1.9855481340894147e-05	2.8062067680075198e-05	2.8062067680075198e-05	13.0	0.008947006194081212
chr17	chr17	1879	46975000	2.8050773240925388e-05	1452	1093	0.02893842692076604	2.647614539868805e-05	2.8050773240925388e-05	2.8050773240925388e-05	22.0	0.015151515151515152
chr17	chr17	1880	47000000	2.803948935322064e-05	1451	1092	0.020715039373681784	1.896981627626537e-05	2.803948935322064e-05	2.803948935322064e-05	18.0	0.012405237767057202
chr17	chr17	1881	47025000	2.8028216001499103e-05	1450	1091	0.022507725783305448	2.06303627711324e-05	2.8028216001499103e-05	2.8028216001499103e-05	16.0	0.011034482758620689
chr17	chr17	1882	47050000	2.801695317032964e-05	1449	1091	0.023449827196831065	2.1493883773447354e-05	2.801695317032964e-05	2.801695317032964e-05	16.0	0.011042097998619738
chr17	chr17	1883	47075000	2.800570084431197e-05	1448	1090	0.024228060830676225	2.2227578743739655e-05	2.800570084431197e-05	2.800570084431197e-05	16.0	0.011049723756906077
chr17	chr17	1884	47100000	2.7994459008076522e-05	1447	1089	0.05074634275101049	4.659902915611615e-05	2.7994459008076522e-05	2.7994459008076522e-05	33.0	0.022805805114029024
chr17	chr17	1885	47125000	2.7983227646284347e-05	1446	1087	0.020681693149853037	1.9026396641999116e-05	2.7983227646284347e-05	2.7983227646284347e-05	16.0	0.011065006915629323
chr17	chr17	1886	47150000	2.7972006743627015e-05	1445	1085	0.03349641770136246	3.087227437913591e-05	2.7972006743627015e-05	2.7972006743627015e-05	21.0	0.01453287197231834
chr17	chr17	1887	47175000	2.79607962848266e-05	1444	1084	0.026279811800265458	2.4243368819433078e-05	2.79607962848266e-05	2.79607962848266e-05	22.0	0.015235457063711912
chr17	chr17	1888	47200000	2.7949596254635597e-05	1443	1083	0.017857883823984733	1.6489274075701507e-05	2.7949596254635597e-05	2.7949596254635597e-05	13.0	0.009009009009009009
chr17	chr17	1889	47225000	2.7938406637836765e-05	1442	1081	0.02640525720625608	2.4426694917905717e-05	2.7938406637836765e-05	2.7938406637836765e-05	18.0	0.012482662968099861
chr17	chr17	1890	47250000	2.7927227419243107e-05	1441	1080	0.02688271352240393	2.489140140963327e-05	2.7927227419243107e-05	2.7927227419243107e-05	19.0	0.0131852879944483
chr17	chr17	1891	47275000	2.791605858369788e-05	1440	1079	0.022558632724486535	2.0906981208977326e-05	2.791605858369788e-05	2.791605858369788e-05	17.0	0.011805555555555555
chr17	chr17	1892	47300000	2.7904900116074337e-05	1439	1078	0.023834408475320486	2.210984088619711e-05	2.7904900116074337e-05	2.7904900116074337e-05	20.0	0.01389854065323141
chr17	chr17	1893	47325000	2.7893752001275827e-05	1438	1078	0.026671302523092754	2.4741468017711275e-05	2.7893752001275827e-05	2.7893752001275827e-05	18.0	0.012517385257301807
chr17	chr17	1894	47350000	2.7882614224235572e-05	1437	1078	0.03389492793620302	3.1442419235809854e-05	2.7882614224235572e-05	2.7882614224235572e-05	23.0	0.016005567153792623
chr17	chr17	1895	47375000	2.7871486769916717e-05	1436	1078	0.029910288497458908	2.7746093225843144e-05	2.7871486769916717e-05	2.7871486769916717e-05	21.0	0.014623955431754874
chr17	chr17	1896	47400000	2.7860369623312176e-05	1435	1078	0.0222753634902308	2.0663602495575883e-05	2.7860369623312176e-05	2.7860369623312176e-05	15.0	0.010452961672473868
chr17	chr17	1897	47425000	2.7849262769444523e-05	1434	1078	0.02304764846033794	2.1380007848179906e-05	2.7849262769444523e-05	2.7849262769444523e-05	15.0	0.010460251046025104
chr17	chr17	1898	47450000	2.783816619336607e-05	1433	1078	0.03076869962820806	2.8542392976074267e-05	2.783816619336607e-05	2.783816619336607e-05	20.0	0.013956734124214934
chr17	chr17	1899	47475000	2.7827079880158694e-05	1432	1077	0.022200508527951888	2.0613285541273806e-05	2.7827079880158694e-05	2.7827079880158694e-05	16.0	0.0111731843575419
chr17	chr17	1900	47500000	2.781600381493366e-05	1431	1076	0.013660179310289802	1.2695333931496098e-05	2.781600381493366e-05	2.781600381493366e-05	11.0	0.007686932215234102
chr17	chr17	1901	47525000	2.7804937982831783e-05	1430	1075	0.02806768814151641	2.6109477340945498e-05	2.7804937982831783e-05	2.7804937982831783e-05	18.0	0.012587412587412588
chr17	chr17	1902	47550000	2.7793882369023103e-05	1429	1074	0.026221566190489914	2.441486609915262e-05	2.7793882369023103e-05	2.7793882369023103e-05	20.0	0.013995801259622114
chr17	chr17	1903	47575000	2.7782836958707082e-05	1428	1073	0.024613955702992657	2.2939380897476847e-05	2.7782836958707082e-05	2.7782836958707082e-05	17.0	0.011904761904761904
chr17	chr17	1904	47600000	2.777180173711218e-05	1427	1072	0.018339404622301277	1.710765356557955e-05	2.777180173711218e-05	2.777180173711218e-05	16.0	0.011212333566923615
chr17	chr17	1905	47625000	2.7760776689496204e-05	1426	1071	0.02361098981029922	2.2045742119793857e-05	2.7760776689496204e-05	2.7760776689496204e-05	18.0	0.012622720897615708
chr17	chr17	1906	47650000	2.774976180114587e-05	1425	1070	0.01240382144458717	1.1592356490268383e-05	2.774976180114587e-05	2.774976180114587e-05	11.0	0.0077192982456140355
chr17	chr17	1907	47675000	2.773875705737693e-05	1424	1069	0.03816792646941662	3.5704327847910775e-05	2.773875705737693e-05	2.773875705737693e-05	26.0	0.018258426966292134
chr17	chr17	1908	47700000	2.772776244353401e-05	1423	1068	0.01865807008776563	1.7470103078432238e-05	2.772776244353401e-05	2.772776244353401e-05	14.0	0.009838369641602248
chr17	chr17	1909	47725000	2.7716777944990606e-05	1422	1067	0.030775702940022433	2.8843208003769853e-05	2.7716777944990606e-05	2.7716777944990606e-05	23.0	0.01617440225035162
chr17	chr17	1910	47750000	2.7705803547149023e-05	1421	1066	0.0235098461744565	2.2054264703992963e-05	2.7705803547149023e-05	2.7705803547149023e-05	14.0	0.009852216748768473
chr17	chr17	1911	47775000	2.7694839235440168e-05	1420	1065	0.04619211540312209	4.337287831279069e-05	2.7694839235440168e-05	2.7694839235440168e-05	33.0	0.02323943661971831
chr17	chr17	1912	47800000	2.768388499532363e-05	1419	1064	0.011391445438615932	1.0706245712984898e-05	2.768388499532363e-05	2.768388499532363e-05	8.0	0.005637773079633545
chr17	chr17	1913	47825000	2.7672940812287517e-05	1418	1063	0.031791125672929306	2.9906985581306968e-05	2.7672940812287517e-05	2.7672940812287517e-05	24.0	0.01692524682651622
chr17	chr17	1914	47850000	2.766200667184844e-05	1417	1062	0.030666509228246132	2.8876185713979408e-05	2.766200667184844e-05	2.766200667184844e-05	21.0	0.014820042342978124
chr17	chr17	1915	47875000	2.765108255955144e-05	1416	1061	0.03223897577443474	3.0385462558373933e-05	2.765108255955144e-05	2.765108255955144e-05	22.0	0.015536723163841809
chr17	chr17	1916	47900000	2.7640168460969854e-05	1415	1060	0.024813945009514313	2.3409382084447464e-05	2.7640168460969854e-05	2.7640168460969854e-05	16.0	0.011307420494699646
chr17	chr17	1917	47925000	2.7629264361705333e-05	1414	1060	0.02885118731220093	2.7218101237925404e-05	2.7629264361705333e-05	2.7629264361705333e-05	18.0	0.01272984441301273
chr17	chr17	1918	47950000	2.7618370247387676e-05	1413	1060	0.02654608367442014	2.50434751645473e-05	2.7618370247387676e-05	2.7618370247387676e-05	20.0	0.014154281670205236
chr17	chr17	1919	47975000	2.7607486103674852e-05	1412	1060	0.01618639128487764	1.5270180457431737e-05	2.7607486103674852e-05	2.7607486103674852e-05	10.0	0.007082152974504249
chr17	chr17	1920	48000000	2.759661191625289e-05	1411	1061	0.015652437532700927	1.4752533018568263e-05	2.759661191625289e-05	2.759661191625289e-05	11.0	0.007795889440113395
chr17	chr17	1921	48025000	2.7585747670835804e-05	1410	1061	0.02130916265832728	2.008403643574673e-05	2.7585747670835804e-05	2.7585747670835804e-05	15.0	0.010638297872340425
chr17	chr17	1922	48050000	2.7574893353165478e-05	1409	1062	0.013243310825224022	1.2470160852376668e-05	2.7574893353165478e-05	2.7574893353165478e-05	8.0	0.0056777856635912
chr17	chr17	1923	48075000	2.7564092072233344e-05	1408	1062	0.019959454275450726	1.8794213065396164e-05	2.7564092072233344e-05	2.7564092072233344e-05	15.0	0.01065340909090909
chr17	chr17	1924	48100000	2.7553300634371817e-05	1407	1061	0.023886316574343	2.251302221898492e-05	2.7553300634371817e-05	2.7553300634371817e-05	19.0	0.013503909026297086
chr17	chr17	1925	48125000	2.7542519025502073e-05	1406	1058	0.02453408864255769	2.318911969996001e-05	2.7542519025502073e-05	2.7542519025502073e-05	19.0	0.013513513513513514
chr17	chr17	1926	48150000	2.7531747231572707e-05	1405	1056	0.01860737794122592	1.7620623050403334e-05	2.7531747231572707e-05	2.7531747231572707e-05	12.0	0.008540925266903915
chr17	chr17	1927	48175000	2.7520985238559757e-05	1404	1054	0.023488634189050003	2.228523167841556e-05	2.7520985238559757e-05	2.7520985238559757e-05	19.0	0.013532763532763533
chr17	chr17	1928	48200000	2.751023303246651e-05	1403	1052	0.01926991360832592	1.8317408372933384e-05	2.751023303246651e-05	2.751023303246651e-05	14.0	0.009978617248752673
chr17	chr17	1929	48225000	2.749949059932346e-05	1402	1049	0.01523523913216601	1.4523583538766454e-05	2.749949059932346e-05	2.749949059932346e-05	12.0	0.008559201141226819
chr17	chr17	1930	48250000	2.7488757925188297e-05	1401	1049	0.0193947840048826	1.8488831272528693e-05	2.7488757925188297e-05	2.7488757925188297e-05	13.0	0.009279086366880799
chr17	chr17	1931	48275000	2.7478034996145833e-05	1400	1047	0.016432630786979353	1.5694967322807405e-05	2.7478034996145833e-05	2.7478034996145833e-05	11.0	0.007857142857142858
chr17	chr17	1932	48300000	2.7467321798307924e-05	1399	1046	0.015574417429541224	1.4889500410651265e-05	2.7467321798307924e-05	2.7467321798307924e-05	12.0	0.008577555396711936
chr17	chr17	1933	48325000	2.7456618317813325e-05	1398	1045	0.01544690136459284	1.4781723793868745e-05	2.7456618317813325e-05	2.7456618317813325e-05	13.0	0.009298998569384835
chr17	chr17	1934	48350000	2.7445924540827755e-05	1397	1044	0.021919615653325564	2.099580043421989e-05	2.7445924540827755e-05	2.7445924540827755e-05	16.0	0.01145311381531854
chr17	chr17	1935	48375000	2.743524045354373e-05	1396	1041	0.00762058958900714	7.320451094147108e-06	2.743524045354373e-05	2.743524045354373e-05	7.0	0.00501432664756447
chr17	chr17	1936	48400000	2.742456604218059e-05	1395	1040	0.019624458269207966	1.886967141269997e-05	2.742456604218059e-05	2.742456604218059e-05	15.0	0.010752688172043012
chr17	chr17	1937	48425000	2.741390129298432e-05	1394	1039	0.015438466662362428	1.4858966951263165e-05	2.741390129298432e-05	2.741390129298432e-05	10.0	0.007173601147776184
chr17	chr17	1938	48450000	2.7403246192227525e-05	1393	1038	0.022705314531374254	2.1874098777817202e-05	2.7403246192227525e-05	2.7403246192227525e-05	16.0	0.01148600143575018
chr17	chr17	1939	48475000	2.7392600726209487e-05	1392	1037	0.025879951733608582	2.4956559048802876e-05	2.7392600726209487e-05	2.7392600726209487e-05	21.0	0.015086206896551725
chr17	chr17	1940	48500000	2.7381964881255912e-05	1391	1036	0.019031905552436536	1.837056520505457e-05	2.7381964881255912e-05	2.7381964881255912e-05	13.0	0.009345794392523364
chr17	chr17	1941	48525000	2.737133864371894e-05	1390	1035	0.02392308818632132	2.3114094866010937e-05	2.737133864371894e-05	2.737133864371894e-05	18.0	0.012949640287769784
chr17	chr17	1942	48550000	2.736072199997714e-05	1389	1034	0.024139801258176604	2.334603603305281e-05	2.736072199997714e-05	2.736072199997714e-05	14.0	0.010079193664506839
chr17	chr17	1943	48575000	2.735011493643536e-05	1388	1033	0.009385263893147384	9.08544423344374e-06	2.735011493643536e-05	2.735011493643536e-05	8.0	0.005763688760806916
chr17	chr17	1944	48600000	2.733951743952474e-05	1387	1032	0.012848189978586529	1.244979649087842e-05	2.733951743952474e-05	2.733951743952474e-05	12.0	0.008651766402307137
chr17	chr17	1945	48625000	2.7328929495702578e-05	1386	1031	0.026658167356367026	2.585661237280992e-05	2.7328929495702578e-05	2.7328929495702578e-05	19.0	0.013708513708513708
chr17	chr17	1946	48650000	2.731835109145222e-05	1385	1030	0.029747394094711818	2.8880965140496912e-05	2.731835109145222e-05	2.731835109145222e-05	22.0	0.01588447653429603
chr17	chr17	1947	48675000	2.730778221328319e-05	1384	1029	0.02070523466719919	2.0121705215937017e-05	2.730778221328319e-05	2.730778221328319e-05	16.0	0.011560693641618497
chr17	chr17	1948	48700000	2.729722284773094e-05	1383	1028	0.022735844457437728	2.21165802115153e-05	2.729722284773094e-05	2.729722284773094e-05	15.0	0.010845986984815618
chr17	chr17	1949	48725000	2.7286672981356914e-05	1382	1027	0.02583190078456516	2.515277583696705e-05	2.7286672981356914e-05	2.7286672981356914e-05	18.0	0.013024602026049204
chr17	chr17	1950	48750000	2.7276132600748305e-05	1381	1026	0.0226337361623313	2.2060171698178653e-05	2.7276132600748305e-05	2.7276132600748305e-05	15.0	0.010861694424330196
chr17	chr17	1951	48775000	2.7265601692518242e-05	1380	1025	0.01953234772412635	1.905594899914766e-05	2.7265601692518242e-05	2.7265601692518242e-05	14.0	0.010144927536231883
chr17	chr17	1952	48800000	2.7255080243305475e-05	1379	1024	0.02432757214902145	2.375739467677876e-05	2.7255080243305475e-05	2.7255080243305475e-05	16.0	0.011602610587382161
chr17	chr17	1953	48825000	2.7244568239774566e-05	1378	1023	0.0268871263162214	2.628262592006002e-05	2.7244568239774566e-05	2.7244568239774566e-05	17.0	0.012336719883889695
chr17	chr17	1954	48850000	2.7234065668615535e-05	1377	1022	0.03482652257287479	3.4076832263086874e-05	2.7234065668615535e-05	2.7234065668615535e-05	22.0	0.01597676107480029
chr17	chr17	1955	48875000	2.7223572516544098e-05	1376	1021	0.01545596385984171	1.513806450523184e-05	2.7223572516544098e-05	2.7223572516544098e-05	11.0	0.007994186046511628
chr17	chr17	1956	48900000	2.7213088770301404e-05	1375	1021	0.02583970546248165	2.5308232578336583e-05	2.7213088770301404e-05	2.7213088770301404e-05	18.0	0.01309090909090909
chr17	chr17	1957	48925000	2.7202614416654027e-05	1374	1021	0.02360373256942523	2.311824933342334e-05	2.7202614416654027e-05	2.7202614416654027e-05	15.0	0.010917030567685589
chr17	chr17	1958	48950000	2.7192149442393895e-05	1373	1021	0.02050118096810639	2.007951123222957e-05	2.7192149442393895e-05	2.7192149442393895e-05	13.0	0.009468317552804079
chr17	chr17	1959	48975000	2.7181693834338277e-05	1372	1021	0.019430877547054675	1.9031221887418878e-05	2.7181693834338277e-05	2.7181693834338277e-05	16.0	0.011661807580174927
chr17	chr17	1960	49000000	2.7171247579329685e-05	1371	1021	0.022590837646427647	2.2126187704630408e-05	2.7171247579329685e-05	2.7171247579329685e-05	17.0	0.012399708242159009
chr17	chr17	1961	49025000	2.7160810664235787e-05	1370	1021	0.01952999630254654	1.912830196135802e-05	2.7160810664235787e-05	2.7160810664235787e-05	16.0	0.01167883211678832
chr17	chr17	1962	49050000	2.7150383075949396e-05	1369	1021	0.013633196640303285	1.3352788090404784e-05	2.7150383075949396e-05	2.7150383075949396e-05	9.0	0.006574141709276844
chr17	chr17	1963	49075000	2.7139964801388357e-05	1368	1020	0.023996758319853297	2.3526233646914995e-05	2.7139964801388357e-05	2.7139964801388357e-05	18.0	0.013157894736842105
chr17	chr17	1964	49100000	2.7129555827495623e-05	1367	1019	0.030337475995663263	2.9771811575724498e-05	2.7129555827495623e-05	2.7129555827495623e-05	21.0	0.015362106803218726
chr17	chr17	1965	49125000	2.7119156141238898e-05	1366	1017	0.0222253138076813	2.1853799220925567e-05	2.7119156141238898e-05	2.7119156141238898e-05	13.0	0.00951683748169839
chr17	chr17	1966	49150000	2.7108765729610953e-05	1365	1016	0.022229225284530172	2.187915874461631e-05	2.7108765729610953e-05	2.7108765729610953e-05	17.0	0.012454212454212455
chr17	chr17	1967	49175000	2.7098384579629255e-05	1364	1015	0.020086291513902607	1.9789449767391733e-05	2.7098384579629255e-05	2.7098384579629255e-05	14.0	0.010263929618768328
chr17	chr17	1968	49200000	2.708815963942222e-05	1363	1014	0.03526634692484286	3.477943483712314e-05	2.708815963942222e-05	2.708815963942222e-05	25.0	0.018341892883345562
chr17	chr17	1969	49225000	2.707794374869774e-05	1362	1013	0.015036818032227901	1.484384800812231e-05	2.707794374869774e-05	2.707794374869774e-05	14.0	0.010279001468428781
chr17	chr17	1970	49250000	2.7067736894856817e-05	1361	1012	0.011833476873645877	1.1693158966053238e-05	2.7067736894856817e-05	2.7067736894856817e-05	11.0	0.008082292432035268
chr17	chr17	1971	49275000	2.7057539065324326e-05	1360	1010	0.016147935502028223	1.598805495250319e-05	2.7057539065324326e-05	2.7057539065324326e-05	12.0	0.008823529411764706
chr17	chr17	1972	49300000	2.704735024754902e-05	1359	1009	0.013182923722677937	1.3065335701365646e-05	2.704735024754902e-05	2.704735024754902e-05	9.0	0.006622516556291391
chr17	chr17	1973	49325000	2.703717042900343e-05	1358	1007	0.017351839908745125	1.723122135923051e-05	2.703717042900343e-05	2.703717042900343e-05	14.0	0.010309278350515464
chr17	chr17	1974	49350000	2.7026999597183918e-05	1357	1005	0.01865064877526737	1.855785947787798e-05	2.7026999597183918e-05	2.7026999597183918e-05	13.0	0.009579955784819455
chr17	chr17	1975	49375000	2.7016837739610514e-05	1356	1003	0.02364860090632991	2.3577867304416658e-05	2.7016837739610514e-05	2.7016837739610514e-05	19.0	0.014011799410029498
chr17	chr17	1976	49400000	2.7006684843826826e-05	1355	1001	0.018338772989162155	1.832045253662553e-05	2.7006684843826826e-05	2.7006684843826826e-05	12.0	0.008856088560885609
chr17	chr17	1977	49425000	2.6996540897400116e-05	1354	999	0.017778093647985386	1.7795889537522907e-05	2.6996540897400116e-05	2.6996540897400116e-05	14.0	0.0103397341211226
chr17	chr17	1978	49450000	2.698640588792113e-05	1353	998	0.009316613805007104	9.335284373754613e-06	2.698640588792113e-05	2.698640588792113e-05	8.0	0.005912786400591279
chr17	chr17	1979	49475000	2.6976279803004073e-05	1352	997	0.018094912827892246	1.814936091062412e-05	2.6976279803004073e-05	2.6976279803004073e-05	12.0	0.008875739644970414
chr17	chr17	1980	49500000	2.6966162630286644e-05	1351	996	0.02124132600903641	2.1326632539193182e-05	2.6966162630286644e-05	2.6966162630286644e-05	15.0	0.011102886750555145
chr17	chr17	1981	49525000	2.6956054357429762e-05	1350	995	0.010169671175832926	1.0220775051088367e-05	2.6956054357429762e-05	2.6956054357429762e-05	8.0	0.005925925925925926
chr17	chr17	1982	49550000	2.6945954972117792e-05	1349	994	0.010746393216499171	1.0811260781186288e-05	2.6945954972117792e-05	2.6945954972117792e-05	10.0	0.007412898443291327
chr17	chr17	1983	49575000	2.6935864462058284e-05	1348	993	0.016195115467172193	1.630928043018348e-05	2.6935864462058284e-05	2.6935864462058284e-05	11.0	0.008160237388724036
chr17	chr17	1984	49600000	2.692578281498191e-05	1347	992	0.027511257961789878	2.77331229453527e-05	2.692578281498191e-05	2.692578281498191e-05	20.0	0.014847809948032665
chr17	chr17	1985	49625000	2.6915710018642566e-05	1346	991	0.02498726687794853	2.5214194629615067e-05	2.6915710018642566e-05	2.6915710018642566e-05	19.0	0.01411589895988113
chr17	chr17	1986	49650000	2.6905646060817184e-05	1345	990	0.02771245107426231	2.799237482248718e-05	2.6905646060817184e-05	2.6905646060817184e-05	22.0	0.016356877323420074
chr17	chr17	1987	49675000	2.6895590929305782e-05	1344	990	0.015522597346045504	1.5679391258631823e-05	2.6895590929305782e-05	2.6895590929305782e-05	11.0	0.00818452380952381
chr17	chr17	1988	49700000	2.688554461193123e-05	1343	991	0.02445442037567034	2.467650895627683e-05	2.688554461193123e-05	2.688554461193123e-05	15.0	0.011169024571854059
chr17	chr17	1989	49725000	2.6875507096539445e-05	1342	989	0.01916232074871691	1.937545070648828e-05	2.6875507096539445e-05	2.6875507096539445e-05	14.0	0.010432190760059613
chr17	chr17	1990	49750000	2.6865478370999074e-05	1341	987	0.0169210769377813	1.714394826522928e-05	2.6865478370999074e-05	2.6865478370999074e-05	12.0	0.008948545861297539
chr17	chr17	1991	49775000	2.6855458423201698e-05	1340	985	0.015507819707987916	1.5743979398972504e-05	2.6855458423201698e-05	2.6855458423201698e-05	10.0	0.007462686567164179
chr17	chr17	1992	49800000	2.6845447241061525e-05	1339	985	0.0237882733034673	2.4150531272555633e-05	2.6845447241061525e-05	2.6845447241061525e-05	19.0	0.014189693801344288
chr17	chr17	1993	49825000	2.6835444812515563e-05	1338	985	0.014702759167916754	1.4926659053722594e-05	2.6835444812515563e-05	2.6835444812515563e-05	11.0	0.008221225710014948
chr17	chr17	1994	49850000	2.6825451125523403e-05	1337	983	0.022226852907233512	2.261124405618872e-05	2.6825451125523403e-05	2.6825451125523403e-05	16.0	0.011967090501121914
chr17	chr17	1995	49875000	2.6815466168067198e-05	1336	981	0.026824191255495424	2.7343721972982082e-05	2.6815466168067198e-05	2.6815466168067198e-05	20.0	0.014970059880239521
chr17	chr17	1996	49900000	2.680548992815176e-05	1335	980	0.018472698338720013	1.884969218236736e-05	2.680548992815176e-05	2.680548992815176e-05	14.0	0.010486891385767791
chr17	chr17	1997	49925000	2.6795522393804223e-05	1334	979	0.018081941728396382	1.8469807689883944e-05	2.6795522393804223e-05	2.6795522393804223e-05	13.0	0.009745127436281859
chr17	chr17	1998	49950000	2.6785563553074288e-05	1333	978	0.02134763382474452	2.1827846446569038e-05	2.6785563553074288e-05	2.6785563553074288e-05	17.0	0.012753188297074268
chr17	chr17	1999	49975000	2.6775613394033917e-05	1332	977	0.021901142957695918	2.2416727694673406e-05	2.6775613394033917e-05	2.6775613394033917e-05	18.0	0.013513513513513514
chr17	chr17	2000	50000000	2.676567190477747e-05	1331	977	0.018983458690545903	1.943035689922815e-05	2.676567190477747e-05	2.676567190477747e-05	15.0	0.011269722013523666
chr17	chr17	2001	50025000	2.675573907342156e-05	1330	976	0.01547818695648678	1.5858798111154486e-05	2.675573907342156e-05	2.675573907342156e-05	12.0	0.009022556390977444
chr17	chr17	2002	50050000	2.6745814888104984e-05	1329	975	0.020610625293251188	2.1139102864873014e-05	2.6745814888104984e-05	2.6745814888104984e-05	16.0	0.012039127163280662
chr17	chr17	2003	50075000	2.673589933698876e-05	1328	973	0.014667605626563912	1.5074620376735778e-05	2.673589933698876e-05	2.673589933698876e-05	11.0	0.008283132530120483
chr17	chr17	2004	50100000	2.6725992408255945e-05	1327	972	0.019037854857331286	1.9586270429353175e-05	2.6725992408255945e-05	2.6725992408255945e-05	12.0	0.00904295403165034
chr17	chr17	2005	50125000	2.6716094090111746e-05	1326	972	0.012489169546041224	1.284893986218233e-05	2.6716094090111746e-05	2.6716094090111746e-05	9.0	0.006787330316742082
chr17	chr17	2006	50150000	2.6706204370783258e-05	1325	971	0.01516536876145743	1.5618299445373254e-05	2.6706204370783258e-05	2.6706204370783258e-05	11.0	0.00830188679245283
chr17	chr17	2007	50175000	2.6696323238519667e-05	1324	969	0.020750730242352324	2.141458229344925e-05	2.6696323238519667e-05	2.6696323238519667e-05	16.0	0.012084592145015106
chr17	chr17	2008	50200000	2.668645068159194e-05	1323	968	0.018647521616894286	1.9263968612494098e-05	2.668645068159194e-05	2.668645068159194e-05	16.0	0.012093726379440665
chr17	chr17	2009	50225000	2.667658668829292e-05	1322	967	0.020070567691377175	2.075549916378198e-05	2.667658668829292e-05	2.667658668829292e-05	12.0	0.009077155824508321
chr17	chr17	2010	50250000	2.666673124693737e-05	1321	966	0.0255174671464001	2.641559746004151e-05	2.666673124693737e-05	2.666673124693737e-05	17.0	0.012869038607115822
chr17	chr17	2011	50275000	2.665688434586164e-05	1320	965	0.018393607361439822	1.9060733017036085e-05	2.665688434586164e-05	2.665688434586164e-05	14.0	0.010606060606060607
chr17	chr17	2012	50300000	2.6647045973423877e-05	1319	964	0.017544657989009206	1.8199852685694198e-05	2.6647045973423877e-05	2.6647045973423877e-05	14.0	0.01061410159211524
chr17	chr17	2013	50325000	2.663721611800383e-05	1318	963	0.014837116372368469	1.5407182110455317e-05	2.663721611800383e-05	2.663721611800383e-05	10.0	0.007587253414264037
chr17	chr17	2014	50350000	2.6627634447212487e-05	1317	962	0.020713696861175395	2.153190941910124e-05	2.6627634447212487e-05	2.6627634447212487e-05	15.0	0.011389521640091117
chr17	chr17	2015	50375000	2.6618060976829426e-05	1316	961	0.015881366527843235	1.6525875679337394e-05	2.6618060976829426e-05	2.6618060976829426e-05	12.0	0.00911854103343465
chr17	chr17	2016	50400000	2.6608495695771976e-05	1315	960	0.02648914338957772	2.7592857697476792e-05	2.6608495695771976e-05	2.6608495695771976e-05	20.0	0.015209125475285171
chr17	chr17	2017	50425000	2.6598938592977857e-05	1314	959	0.02759786013669218	2.8777747796342212e-05	2.6598938592977857e-05	2.6598938592977857e-05	20.0	0.015220700152207
chr17	chr17	2018	50450000	2.6589389657405235e-05	1313	958	0.02185141095283665	2.2809406005048698e-05	2.6589389657405235e-05	2.6589389657405235e-05	17.0	0.012947448591012947
chr17	chr17	2019	50475000	2.6579848878032595e-05	1312	957	0.020790333184048514	2.1724486085735123e-05	2.6579848878032595e-05	2.6579848878032595e-05	15.0	0.011432926829268292
chr17	chr17	2020	50500000	2.657031624385888e-05	1311	956	0.019082154158839345	1.9960412300041156e-05	2.657031624385888e-05	2.657031624385888e-05	13.0	0.009916094584286803
chr17	chr17	2021	50525000	2.6560791743903146e-05	1310	955	0.010578351966967468	1.1076808342374311e-05	2.6560791743903146e-05	2.6560791743903146e-05	7.0	0.0053435114503816794
chr17	chr17	2022	50550000	2.6551275367204764e-05	1309	954	0.014189031011645129	1.4873198125414181e-05	2.6551275367204764e-05	2.6551275367204764e-05	12.0	0.009167303284950344
chr17	chr17	2023	50575000	2.6541767102823258e-05	1308	953	0.02699929315073637	2.8330842760478877e-05	2.6541767102823258e-05	2.6541767102823258e-05	20.0	0.01529051987767584
chr17	chr17	2024	50600000	2.6532266939838323e-05	1307	953	0.02260578876383257	2.3720659773171636e-05	2.6532266939838323e-05	2.6532266939838323e-05	18.0	0.013771996939556235
chr17	chr17	2025	50625000	2.6522774867349712e-05	1306	952	0.02311149769679456	2.427678329495227e-05	2.6522774867349712e-05	2.6522774867349712e-05	17.0	0.013016845329249618
chr17	chr17	2026	50650000	2.6513290874477172e-05	1305	951	0.02843535465310631	2.990047807897614e-05	2.6513290874477172e-05	2.6513290874477172e-05	18.0	0.013793103448275862
chr17	chr17	2027	50675000	2.6503814950360545e-05	1304	950	0.01226054038407971	1.2905831983241799e-05	2.6503814950360545e-05	2.6503814950360545e-05	9.0	0.006901840490797546
chr17	chr17	2028	50700000	2.649434708415955e-05	1303	949	0.014326905760293055	1.5096844847516391e-05	2.649434708415955e-05	2.649434708415955e-05	12.0	0.00920951650038373
chr17	chr17	2029	50725000	2.648488726505377e-05	1302	949	0.020231423864720512	2.1318676359031097e-05	2.648488726505377e-05	2.648488726505377e-05	12.0	0.009216589861751152
chr17	chr17	2030	50750000	2.6475435482242775e-05	1301	948	0.02180371873039504	2.2999703302104473e-05	2.6475435482242775e-05	2.6475435482242775e-05	14.0	0.010760953112990008
chr17	chr17	2031	50775000	2.646599172494578e-05	1300	945	0.021243121603521115	2.2479493760339804e-05	2.646599172494578e-05	2.646599172494578e-05	14.0	0.010769230769230769
chr17	chr17	2032	50800000	2.6456555982401908e-05	1299	944	0.018188166159399603	1.9267125168855512e-05	2.6456555982401908e-05	2.6456555982401908e-05	13.0	0.010007698229407237
chr17	chr17	2033	50825000	2.6447128243869886e-05	1298	943	0.014618014320010666	1.5501605853669848e-05	2.6447128243869886e-05	2.6447128243869886e-05	9.0	0.006933744221879815
chr17	chr17	2034	50850000	2.643770849862814e-05	1297	942	0.017268032710574643	1.8331244915684336e-05	2.643770849862814e-05	2.643770849862814e-05	12.0	0.009252120277563608
chr17	chr17	2035	50875000	2.6428296735974756e-05	1296	941	0.01666556389806512	1.771048235713615e-05	2.6428296735974756e-05	2.6428296735974756e-05	12.0	0.009259259259259259
chr17	chr17	2036	50900000	2.641889294522738e-05	1295	940	0.013129000403174596	1.396702170550489e-05	2.641889294522738e-05	2.641889294522738e-05	11.0	0.008494208494208495
chr17	chr17	2037	50925000	2.640949711572316e-05	1294	939	0.0215570642050213	2.295746986690234e-05	2.640949711572316e-05	2.640949711572316e-05	15.0	0.011591962905718702
chr17	chr17	2038	50950000	2.640010923681874e-05	1293	938	0.023064937913177277	2.458948604816341e-05	2.640010923681874e-05	2.640010923681874e-05	16.0	0.01237432327919567
chr17	chr17	2039	50975000	2.6390729297890287e-05	1292	937	0.021414044361391216	2.2853836031367358e-05	2.6390729297890287e-05	2.6390729297890287e-05	14.0	0.010835913312693499
chr17	chr17	2040	51000000	2.6381357288333258e-05	1291	937	0.02311423580703186	2.46683413095324e-05	2.6381357288333258e-05	2.6381357288333258e-05	17.0	0.013168086754453912
chr17	chr17	2041	51025000	2.6371993197562505e-05	1290	937	0.028612337990145988	3.053611311648451e-05	2.6371993197562505e-05	2.6371993197562505e-05	19.0	0.014728682170542635
chr17	chr17	2042	51050000	2.6362637015012184e-05	1289	937	0.020516451061421	2.189589227472892e-05	2.6362637015012184e-05	2.6362637015012184e-05	14.0	0.010861132660977503
chr17	chr17	2043	51075000	2.635328873013574e-05	1288	935	0.017152181059478442	1.8344578673238975e-05	2.635328873013574e-05	2.635328873013574e-05	13.0	0.010093167701863354
chr17	chr17	2044	51100000	2.634394833240577e-05	1287	934	0.007295257123392225	7.81076779806448e-06	2.634394833240577e-05	2.634394833240577e-05	6.0	0.004662004662004662
chr17	chr17	2045	51125000	2.6334615811314145e-05	1286	934	0.018924640703747032	2.0261927948337295e-05	2.6334615811314145e-05	2.6334615811314145e-05	15.0	0.01166407465007776
chr17	chr17	2046	51150000	2.632529115637176e-05	1285	934	0.014128531171216431	1.512690703556363e-05	2.632529115637176e-05	2.632529115637176e-05	12.0	0.00933852140077821
chr17	chr17	2047	51175000	2.6315974357108683e-05	1284	933	0.019663770076453098	2.1075852171975452e-05	2.6315974357108683e-05	2.6315974357108683e-05	15.0	0.011682242990654205
chr17	chr17	2048	51200000	2.6306665403073944e-05	1283	931	0.01554724648560327	1.6699512873902544e-05	2.6306665403073944e-05	2.6306665403073944e-05	12.0	0.009353078721745909
chr17	chr17	2049	51225000	2.629736428383564e-05	1282	930	0.024108469281051335	2.5923085248442297e-05	2.629736428383564e-05	2.629736428383564e-05	18.0	0.014040561622464899
chr17	chr17	2050	51250000	2.6288070988980837e-05	1281	930	0.010077507386957615	1.083602944834152e-05	2.6288070988980837e-05	2.6288070988980837e-05	7.0	0.00546448087431694
chr17	chr17	2051	51275000	2.6278785508115362e-05	1280	930	0.009699013942315038	1.0429047249801115e-05	2.6278785508115362e-05	2.6278785508115362e-05	8.0	0.00625
chr17	chr17	2052	51300000	2.6269507830864104e-05	1279	929	0.030143231756915665	3.244696636912343e-05	2.6269507830864104e-05	2.6269507830864104e-05	20.0	0.01563721657544957
chr17	chr17	2053	51325000	2.6260237946870645e-05	1278	929	0.021533610829008766	2.317934427234528e-05	2.6260237946870645e-05	2.6260237946870645e-05	15.0	0.011737089201877934
chr17	chr17	2054	51350000	2.6250975845797406e-05	1277	928	0.016896541581475678	1.820748015245224e-05	2.6250975845797406e-05	2.6250975845797406e-05	14.0	0.01096319498825372
chr17	chr17	2055	51375000	2.6241721517325495e-05	1276	927	0.021402296136862262	2.3087698098017542e-05	2.6241721517325495e-05	2.6241721517325495e-05	16.0	0.012539184952978056
chr17	chr17	2056	51400000	2.623247495115478e-05	1275	926	0.013150420314091913	1.4201317833792562e-05	2.623247495115478e-05	2.623247495115478e-05	9.0	0.007058823529411765
chr17	chr17	2057	51425000	2.622323613700374e-05	1274	925	0.015760330754903743	1.703819541070675e-05	2.622323613700374e-05	2.622323613700374e-05	11.0	0.008634222919937205
chr17	chr17	2058	51450000	2.621400506460947e-05	1273	924	0.022856017013950382	2.473594914929695e-05	2.621400506460947e-05	2.621400506460947e-05	16.0	0.012568735271013355
chr17	chr17	2059	51475000	2.620478172372761e-05	1272	923	0.022861273009448846	2.4768443130497124e-05	2.620478172372761e-05	2.620478172372761e-05	17.0	0.013364779874213837
chr17	chr17	2060	51500000	2.6195566104132324e-05	1271	921	0.01697463556760962	1.8430657510976788e-05	2.6195566104132324e-05	2.6195566104132324e-05	13.0	0.010228166797797011
chr17	chr17	2061	51525000	2.6186678087685905e-05	1270	920	0.0363284691533986	3.9487466471085435e-05	2.6186678087685905e-05	2.6186678087685905e-05	24.0	0.01889763779527559
chr17	chr17	2062	51550000	2.617779739613434e-05	1269	919	0.013054509932437335	1.4205125062499819e-05	2.617779739613434e-05	2.617779739613434e-05	9.0	0.0070921985815602835
chr17	chr17	2063	51575000	2.6168924019893075e-05	1268	918	0.036668471767081795	3.994386902732222e-05	2.6168924019893075e-05	2.6168924019893075e-05	23.0	0.018138801261829655
chr17	chr17	2064	51600000	2.616005794939465e-05	1267	917	0.02817646386581626	3.0726787203725474e-05	2.616005794939465e-05	2.616005794939465e-05	19.0	0.01499605367008682
chr17	chr17	2065	51625000	2.6151199175088787e-05	1266	916	0.02143808947947852	2.3404027816024584e-05	2.6151199175088787e-05	2.6151199175088787e-05	14.0	0.011058451816745656
chr17	chr17	2066	51650000	2.614234768744227e-05	1265	915	0.01656478918291719	1.8103594735428626e-05	2.614234768744227e-05	2.614234768744227e-05	12.0	0.009486166007905139
chr17	chr17	2067	51675000	2.613350347693901e-05	1264	914	0.02276733517899874	2.4909557088620065e-05	2.613350347693901e-05	2.613350347693901e-05	15.0	0.011867088607594937
chr17	chr17	2068	51700000	2.612466653407985e-05	1263	913	0.025290004105778172	2.769989496799362e-05	2.612466653407985e-05	2.612466653407985e-05	18.0	0.014251781472684086
chr17	chr17	2069	51725000	2.6115836849382688e-05	1262	912	0.02034465869955942	2.2307739802148485e-05	2.6115836849382688e-05	2.6115836849382688e-05	14.0	0.011093502377179081
chr17	chr17	2070	51750000	2.6107014413382362e-05	1261	911	0.014995913155487591	1.6460936504377158e-05	2.6107014413382362e-05	2.6107014413382362e-05	11.0	0.008723235527359239
chr17	chr17	2071	51775000	2.6098199216630598e-05	1260	910	0.01748319673999957	1.921230410988964e-05	2.6098199216630598e-05	2.6098199216630598e-05	15.0	0.011904761904761904
chr17	chr17	2072	51800000	2.6089391249696006e-05	1259	909	0.01911651288235926	2.103026719731492e-05	2.6089391249696006e-05	2.6089391249696006e-05	12.0	0.009531374106433678
chr17	chr17	2073	51825000	2.6080590503164003e-05	1258	908	0.01629425417901495	1.7945213853540692e-05	2.6080590503164003e-05	2.6080590503164003e-05	13.0	0.010333863275039745
chr17	chr17	2074	51850000	2.607179696763685e-05	1257	907	0.030266005547814008	3.336935562052261e-05	2.607179696763685e-05	2.607179696763685e-05	22.0	0.017501988862370723
chr17	chr17	2075	51875000	2.606301063373351e-05	1256	906	0.01871851913769118	2.0660617149769516e-05	2.606301063373351e-05	2.606301063373351e-05	14.0	0.011146496815286623
chr17	chr17	2076	51900000	2.6054231492089646e-05	1255	905	0.026638736690399394	2.9435068166187174e-05	2.6054231492089646e-05	2.6054231492089646e-05	20.0	0.01593625498007968
chr17	chr17	2077	51925000	2.6045459533357715e-05	1254	904	0.018876224379856026	2.0880779181256666e-05	2.6045459533357715e-05	2.6045459533357715e-05	14.0	0.011164274322169059
chr17	chr17	2078	51950000	2.6036694748206663e-05	1253	903	0.02493112750670248	2.760922204507473e-05	2.6036694748206663e-05	2.6036694748206663e-05	19.0	0.015163607342378291
chr17	chr17	2079	51975000	2.602793712732216e-05	1252	902	0.019793213444735412	2.1943695615006e-05	2.602793712732216e-05	2.602793712732216e-05	17.0	0.013578274760383386
chr17	chr17	2080	52000000	2.601918666140641e-05	1251	901	0.027050516252911647	3.002277053597297e-05	2.601918666140641e-05	2.601918666140641e-05	20.0	0.01598721023181455
chr17	chr17	2081	52025000	2.60104433411781e-05	1250	900	0.02093819817390997	2.3264664637677746e-05	2.60104433411781e-05	2.60104433411781e-05	14.0	0.0112
chr17	chr17	2082	52050000	2.6001707157372465e-05	1249	899	0.023726675895820466	2.639229799312621e-05	2.6001707157372465e-05	2.6001707157372465e-05	17.0	0.013610888710968775
chr17	chr17	2083	52075000	2.5992978100741155e-05	1248	898	0.026784299111434283	2.9826613709837732e-05	2.5992978100741155e-05	2.5992978100741155e-05	18.0	0.014423076923076924
chr17	chr17	2084	52100000	2.598425616205223e-05	1247	897	0.018929607167722132	2.110324098965678e-05	2.598425616205223e-05	2.598425616205223e-05	13.0	0.010425020048115477
chr17	chr17	2085	52125000	2.5975541332090225e-05	1246	896	0.033846751328308555	3.777539210748723e-05	2.5975541332090225e-05	2.5975541332090225e-05	26.0	0.02086677367576244
chr17	chr17	2086	52150000	2.5966833601655922e-05	1245	895	0.01702541006185582	1.902280453838639e-05	2.5966833601655922e-05	2.5966833601655922e-05	12.0	0.00963855421686747
chr17	chr17	2087	52175000	2.5958132961566424e-05	1244	895	0.01162032790676968	1.298360659974266e-05	2.5958132961566424e-05	2.5958132961566424e-05	9.0	0.007234726688102894
chr17	chr17	2088	52200000	2.5949439402655142e-05	1243	894	0.01554325217028315	1.738618810993641e-05	2.5949439402655142e-05	2.5949439402655142e-05	11.0	0.008849557522123894
chr17	chr17	2089	52225000	2.594075291577167e-05	1242	893	0.02138490629730783	2.3947263490826237e-05	2.594075291577167e-05	2.594075291577167e-05	16.0	0.01288244766505636
chr17	chr17	2090	52250000	2.5932073491781828e-05	1241	892	0.013339646428993978	1.4954760570621052e-05	2.5932073491781828e-05	2.5932073491781828e-05	11.0	0.008863819500402902
chr17	chr17	2091	52275000	2.5923401121567608e-05	1240	891	0.012080497621448812	1.3558358722164772e-05	2.5923401121567608e-05	2.5923401121567608e-05	9.0	0.007258064516129033
chr17	chr17	2092	52300000	2.591473579602711e-05	1239	890	0.014665013991028132	1.6477543810143968e-05	2.591473579602711e-05	2.591473579602711e-05	8.0	0.00645682001614205
chr17	chr17	2093	52325000	2.59060775060745e-05	1238	889	0.02571367528292785	2.8924269159648874e-05	2.59060775060745e-05	2.59060775060745e-05	18.0	0.014539579967689823
chr17	chr17	2094	52350000	2.5897426242640067e-05	1237	888	0.025892185710657236	2.915786679128067e-05	2.5897426242640067e-05	2.5897426242640067e-05	20.0	0.016168148746968473
chr17	chr17	2095	52375000	2.588878199667004e-05	1236	887	0.014653600474024206	1.652040639687058e-05	2.588878199667004e-05	2.588878199667004e-05	10.0	0.008090614886731391
chr17	chr17	2096	52400000	2.5880144759126645e-05	1235	886	0.013146668818849513	1.4838226657843694e-05	2.5880144759126645e-05	2.5880144759126645e-05	10.0	0.008097165991902834
chr17	chr17	2097	52425000	2.58715145209881e-05	1234	885	0.011475476171734673	1.2966639742073077e-05	2.58715145209881e-05	2.58715145209881e-05	8.0	0.006482982171799027
chr17	chr17	2098	52450000	2.5862891273248483e-05	1233	885	0.021545532694807013	2.4345234683397754e-05	2.5862891273248483e-05	2.5862891273248483e-05	15.0	0.012165450121654502
chr17	chr17	2099	52475000	2.5854275006917748e-05	1232	885	0.01488175349521003	1.6815540672553706e-05	2.5854275006917748e-05	2.5854275006917748e-05	12.0	0.00974025974025974
chr17	chr17	2100	52500000	2.584566571302171e-05	1231	885	0.01616344298543505	1.8263777384672373e-05	2.584566571302171e-05	2.584566571302171e-05	13.0	0.010560519902518278
chr17	chr17	2101	52525000	2.5837063382601966e-05	1230	885	0.019179890978755717	2.1672193196334143e-05	2.5837063382601966e-05	2.5837063382601966e-05	13.0	0.01056910569105691
chr17	chr17	2102	52550000	2.5828468006715878e-05	1229	885	0.01003802814091086	1.1342404678995322e-05	2.5828468006715878e-05	2.5828468006715878e-05	7.0	0.005695687550854353
chr17	chr17	2103	52575000	2.5819879576436586e-05	1228	885	0.01922336593488441	2.1721317440547353e-05	2.5819879576436586e-05	2.5819879576436586e-05	14.0	0.011400651465798045
chr17	chr17	2104	52600000	2.581129808285284e-05	1227	885	0.014041971657896172	1.586663464169059e-05	2.581129808285284e-05	2.581129808285284e-05	10.0	0.008149959250203748
chr17	chr17	2105	52625000	2.5802723517069127e-05	1226	884	0.024546824912277318	2.7767901484476603e-05	2.5802723517069127e-05	2.5802723517069127e-05	18.0	0.01468189233278956
chr17	chr17	2106	52650000	2.5794155870205544e-05	1225	883	0.020728949361375395	2.3475593840742237e-05	2.5794155870205544e-05	2.5794155870205544e-05	13.0	0.010612244897959184
chr17	chr17	2107	52675000	2.5785595133397727e-05	1224	882	0.011525911684658328	1.3067927080111483e-05	2.5785595133397727e-05	2.5785595133397727e-05	9.0	0.007352941176470588
chr17	chr17	2108	52700000	2.577704129779694e-05	1223	881	0.0196650304617959	2.232126045606799e-05	2.577704129779694e-05	2.577704129779694e-05	14.0	0.011447260834014717
chr17	chr17	2109	52725000	2.5768885645071425e-05	1222	880	0.014315953327345575	1.6268128781074516e-05	2.5768885645071425e-05	2.5768885645071425e-05	10.0	0.008183306055646482
chr17	chr17	2110	52750000	2.5760736437050235e-05	1221	879	0.010884018274690774	1.2382273350046387e-05	2.5760736437050235e-05	2.5760736437050235e-05	8.0	0.006552006552006552
chr17	chr17	2111	52775000	2.575259366559005e-05	1220	878	0.02341874346604176	2.6672828549022504e-05	2.575259366559005e-05	2.575259366559005e-05	17.0	0.013934426229508197
chr17	chr17	2112	52800000	2.5744457322561517e-05	1219	877	0.012590945599669822	1.435683648765088e-05	2.5744457322561517e-05	2.5744457322561517e-05	11.0	0.009023789991796555
chr17	chr17	2113	52825000	2.57363273998495e-05	1218	876	0.011347407270630983	1.2953661267843588e-05	2.57363273998495e-05	2.57363273998495e-05	9.0	0.007389162561576354
chr17	chr17	2114	52850000	2.572820388935281e-05	1217	875	0.019724771240490806	2.2542595703418063e-05	2.572820388935281e-05	2.572820388935281e-05	16.0	0.01314708299096138
chr17	chr17	2115	52875000	2.5720086782984462e-05	1216	874	0.016346175933253517	1.8702718459100134e-05	2.5720086782984462e-05	2.5720086782984462e-05	14.0	0.011513157894736841
chr17	chr17	2116	52900000	2.571197607267139e-05	1215	873	0.01659474841289633	1.9008875616147e-05	2.571197607267139e-05	2.571197607267139e-05	12.0	0.009876543209876543
chr17	chr17	2117	52925000	2.5703871750354562e-05	1214	872	0.008071116533615474	9.255867584421416e-06	2.5703871750354562e-05	2.5703871750354562e-05	7.0	0.005766062602965404
chr17	chr17	2118	52950000	2.569577380798885e-05	1213	871	0.0181774640554279	2.0869648743315615e-05	2.569577380798885e-05	2.569577380798885e-05	14.0	0.011541632316570486
chr17	chr17	2119	52975000	2.56876822375431e-05	1212	870	0.014341677188812064	1.648468642392191e-05	2.56876822375431e-05	2.56876822375431e-05	10.0	0.00825082508250825
chr17	chr17	2120	53000000	2.5679597031000002e-05	1211	869	0.01496226666718193	1.721779823611269e-05	2.5679597031000002e-05	2.5679597031000002e-05	12.0	0.00990916597853014
chr17	chr17	2121	53025000	2.5671518180356194e-05	1210	868	0.018806418599067197	2.166638087450138e-05	2.5671518180356194e-05	2.5671518180356194e-05	14.0	0.011570247933884297
chr17	chr17	2122	53050000	2.5663445677622013e-05	1209	867	0.018166564716212225	2.095336184107523e-05	2.5663445677622013e-05	2.5663445677622013e-05	14.0	0.011579818031430935
chr17	chr17	2123	53075000	2.5655379514821744e-05	1208	866	0.024443954506508627	2.822627541167278e-05	2.5655379514821744e-05	2.5655379514821744e-05	17.0	0.014072847682119206
chr17	chr17	2124	53100000	2.564731968399333e-05	1207	865	0.022895847242361184	2.6469187563423333e-05	2.564731968399333e-05	2.564731968399333e-05	17.0	0.014084507042253521
chr17	chr17	2125	53125000	2.5639266177188556e-05	1206	864	0.014310455122798747	1.656302676249855e-05	2.5639266177188556e-05	2.5639266177188556e-05	10.0	0.008291873963515755
chr17	chr17	2126	53150000	2.5631218986472787e-05	1205	863	0.011501321070842948	1.332713913191535e-05	2.5631218986472787e-05	2.5631218986472787e-05	9.0	0.007468879668049793
chr17	chr17	2127	53175000	2.5623178103925202e-05	1204	862	0.007635240161621977	8.85758719445705e-06	2.5623178103925202e-05	2.5623178103925202e-05	6.0	0.0049833887043189366
chr17	chr17	2128	53200000	2.5615143521638548e-05	1203	861	0.011284658516571597	1.3106455884519858e-05	2.5615143521638548e-05	2.5615143521638548e-05	11.0	0.00914380714879468
chr17	chr17	2129	53225000	2.560711523171925e-05	1202	860	0.023442097715376628	2.7258253157414684e-05	2.560711523171925e-05	2.560711523171925e-05	17.0	0.014143094841930116
chr17	chr17	2130	53250000	2.5599093226287262e-05	1201	859	0.022467952393961946	2.6155939923122172e-05	2.5599093226287262e-05	2.5599093226287262e-05	16.0	0.013322231473771857
chr17	chr17	2131	53275000	2.559107749747613e-05	1200	858	0.006447040631908841	7.514033370523124e-06	2.559107749747613e-05	2.559107749747613e-05	6.0	0.005
chr17	chr17	2132	53300000	2.5583068037432966e-05	1199	857	0.022280166359871092	2.5997860396582372e-05	2.5583068037432966e-05	2.5583068037432966e-05	16.0	0.013344453711426188
chr17	chr17	2133	53325000	2.5575064838318306e-05	1198	856	0.011313968348167997	1.3217252743186913e-05	2.5575064838318306e-05	2.5575064838318306e-05	8.0	0.00667779632721202
chr17	chr17	2134	53350000	2.5567067892306276e-05	1197	855	0.023309725041837304	2.7262836306242463e-05	2.5567067892306276e-05	2.5567067892306276e-05	16.0	0.013366750208855471
chr17	chr17	2135	53375000	2.5559077191584285e-05	1196	854	0.015791469466188278	1.8491182044716954e-05	2.5559077191584285e-05	2.5559077191584285e-05	11.0	0.00919732441471572
chr17	chr17	2136	53400000	2.555109272835334e-05	1195	853	0.014729622891903773	1.726802214760114e-05	2.555109272835334e-05	2.555109272835334e-05	10.0	0.008368200836820083
chr17	chr17	2137	53425000	2.554311449482767e-05	1194	852	0.01299458901570307	1.5251865041905012e-05	2.554311449482767e-05	2.554311449482767e-05	9.0	0.007537688442211055
chr17	chr17	2138	53450000	2.553514248323495e-05	1193	851	0.019430184896149113	2.2832179666450192e-05	2.553514248323495e-05	2.553514248323495e-05	13.0	0.010896898575020955
chr17	chr17	2139	53475000	2.552717668581615e-05	1192	850	0.02135630850641065	2.5125068831071354e-05	2.552717668581615e-05	2.552717668581615e-05	13.0	0.010906040268456376
chr17	chr17	2140	53500000	2.551921709482557e-05	1191	849	0.0216211788052035	2.5466641702242047e-05	2.551921709482557e-05	2.551921709482557e-05	14.0	0.011754827875734676
chr17	chr17	2141	53525000	2.5511263702530746e-05	1190	848	0.022810803823054258	2.6899532810205493e-05	2.5511263702530746e-05	2.5511263702530746e-05	16.0	0.013445378151260505
chr17	chr17	2142	53550000	2.5503316501212445e-05	1189	847	0.014120029704916482	1.667063719588723e-05	2.5503316501212445e-05	2.5503316501212445e-05	13.0	0.010933557611438183
chr17	chr17	2143	53575000	2.5495375483164654e-05	1188	846	0.019805979639843665	2.341132345135185e-05	2.5495375483164654e-05	2.5495375483164654e-05	14.0	0.011784511784511785
chr17	chr17	2144	53600000	2.5487440640694615e-05	1187	845	0.016404465188968587	1.9413568270968743e-05	2.5487440640694615e-05	2.5487440640694615e-05	11.0	0.009267059814658803
chr17	chr17	2145	53625000	2.5479511966122584e-05	1186	844	0.01575180762147262	1.8663279172360922e-05	2.5479511966122584e-05	2.5479511966122584e-05	11.0	0.00927487352445194
chr17	chr17	2146	53650000	2.547158945178205e-05	1185	843	0.019100000288785442	2.2657177092272172e-05	2.547158945178205e-05	2.547158945178205e-05	13.0	0.010970464135021098
chr17	chr17	2147	53675000	2.546367309001957e-05	1184	842	0.023412190272029478	2.7805451629488692e-05	2.546367309001957e-05	2.546367309001957e-05	16.0	0.013513513513513514
chr17	chr17	2148	53700000	2.5455762873194726e-05	1183	841	0.01756594173595057	2.0886969959513163e-05	2.5455762873194726e-05	2.5455762873194726e-05	12.0	0.01014370245139476
chr17	chr17	2149	53725000	2.5447858793680228e-05	1182	840	0.012929779064182901	1.5392594124027263e-05	2.5447858793680228e-05	2.5447858793680228e-05	9.0	0.007614213197969543
chr17	chr17	2150	53750000	2.543996084386169e-05	1181	839	0.017771117766645562	2.1181308422700312e-05	2.543996084386169e-05	2.543996084386169e-05	11.0	0.009314140558848433
chr17	chr17	2151	53775000	2.5432069016137796e-05	1180	838	0.018651059313028497	2.2256634025093672e-05	2.5432069016137796e-05	2.5432069016137796e-05	14.0	0.011864406779661017
chr17	chr17	2152	53800000	2.542418330292014e-05	1179	837	0.02816278269540781	3.3647291153414344e-05	2.542418330292014e-05	2.542418330292014e-05	20.0	0.016963528413910092
chr17	chr17	2153	53825000	2.541630369663328e-05	1178	836	0.013471121518182425	1.6113781720313904e-05	2.541630369663328e-05	2.541630369663328e-05	10.0	0.008488964346349746
chr17	chr17	2154	53850000	2.5408430189714575e-05	1177	835	0.019670757879290297	2.355779386741353e-05	2.5408430189714575e-05	2.5408430189714575e-05	13.0	0.011045029736618521
chr17	chr17	2155	53875000	2.540056277461442e-05	1176	834	0.021367938864339617	2.5621029813356855e-05	2.540056277461442e-05	2.540056277461442e-05	14.0	0.011904761904761904
chr17	chr17	2156	53900000	2.5392701443795894e-05	1175	833	0.014608779002779107	1.7537549823264234e-05	2.5392701443795894e-05	2.5392701443795894e-05	10.0	0.00851063829787234
chr17	chr17	2157	53925000	2.5384846189734957e-05	1174	832	0.019307853395853725	2.3206554562324187e-05	2.5384846189734957e-05	2.5384846189734957e-05	14.0	0.01192504258943782
chr17	chr17	2158	53950000	2.5376997004920373e-05	1173	831	0.018140073833233752	2.1829210388969617e-05	2.5376997004920373e-05	2.5376997004920373e-05	12.0	0.010230179028132993
chr17	chr17	2159	53975000	2.536960407167914e-05	1172	830	0.016386974008460273	1.9743342178867798e-05	2.536960407167914e-05	2.536960407167914e-05	12.0	0.010238907849829351
chr17	chr17	2160	54000000	2.5362216714129442e-05	1171	829	0.01880604077412364	2.268521203151223e-05	2.5362216714129442e-05	2.5362216714129442e-05	16.0	0.013663535439795047
chr17	chr17	2161	54025000	2.53548349254877e-05	1170	828	0.01592261900772402	1.9230216192903403e-05	2.53548349254877e-05	2.53548349254877e-05	12.0	0.010256410256410256
chr17	chr17	2162	54050000	2.5347458698981735e-05	1169	827	0.018078291796082297	2.1860086815093465e-05	2.5347458698981735e-05	2.5347458698981735e-05	14.0	0.011976047904191617
chr17	chr17	2163	54075000	2.534008802785074e-05	1168	826	0.02044602274321435	2.4753054168540372e-05	2.534008802785074e-05	2.534008802785074e-05	15.0	0.012842465753424657
chr17	chr17	2164	54100000	2.5332722905345266e-05	1167	825	0.025622759136909663	3.10578898629208e-05	2.5332722905345266e-05	2.5332722905345266e-05	18.0	0.015424164524421594
chr17	chr17	2165	54125000	2.5325363324727118e-05	1166	824	0.015549234287042033	1.8870429960002467e-05	2.5325363324727118e-05	2.5325363324727118e-05	11.0	0.009433962264150943
chr17	chr17	2166	54150000	2.5318009279269458e-05	1165	823	0.013111547780759895	1.5931406780996227e-05	2.5318009279269458e-05	2.5318009279269458e-05	9.0	0.007725321888412017
chr17	chr17	2167	54175000	2.5310660762256657e-05	1164	822	0.016961737789872373	2.063471750592746e-05	2.5310660762256657e-05	2.5310660762256657e-05	12.0	0.010309278350515464
chr17	chr17	2168	54200000	2.5303317766984365e-05	1163	821	0.023912844002886825	2.9126484778181274e-05	2.5303317766984365e-05	2.5303317766984365e-05	17.0	0.014617368873602751
chr17	chr17	2169	54225000	2.5295980286759438e-05	1162	820	0.016390895411282986	1.9988896843028033e-05	2.5295980286759438e-05	2.5295980286759438e-05	10.0	0.008605851979345954
chr17	chr17	2170	54250000	2.5288648314899923e-05	1161	819	0.02077340207965001	2.5364349303601963e-05	2.5288648314899923e-05	2.5288648314899923e-05	13.0	0.01119724375538329
chr17	chr17	2171	54275000	2.5281321844735068e-05	1160	818	0.013054280812003988	1.595877849878238e-05	2.5281321844735068e-05	2.5281321844735068e-05	9.0	0.007758620689655172
chr17	chr17	2172	54300000	2.527400086960521e-05	1159	817	0.013678699140043937	1.6742593806663325e-05	2.527400086960521e-05	2.527400086960521e-05	11.0	0.009490940465918895
chr17	chr17	2173	54325000	2.526668538286183e-05	1158	816	0.015152399145691694	1.856911660011237e-05	2.526668538286183e-05	2.526668538286183e-05	10.0	0.008635578583765112
chr17	chr17	2174	54350000	2.5259375377867536e-05	1157	815	0.02097065789761135	2.5730868586026196e-05	2.5259375377867536e-05	2.5259375377867536e-05	14.0	0.012100259291270527
chr17	chr17	2175	54375000	2.5252070847996e-05	1156	814	0.02149463925543506	2.6406190731492704e-05	2.5252070847996e-05	2.5252070847996e-05	13.0	0.01124567474048443
chr17	chr17	2176	54400000	2.5244771786631905e-05	1155	813	0.017028161735330456	2.094484838294029e-05	2.5244771786631905e-05	2.5244771786631905e-05	11.0	0.009523809523809525
chr17	chr17	2177	54425000	2.5237478187171032e-05	1154	813	0.014994870221949865	1.8443874811746453e-05	2.5237478187171032e-05	2.5237478187171032e-05	11.0	0.009532062391681109
chr17	chr17	2178	54450000	2.5230190043020096e-05	1153	812	0.01939523894451138	2.3885762246935197e-05	2.5230190043020096e-05	2.5230190043020096e-05	11.0	0.009540329575021683
chr17	chr17	2179	54475000	2.522290734759684e-05	1152	810	0.017844372666848456	2.2030089712158588e-05	2.522290734759684e-05	2.522290734759684e-05	12.0	0.010416666666666666
chr17	chr17	2180	54500000	2.5215630094329992e-05	1151	809	0.026939300881364033	3.3299506651871486e-05	2.5215630094329992e-05	2.5215630094329992e-05	20.0	0.01737619461337967
chr17	chr17	2181	54525000	2.5208358276659103e-05	1150	808	0.017678013450107305	2.1878729517459536e-05	2.5208358276659103e-05	2.5208358276659103e-05	12.0	0.010434782608695653
chr17	chr17	2182	54550000	2.5201091888034746e-05	1149	807	0.012051186266631516	1.493331631552852e-05	2.5201091888034746e-05	2.5201091888034746e-05	9.0	0.007832898172323759
chr17	chr17	2183	54575000	2.5193830921918335e-05	1148	807	0.02417123533931961	2.995196448490658e-05	2.5193830921918335e-05	2.5193830921918335e-05	18.0	0.0156794425087108
chr17	chr17	2184	54600000	2.518657537178214e-05	1147	807	0.01499361204571287	1.8579444914142342e-05	2.518657537178214e-05	2.518657537178214e-05	10.0	0.008718395815170008
chr17	chr17	2185	54625000	2.5179325231109345e-05	1146	806	0.018763342031027967	2.327958068365753e-05	2.5179325231109345e-05	2.5179325231109345e-05	13.0	0.011343804537521814
chr17	chr17	2186	54650000	2.5172080493393854e-05	1145	805	0.02669073237357514	3.315618928394428e-05	2.5172080493393854e-05	2.5172080493393854e-05	18.0	0.01572052401746725
chr17	chr17	2187	54675000	2.516484115214043e-05	1144	804	0.012992726991365203	1.6160108198215427e-05	2.516484115214043e-05	2.516484115214043e-05	10.0	0.008741258741258742
chr17	chr17	2188	54700000	2.515760720086459e-05	1143	803	0.023646451726862677	2.9447636023490257e-05	2.515760720086459e-05	2.515760720086459e-05	18.0	0.015748031496062992
chr17	chr17	2189	54725000	2.51503786330926e-05	1142	802	0.012065614216947013	1.5044406754298021e-05	2.51503786330926e-05	2.51503786330926e-05	10.0	0.008756567425569177
chr17	chr17	2190	54750000	2.5143155442361446e-05	1141	801	0.015979979135386634	1.9950036373766084e-05	2.5143155442361446e-05	2.5143155442361446e-05	12.0	0.010517090271691499
chr17	chr17	2191	54775000	2.513593762221888e-05	1140	801	0.017807509029511167	2.2231596790900333e-05	2.513593762221888e-05	2.513593762221888e-05	13.0	0.011403508771929825
chr17	chr17	2192	54800000	2.5128725166223244e-05	1139	800	0.02285723091527078	2.8571538644088474e-05	2.5128725166223244e-05	2.5128725166223244e-05	18.0	0.015803336259877086
chr17	chr17	2193	54825000	2.512151806794358e-05	1138	799	0.017558697198889518	2.1975841300237194e-05	2.512151806794358e-05	2.512151806794358e-05	13.0	0.011423550087873463
chr17	chr17	2194	54850000	2.511431632095962e-05	1137	799	0.02468844686688318	3.089918256180623e-05	2.511431632095962e-05	2.511431632095962e-05	18.0	0.0158311345646438
chr17	chr17	2195	54875000	2.5107119918861606e-05	1136	797	0.024226765255130605	3.039744699514505e-05	2.5107119918861606e-05	2.5107119918861606e-05	19.0	0.016725352112676055
chr17	chr17	2196	54900000	2.5099928855250475e-05	1135	796	0.014047859938796573	1.7648065249744438e-05	2.5099928855250475e-05	2.5099928855250475e-05	10.0	0.00881057268722467
chr17	chr17	2197	54925000	2.5092743123737675e-05	1134	795	0.013190338368114955	1.659162058882384e-05	2.5092743123737675e-05	2.5092743123737675e-05	11.0	0.009700176366843033
chr17	chr17	2198	54950000	2.5085562717945216e-05	1133	795	0.017437803082685742	2.193434350023364e-05	2.5085562717945216e-05	2.5085562717945216e-05	13.0	0.01147396293027361
chr17	chr17	2199	54975000	2.507838763150565e-05	1132	794	0.01912368260983043	2.4085242581650412e-05	2.507838763150565e-05	2.507838763150565e-05	14.0	0.012367491166077738
chr17	chr17	2200	55000000	2.5071217858062002e-05	1131	792	0.020686617328144207	2.6119466323414404e-05	2.5071217858062002e-05	2.5071217858062002e-05	16.0	0.014146772767462422
chr17	chr17	2201	55025000	2.5064053391267826e-05	1130	792	0.01873000057657303	2.3648990626986147e-05	2.5064053391267826e-05	2.5064053391267826e-05	15.0	0.01327433628318584
chr17	chr17	2202	55050000	2.5056894224787065e-05	1129	792	0.019708985337592626	2.4885082496960387e-05	2.5056894224787065e-05	2.5056894224787065e-05	14.0	0.012400354295837024
chr17	chr17	2203	55075000	2.504974035229418e-05	1128	790	0.01740445551159704	2.203095634379372e-05	2.504974035229418e-05	2.504974035229418e-05	11.0	0.00975177304964539
chr17	chr17	2204	55100000	2.5042591767473984e-05	1127	788	0.023795179695572037	3.019692854768025e-05	2.5042591767473984e-05	2.5042591767473984e-05	17.0	0.015084294587400177
chr17	chr17	2205	55125000	2.503544846402172e-05	1126	787	0.021807016336478396	2.7709042358930618e-05	2.503544846402172e-05	2.503544846402172e-05	16.0	0.014209591474245116
chr17	chr17	2206	55150000	2.5028310435643e-05	1125	786	0.021576713821563263	2.7451289849317127e-05	2.5028310435643e-05	2.5028310435643e-05	15.0	0.013333333333333334
chr17	chr17	2207	55175000	2.5021177676053747e-05	1124	785	0.014169815912279315	1.8050720907362186e-05	2.5021177676053747e-05	2.5021177676053747e-05	12.0	0.010676156583629894
chr17	chr17	2208	55200000	2.50140501789803e-05	1123	784	0.024249644795112057	3.093066938152048e-05	2.50140501789803e-05	2.50140501789803e-05	18.0	0.016028495102404273
chr17	chr17	2209	55225000	2.5006927938159205e-05	1122	783	0.01613246973237846	2.0603409619895863e-05	2.5006927938159205e-05	2.5006927938159205e-05	11.0	0.00980392156862745
chr17	chr17	2210	55250000	2.5000302693849062e-05	1121	782	0.023849119151705005	3.049759482315218e-05	2.5000302693849062e-05	2.5000302693849062e-05	16.0	0.014272970561998216
chr17	chr17	2211	55275000	2.499368220078628e-05	1120	781	0.012182036856618682	1.5597998536003435e-05	2.499368220078628e-05	2.499368220078628e-05	8.0	0.007142857142857143
chr17	chr17	2212	55300000	2.498706645341689e-05	1119	780	0.025808113807551367	3.308732539429662e-05	2.498706645341689e-05	2.498706645341689e-05	17.0	0.01519213583556747
chr17	chr17	2213	55325000	2.4980455446196017e-05	1118	779	0.019177415511943165	2.4617991671300596e-05	2.4980455446196017e-05	2.4980455446196017e-05	15.0	0.013416815742397137
chr17	chr17	2214	55350000	2.4973849173587668e-05	1117	778	0.03269255287963233	4.202127619490017e-05	2.4973849173587668e-05	2.4973849173587668e-05	23.0	0.020590868397493287
chr17	chr17	2215	55375000	2.4967247630064908e-05	1116	777	0.028037756858612376	3.608462916166329e-05	2.4967247630064908e-05	2.4967247630064908e-05	20.0	0.017921146953405017
chr17	chr17	2216	55400000	2.4960650810109663e-05	1115	776	0.018893994181993126	2.4347930646898357e-05	2.4960650810109663e-05	2.4960650810109663e-05	15.0	0.013452914798206279
chr17	chr17	2217	55425000	2.4954058708212813e-05	1114	775	0.02389367457122443	3.0830547833837974e-05	2.4954058708212813e-05	2.4954058708212813e-05	15.0	0.013464991023339317
chr17	chr17	2218	55450000	2.494747131887415e-05	1113	774	0.026475677182945953	3.4206301269956015e-05	2.494747131887415e-05	2.494747131887415e-05	19.0	0.017070979335130278
chr17	chr17	2219	55475000	2.4940888636602368e-05	1112	773	0.018953122278892728	2.451891627282371e-05	2.4940888636602368e-05	2.4940888636602368e-05	15.0	0.013489208633093525
chr17	chr17	2220	55500000	2.4934310655914993e-05	1111	772	0.02203678690920234	2.854506076321547e-05	2.4934310655914993e-05	2.4934310655914993e-05	14.0	0.012601260126012601
chr17	chr17	2221	55525000	2.4927737371338458e-05	1110	771	0.025183524583920647	3.266345601027321e-05	2.4927737371338458e-05	2.4927737371338458e-05	20.0	0.018018018018018018
chr17	chr17	2222	55550000	2.4921168777407964e-05	1109	770	0.014257223573930574	1.851587477133841e-05	2.4921168777407964e-05	2.4921168777407964e-05	11.0	0.009918845807033363
chr17	chr17	2223	55575000	2.4914604868667576e-05	1108	769	0.010760455802128692	1.3992790379881263e-05	2.4914604868667576e-05	2.4914604868667576e-05	9.0	0.008122743682310469
chr17	chr17	2224	55600000	2.4908045639670116e-05	1107	768	0.02499649399426433	3.254751822169835e-05	2.4908045639670116e-05	2.4908045639670116e-05	19.0	0.017163504968383016
chr17	chr17	2225	55625000	2.4901491084977236e-05	1106	767	0.01789939029751974	2.3336884351394704e-05	2.4901491084977236e-05	2.4901491084977236e-05	12.0	0.0108499095840868
chr17	chr17	2226	55650000	2.48949411991593e-05	1105	766	0.013136982849548772	1.7150108158679858e-05	2.48949411991593e-05	2.48949411991593e-05	11.0	0.009954751131221719
chr17	chr17	2227	55675000	2.488839597679543e-05	1104	765	0.015333556179424153	2.004386428682896e-05	2.488839597679543e-05	2.488839597679543e-05	10.0	0.009057971014492754
chr17	chr17	2228	55700000	2.4881855412473495e-05	1103	764	0.014987124512848959	1.961665512153005e-05	2.4881855412473495e-05	2.4881855412473495e-05	11.0	0.009972801450589302
chr17	chr17	2229	55725000	2.4875319500790054e-05	1102	763	0.02725203256295459	3.57169496237937e-05	2.4875319500790054e-05	2.4875319500790054e-05	19.0	0.017241379310344827
chr17	chr17	2230	55750000	2.486878823635031e-05	1101	762	0.011576533821934205	1.5192301603588195e-05	2.486878823635031e-05	2.486878823635031e-05	9.0	0.008174386920980926
chr17	chr17	2231	55775000	2.486226161376824e-05	1100	761	0.01655782839401094	2.1757987377149723e-05	2.486226161376824e-05	2.486226161376824e-05	12.0	0.01090909090909091
chr17	chr17	2232	55800000	2.485573962766635e-05	1099	760	0.015972094517137603	2.1015913838338952e-05	2.485573962766635e-05	2.485573962766635e-05	11.0	0.010009099181073703
chr17	chr17	2233	55825000	2.484922227267591e-05	1098	759	0.023702586581817117	3.122870432386972e-05	2.484922227267591e-05	2.484922227267591e-05	20.0	0.018214936247723135
chr17	chr17	2234	55850000	2.484270954343667e-05	1097	758	0.023802341383042547	3.140150578237803e-05	2.484270954343667e-05	2.484270954343667e-05	15.0	0.013673655423883319
chr17	chr17	2235	55875000	2.4836201434597125e-05	1096	757	0.029651769923621795	3.917010557942113e-05	2.4836201434597125e-05	2.4836201434597125e-05	19.0	0.017335766423357664
chr17	chr17	2236	55900000	2.4829697940814218e-05	1095	756	0.02882166302643687	3.8123892892112265e-05	2.4829697940814218e-05	2.4829697940814218e-05	20.0	0.0182648401826484
chr17	chr17	2237	55925000	2.482319905675353e-05	1094	755	0.024557005152275525	3.252583463877553e-05	2.482319905675353e-05	2.482319905675353e-05	18.0	0.016453382084095063
chr17	chr17	2238	55950000	2.48167047770892e-05	1093	754	0.026430935026323724	3.505429048584048e-05	2.48167047770892e-05	2.48167047770892e-05	18.0	0.01646843549862763
chr17	chr17	2239	55975000	2.481021509650388e-05	1092	753	0.01516178010427698	2.0135166141138088e-05	2.481021509650388e-05	2.481021509650388e-05	12.0	0.01098901098901099
chr17	chr17	2240	56000000	2.4803730009688674e-05	1091	752	0.02317906696059332	3.082322734121452e-05	2.4803730009688674e-05	2.4803730009688674e-05	17.0	0.015582034830430797
chr17	chr17	2241	56025000	2.4797249511343285e-05	1090	752	0.025288238540435576	3.362797678249412e-05	2.4797249511343285e-05	2.4797249511343285e-05	17.0	0.015596330275229359
chr17	chr17	2242	56050000	2.4790773596175808e-05	1089	752	0.020799715842808056	2.7659196599478797e-05	2.4790773596175808e-05	2.4790773596175808e-05	16.0	0.014692378328741965
chr17	chr17	2243	56075000	2.478430225890283e-05	1088	752	0.026509979146823466	3.525263184418014e-05	2.478430225890283e-05	2.478430225890283e-05	19.0	0.017463235294117647
chr17	chr17	2244	56100000	2.4777835494249428e-05	1087	752	0.015027598630274731	1.9983508816854696e-05	2.4777835494249428e-05	2.4777835494249428e-05	10.0	0.00919963201471941
chr17	chr17	2245	56125000	2.4771373296948986e-05	1086	752	0.025455857438917137	3.385087425387917e-05	2.4771373296948986e-05	2.4771373296948986e-05	17.0	0.01565377532228361
chr17	chr17	2246	56150000	2.4764915661743445e-05	1085	752	0.032207333124956425	4.2828900432122904e-05	2.4764915661743445e-05	2.4764915661743445e-05	21.0	0.01935483870967742
chr17	chr17	2247	56175000	2.4758462583383002e-05	1084	752	0.025543238502130534	3.3967072476237416e-05	2.4758462583383002e-05	2.4758462583383002e-05	18.0	0.016605166051660517
chr17	chr17	2248	56200000	2.4752014056626305e-05	1083	752	0.018874644255257828	2.5099260977736473e-05	2.4752014056626305e-05	2.4752014056626305e-05	13.0	0.012003693444136657
chr17	chr17	2249	56225000	2.474557007624034e-05	1082	752	0.022449720382145058	2.9853351572001407e-05	2.474557007624034e-05	2.474557007624034e-05	19.0	0.01756007393715342
chr17	chr17	2250	56250000	2.4739130637000432e-05	1081	752	0.023522120469404502	3.1279415517825134e-05	2.4739130637000432e-05	2.4739130637000432e-05	18.0	0.016651248843663275
chr17	chr17	2251	56275000	2.4732695733690243e-05	1080	752	0.016561020176982563	2.2022633214072556e-05	2.4732695733690243e-05	2.4732695733690243e-05	13.0	0.012037037037037037
chr17	chr17	2252	56300000	2.4726265361101697e-05	1079	752	0.01940539185941944	2.5805042366249253e-05	2.4726265361101697e-05	2.4726265361101697e-05	15.0	0.013901760889712697
chr17	chr17	2253	56325000	2.4719839514035056e-05	1078	752	0.0193421003596075	2.5720878137775932e-05	2.4719839514035056e-05	2.4719839514035056e-05	16.0	0.014842300556586271
chr17	chr17	2254	56350000	2.4713418187298848e-05	1077	753	0.011873656414315066	1.5768468013698626e-05	2.4713418187298848e-05	2.4713418187298848e-05	8.0	0.007428040854224698
chr17	chr17	2255	56375000	2.470700137570983e-05	1076	752	0.01711762453008671	2.2762798577242965e-05	2.470700137570983e-05	2.470700137570983e-05	13.0	0.012081784386617101
chr17	chr17	2256	56400000	2.4700589074093006e-05	1075	752	0.026585570168285198	3.5353151819528186e-05	2.4700589074093006e-05	2.4700589074093006e-05	20.0	0.018604651162790697
chr17	chr17	2257	56425000	2.4694181277281612e-05	1074	752	0.007819619008053955	1.0398429531986642e-05	2.4694181277281612e-05	2.4694181277281612e-05	6.0	0.00558659217877095
chr17	chr17	2258	56450000	2.468777798011707e-05	1073	752	0.013293299010825725	1.767725932290655e-05	2.468777798011707e-05	2.468777798011707e-05	10.0	0.009319664492078284
chr17	chr17	2259	56475000	2.468137917744901e-05	1072	752	0.019960462901328142	2.6543168751766148e-05	2.468137917744901e-05	2.468137917744901e-05	14.0	0.013059701492537313
chr17	chr17	2260	56500000	2.4674984864135264e-05	1071	752	0.015192447075328491	2.020272217463895e-05	2.4674984864135264e-05	2.4674984864135264e-05	13.0	0.012138188608776844
chr17	chr17	2261	56525000	2.4668595035041735e-05	1070	753	0.011404353634937794	1.5145223950780604e-05	2.4668595035041735e-05	2.4668595035041735e-05	9.0	0.008411214953271028
chr17	chr17	2262	56550000	2.466273014875691e-05	1069	752	0.021616326275041488	2.8745114727448787e-05	2.466273014875691e-05	2.466273014875691e-05	17.0	0.015902712815715623
chr17	chr17	2263	56575000	2.465686924812237e-05	1068	752	0.021339165143334428	2.837654939273195e-05	2.465686924812237e-05	2.465686924812237e-05	16.0	0.0149812734082397
chr17	chr17	2264	56600000	2.4651012328670174e-05	1067	752	0.015490301505187288	2.05988051930682e-05	2.4651012328670174e-05	2.4651012328670174e-05	11.0	0.010309278350515464
chr17	chr17	2265	56625000	2.4645159385939284e-05	1066	752	0.03010639754951649	4.0035103124357034e-05	2.4645159385939284e-05	2.4645159385939284e-05	20.0	0.01876172607879925
chr17	chr17	2266	56650000	2.4639310415475682e-05	1065	752	0.018285412902404596	2.4315708646814623e-05	2.4639310415475682e-05	2.4639310415475682e-05	14.0	0.013145539906103286
chr17	chr17	2267	56675000	2.4633465412832225e-05	1064	752	0.01673725022706631	2.2256981684928604e-05	2.4633465412832225e-05	2.4633465412832225e-05	12.0	0.011278195488721804
chr17	chr17	2268	56700000	2.46276243735688e-05	1063	753	0.02011955305174052	2.671919395981477e-05	2.46276243735688e-05	2.46276243735688e-05	14.0	0.01317027281279398
chr17	chr17	2269	56725000	2.4621787293252137e-05	1062	752	0.015252665705235188	2.028280013994041e-05	2.4621787293252137e-05	2.4621787293252137e-05	13.0	0.01224105461393597
chr17	chr17	2270	56750000	2.461595416745595e-05	1061	753	0.026540434185284446	3.524626053822636e-05	2.461595416745595e-05	2.461595416745595e-05	20.0	0.01885014137606032
chr17	chr17	2271	56775000	2.461012499176076e-05	1060	753	0.013773971069326619	1.8292126254085813e-05	2.461012499176076e-05	2.461012499176076e-05	10.0	0.009433962264150943
chr17	chr17	2272	56800000	2.4604299761754065e-05	1059	752	0.02232352645327067	2.9685540496370572e-05	2.4604299761754065e-05	2.4604299761754065e-05	17.0	0.016052880075542966
chr17	chr17	2273	56825000	2.459847847303016e-05	1058	752	0.019844764445700692	2.6389314422474325e-05	2.459847847303016e-05	2.459847847303016e-05	13.0	0.012287334593572778
chr17	chr17	2274	56850000	2.4592661121190224e-05	1057	752	0.02397731184507822	3.1884723198242314e-05	2.4592661121190224e-05	2.4592661121190224e-05	17.0	0.01608325449385052
chr17	chr17	2275	56875000	2.4586847701842323e-05	1056	754	0.01625612470436387	2.155984708801574e-05	2.4586847701842323e-05	2.4586847701842323e-05	12.0	0.011363636363636364
chr17	chr17	2276	56900000	2.458103821060123e-05	1055	752	0.02333595227041037	3.1031851423418044e-05	2.458103821060123e-05	2.458103821060123e-05	18.0	0.017061611374407582
chr17	chr17	2277	56925000	2.4575232643088632e-05	1054	753	0.02083170214239338	2.7664943084187754e-05	2.4575232643088632e-05	2.4575232643088632e-05	14.0	0.013282732447817837
chr17	chr17	2278	56950000	2.4569430994933012e-05	1053	754	0.027789226666402586	3.6855738284353566e-05	2.4569430994933012e-05	2.4569430994933012e-05	20.0	0.01899335232668566
chr17	chr17	2279	56975000	2.4563633261769566e-05	1052	753	0.02639562854102619	3.505395556577183e-05	2.4563633261769566e-05	2.4563633261769566e-05	19.0	0.01806083650190114
chr17	chr17	2280	57000000	2.455783943924036e-05	1051	752	0.01715582137540812	2.2813592254532075e-05	2.455783943924036e-05	2.455783943924036e-05	13.0	0.012369172216936251
chr17	chr17	2281	57025000	2.4552049522994166e-05	1050	752	0.024401214683325807	3.244842378101836e-05	2.4552049522994166e-05	2.4552049522994166e-05	21.0	0.02
chr17	chr17	2282	57050000	2.4546263508686478e-05	1049	753	0.028610461168942097	3.799530035716082e-05	2.4546263508686478e-05	2.4546263508686478e-05	20.0	0.019065776930409915
chr17	chr17	2283	57075000	2.4540481391979602e-05	1048	753	0.016603074768953743	2.2049236080947866e-05	2.4540481391979602e-05	2.4540481391979602e-05	12.0	0.011450381679389313
chr17	chr17	2284	57100000	2.453470316854245e-05	1047	754	0.020037950952511784	2.6575531767257007e-05	2.453470316854245e-05	2.453470316854245e-05	16.0	0.015281757402101241
chr17	chr17	2285	57125000	2.452892883405077e-05	1046	755	0.023129803522904783	3.0635501354840775e-05	2.452892883405077e-05	2.452892883405077e-05	18.0	0.017208413001912046
chr17	chr17	2286	57150000	2.4523158384186902e-05	1045	754	0.018937147358124445	2.5115580050562923e-05	2.4523158384186902e-05	2.4523158384186902e-05	14.0	0.013397129186602871
chr17	chr17	2287	57175000	2.451739181463991e-05	1044	752	0.014149561097153719	1.8815905714300158e-05	2.451739181463991e-05	2.451739181463991e-05	9.0	0.008620689655172414
chr17	chr17	2288	57200000	2.451162912110552e-05	1043	752	0.016779996056129117	2.231382454272489e-05	2.451162912110552e-05	2.451162912110552e-05	12.0	0.011505273250239693
chr17	chr17	2289	57225000	2.4505870299286112e-05	1042	752	0.017577753443901768	2.3374672132848094e-05	2.4505870299286112e-05	2.4505870299286112e-05	15.0	0.014395393474088292
chr17	chr17	2290	57250000	2.4500115344890678e-05	1041	752	0.02346480569212526	3.120319905867721e-05	2.4500115344890678e-05	2.4500115344890678e-05	18.0	0.01729106628242075
chr17	chr17	2291	57275000	2.4494364253634884e-05	1040	753	0.021521680542114736	2.8581249059913328e-05	2.4494364253634884e-05	2.4494364253634884e-05	17.0	0.016346153846153847
chr17	chr17	2292	57300000	2.4488617021240996e-05	1039	754	0.018719031750246147	2.482630205602937e-05	2.4488617021240996e-05	2.4488617021240996e-05	13.0	0.012512030798845043
chr17	chr17	2293	57325000	2.4482873643437836e-05	1038	754	0.027674522497673746	3.670361073962035e-05	2.4482873643437836e-05	2.4482873643437836e-05	22.0	0.02119460500963391
chr17	chr17	2294	57350000	2.4477134115960877e-05	1037	754	0.00953657743959367	1.2647980689116273e-05	2.4477134115960877e-05	2.4477134115960877e-05	8.0	0.007714561234329798
chr17	chr17	2295	57375000	2.4471398434552092e-05	1036	754	0.02953703907800166	3.9173791880638806e-05	2.4471398434552092e-05	2.4471398434552092e-05	23.0	0.0222007722007722
chr17	chr17	2296	57400000	2.4465666594960115e-05	1035	753	0.021929005526357247	2.9122185293967127e-05	2.4465666594960115e-05	2.4465666594960115e-05	17.0	0.01642512077294686
chr17	chr17	2297	57425000	2.445993859294004e-05	1034	752	0.01587930131890377	2.1116092179393312e-05	2.445993859294004e-05	2.445993859294004e-05	12.0	0.01160541586073501
chr17	chr17	2298	57450000	2.445421442425355e-05	1033	752	0.01460976566565631	1.9427879874542965e-05	2.445421442425355e-05	2.445421442425355e-05	11.0	0.010648596321393998
chr17	chr17	2299	57475000	2.4448494084668832e-05	1032	752	0.025341053608089133	3.369820958522491e-05	2.4448494084668832e-05	2.4448494084668832e-05	17.0	0.016472868217054265
chr17	chr17	2300	57500000	2.444277756996055e-05	1031	752	0.01321122856551883	1.7568123092445252e-05	2.444277756996055e-05	2.444277756996055e-05	9.0	0.008729388942774006
chr17	chr17	2301	57525000	2.4437064875909942e-05	1030	752	0.016181351454669504	2.1517754593975403e-05	2.4437064875909942e-05	2.4437064875909942e-05	12.0	0.011650485436893204
chr17	chr17	2302	57550000	2.4431355998304658e-05	1029	752	0.02297938634328041	3.055769460542607e-05	2.4431355998304658e-05	2.4431355998304658e-05	15.0	0.014577259475218658
chr17	chr17	2303	57575000	2.442565093293884e-05	1028	752	0.028926982874405392	3.846673254575185e-05	2.442565093293884e-05	2.442565093293884e-05	20.0	0.019455252918287938
chr17	chr17	2304	57600000	2.441994967561313e-05	1027	752	0.022483007131404244	2.989761586622905e-05	2.441994967561313e-05	2.441994967561313e-05	15.0	0.014605647517039922
chr17	chr17	2305	57625000	2.4414252222134532e-05	1026	752	0.022810823000255158	3.0333541223743562e-05	2.4414252222134532e-05	2.4414252222134532e-05	17.0	0.016569200779727095
chr17	chr17	2306	57650000	2.440855856831659e-05	1025	752	0.01832460191765222	2.4367821699005613e-05	2.440855856831659e-05	2.440855856831659e-05	13.0	0.012682926829268294
chr17	chr17	2307	57675000	2.4402868709979156e-05	1024	752	0.024010851152864006	3.1929323341574475e-05	2.4402868709979156e-05	2.4402868709979156e-05	16.0	0.015625
chr17	chr17	2308	57700000	2.4397182642948553e-05	1023	752	0.011828361395851068	1.5729203983844506e-05	2.4397182642948553e-05	2.4397182642948553e-05	8.0	0.007820136852394917
chr17	chr17	2309	57725000	2.439150036305752e-05	1022	752	0.01995020482611609	2.6529527694303313e-05	2.439150036305752e-05	2.439150036305752e-05	15.0	0.014677103718199608
chr17	chr17	2310	57750000	2.4385821866145172e-05	1021	752	0.02579934846414879	3.430764423424041e-05	2.4385821866145172e-05	2.4385821866145172e-05	18.0	0.01762977473065622
chr17	chr17	2311	57775000	2.4380147148056893e-05	1020	752	0.022743906108977047	3.0244555995980115e-05	2.4380147148056893e-05	2.4380147148056893e-05	16.0	0.01568627450980392
chr17	chr17	2312	57800000	2.4374476204644535e-05	1019	752	0.01726158010501579	2.2954228863052913e-05	2.4374476204644535e-05	2.4374476204644535e-05	12.0	0.011776251226692836
chr17	chr17	2313	57825000	2.4368809031766305e-05	1018	752	0.024732752826702686	3.28892989716791e-05	2.4368809031766305e-05	2.4368809031766305e-05	17.0	0.01669941060903733
chr17	chr17	2314	57850000	2.4363145625286668e-05	1017	752	0.021257052938237785	2.826735763063535e-05	2.4363145625286668e-05	2.4363145625286668e-05	17.0	0.01671583087512291
chr17	chr17	2315	57875000	2.4358023618202367e-05	1016	752	0.03253113794057466	4.325949194225354e-05	2.4358023618202367e-05	2.4358023618202367e-05	24.0	0.023622047244094488
chr17	chr17	2316	57900000	2.4352904899302574e-05	1015	752	0.01805944233678239	2.4015215873380837e-05	2.4352904899302574e-05	2.4352904899302574e-05	14.0	0.013793103448275862
chr17	chr17	2317	57925000	2.4347789465058016e-05	1014	752	0.016804119348955163	2.2345903389568034e-05	2.4347789465058016e-05	2.4347789465058016e-05	13.0	0.01282051282051282
chr17	chr17	2318	57950000	2.4342677311944623e-05	1013	752	0.012530277072129559	1.666260248953399e-05	2.4342677311944623e-05	2.4342677311944623e-05	8.0	0.007897334649555774
chr17	chr17	2319	57975000	2.433756843644367e-05	1012	752	0.013491183631960522	1.794040376590495e-05	2.433756843644367e-05	2.433756843644367e-05	12.0	0.011857707509881422
chr17	chr17	2320	58000000	2.43324628350418e-05	1011	752	0.014032089726562834	1.8659693785322915e-05	2.43324628350418e-05	2.43324628350418e-05	11.0	0.010880316518298714
chr17	chr17	2321	58025000	2.432736050423081e-05	1010	752	0.02864667859959469	3.8093987499461023e-05	2.432736050423081e-05	2.432736050423081e-05	18.0	0.01782178217821782
chr17	chr17	2322	58050000	2.4322261440507818e-05	1009	752	0.02231294087220949	2.967146392581049e-05	2.4322261440507818e-05	2.4322261440507818e-05	17.0	0.01684836471754212
chr17	chr17	2323	58075000	2.4317165640375237e-05	1008	752	0.02055489773004979	2.7333640598470466e-05	2.4317165640375237e-05	2.4317165640375237e-05	15.0	0.01488095238095238
chr17	chr17	2324	58100000	2.431207310034067e-05	1007	752	0.028158322891826182	3.7444578313598645e-05	2.431207310034067e-05	2.431207310034067e-05	20.0	0.019860973187686197
chr17	chr17	2325	58125000	2.4306983816916975e-05	1006	752	0.017274564285770618	2.2971495060865184e-05	2.4306983816916975e-05	2.4306983816916975e-05	12.0	0.011928429423459244
chr17	chr17	2326	58150000	2.4301897786622243e-05	1005	752	0.014052452599333388	1.8686772073581632e-05	2.4301897786622243e-05	2.4301897786622243e-05	12.0	0.011940298507462687
chr17	chr17	2327	58175000	2.4296815005979817e-05	1004	752	0.03805962337564345	5.0611201297398205e-05	2.4296815005979817e-05	2.4296815005979817e-05	28.0	0.027888446215139442
chr17	chr17	2328	58200000	2.4291735471518172e-05	1003	752	0.023501719602582967	3.1252286705562454e-05	2.4291735471518172e-05	2.4291735471518172e-05	16.0	0.015952143569292122
chr17	chr17	2329	58225000	2.4286659179771034e-05	1002	752	0.014555579736398216	1.935582411755082e-05	2.4286659179771034e-05	2.4286659179771034e-05	10.0	0.00998003992015968
chr17	chr17	2330	58250000	2.4281586127277325e-05	1001	752	0.025113140082822862	3.339513308886019e-05	2.4281586127277325e-05	2.4281586127277325e-05	18.0	0.017982017982017984
chr17	chr17	2331	58275000	2.4276516310581114e-05	1000	752	0.024674565576121223	3.281192230867184e-05	2.4276516310581114e-05	2.4276516310581114e-05	18.0	0.018
chr17	chr17	2332	58300000	2.427144972623161e-05	999	752	0.018337887776867373	2.4385489064983208e-05	2.427144972623161e-05	2.427144972623161e-05	14.0	0.014014014014014014
chr17	chr17	2333	58325000	2.426638637078328e-05	998	752	0.01924494140474708	2.559167739992963e-05	2.426638637078328e-05	2.426638637078328e-05	13.0	0.013026052104208416
chr17	chr17	2334	58350000	2.4261326240795616e-05	997	752	0.029127382777697865	3.8733221778853545e-05	2.4261326240795616e-05	2.4261326240795616e-05	19.0	0.01905717151454363
chr17	chr17	2335	58375000	2.4256269332833376e-05	996	752	0.012664623816415813	1.6841255075021028e-05	2.4256269332833376e-05	2.4256269332833376e-05	8.0	0.008032128514056224
chr17	chr17	2336	58400000	2.4251215643466305e-05	995	752	0.01977054790217023	2.6290622210332754e-05	2.4251215643466305e-05	2.4251215643466305e-05	15.0	0.01507537688442211
chr17	chr17	2337	58425000	2.424616516926941e-05	994	752	0.02021358453436003	2.6879766668031958e-05	2.424616516926941e-05	2.424616516926941e-05	15.0	0.015090543259557344
chr17	chr17	2338	58450000	2.4241117906822683e-05	993	752	0.03673898167280425	4.8855028820218414e-05	2.4241117906822683e-05	2.4241117906822683e-05	26.0	0.026183282980866064
chr17	chr17	2339	58475000	2.4236073852711256e-05	992	752	0.019629401905673607	2.610292806605533e-05	2.4236073852711256e-05	2.4236073852711256e-05	16.0	0.016129032258064516
chr17	chr17	2340	58500000	2.4231033003525435e-05	991	752	0.026935297172713524	3.581821432541692e-05	2.4231033003525435e-05	2.4231033003525435e-05	20.0	0.020181634712411706
chr17	chr17	2341	58525000	2.4225995355860467e-05	990	752	0.021377816445173076	2.842794740049611e-05	2.4225995355860467e-05	2.4225995355860467e-05	16.0	0.01616161616161616
chr17	chr17	2342	58550000	2.4220960906316764e-05	989	752	0.014300902176029398	1.9017157148975264e-05	2.4220960906316764e-05	2.4220960906316764e-05	10.0	0.010111223458038422
chr17	chr17	2343	58575000	2.4215929651499744e-05	988	752	0.020968701830038156	2.788391200802946e-05	2.4215929651499744e-05	2.4215929651499744e-05	15.0	0.015182186234817813
chr17	chr17	2344	58600000	2.4210901588019916e-05	987	752	0.012013972679499618	1.5976027499334597e-05	2.4210901588019916e-05	2.4210901588019916e-05	9.0	0.00911854103343465
chr17	chr17	2345	58625000	2.4205876712492794e-05	986	752	0.018630188865362773	2.4774187320961135e-05	2.4205876712492794e-05	2.4205876712492794e-05	14.0	0.014198782961460446
chr17	chr17	2346	58650000	2.4200855021538944e-05	985	752	0.017447163692028773	2.3201015547910602e-05	2.4200855021538944e-05	2.4200855021538944e-05	12.0	0.012182741116751269
chr17	chr17	2347	58675000	2.419583651178394e-05	984	752	0.03263214675452146	4.339381217356577e-05	2.419583651178394e-05	2.419583651178394e-05	23.0	0.023373983739837397
chr17	chr17	2348	58700000	2.419082117985839e-05	983	752	0.024068375630564718	3.200581865766585e-05	2.419082117985839e-05	2.419082117985839e-05	18.0	0.018311291963377416
chr17	chr17	2349	58725000	2.418580902239787e-05	982	753	0.034954650285199985	4.6420518307038496e-05	2.418580902239787e-05	2.418580902239787e-05	27.0	0.0274949083503055
chr17	chr17	2350	58750000	2.4180800036042994e-05	981	753	0.02204427972521289	2.927527187943279e-05	2.4180800036042994e-05	2.4180800036042994e-05	17.0	0.017329255861365953
chr17	chr17	2351	58775000	2.417579421743932e-05	980	752	0.02438365164375354	3.242506867520418e-05	2.417579421743932e-05	2.417579421743932e-05	20.0	0.02040816326530612
chr17	chr17	2352	58800000	2.417079156323739e-05	979	752	0.03051636813280157	4.058027677234251e-05	2.417079156323739e-05	2.417079156323739e-05	19.0	0.01940755873340143
chr17	chr17	2353	58825000	2.416579207009268e-05	978	752	0.033467055338544945	4.450406295019275e-05	2.416579207009268e-05	2.416579207009268e-05	24.0	0.024539877300613498
chr17	chr17	2354	58850000	2.416079573466571e-05	977	752	0.024664352793562758	3.279834148080154e-05	2.416079573466571e-05	2.416079573466571e-05	16.0	0.016376663254861822
chr17	chr17	2355	58875000	2.4155802553621828e-05	976	752	0.022402153165145995	2.979009729407712e-05	2.4155802553621828e-05	2.4155802553621828e-05	15.0	0.015368852459016393
chr17	chr17	2356	58900000	2.415081252363142e-05	975	752	0.031071506433090236	4.131849259719446e-05	2.415081252363142e-05	2.415081252363142e-05	23.0	0.02358974358974359
chr17	chr17	2357	58925000	2.4145825641369695e-05	974	752	0.026397386908153627	3.5102908122544716e-05	2.4145825641369695e-05	2.4145825641369695e-05	20.0	0.02053388090349076
chr17	chr17	2358	58950000	2.414084190351692e-05	973	752	0.022593444555583198	3.0044474143062763e-05	2.414084190351692e-05	2.414084190351692e-05	15.0	0.015416238437821172
chr17	chr17	2359	58975000	2.413586130675813e-05	972	752	0.021079202643530665	2.8030854579163118e-05	2.413586130675813e-05	2.413586130675813e-05	16.0	0.01646090534979424
chr17	chr17	2360	59000000	2.4130883847783327e-05	971	753	0.01769345948835322	2.3497290157175592e-05	2.4130883847783327e-05	2.4130883847783327e-05	13.0	0.013388259526261586
chr17	chr17	2361	59025000	2.4125909523287394e-05	970	753	0.01928284268453363	2.5608024813457674e-05	2.4125909523287394e-05	2.4125909523287394e-05	14.0	0.01443298969072165
chr17	chr17	2362	59050000	2.4120938329970076e-05	969	753	0.021581986067288804	2.8661336078736793e-05	2.4120938329970076e-05	2.4120938329970076e-05	15.0	0.015479876160990712
chr17	chr17	2363	59075000	2.411597026453598e-05	968	752	0.017065892219366673	2.2694005610859938e-05	2.411597026453598e-05	2.411597026453598e-05	14.0	0.014462809917355372
chr17	chr17	2364	59100000	2.411100532369465e-05	967	753	0.027100079633977463	3.598948158562744e-05	2.411100532369465e-05	2.411100532369465e-05	19.0	0.01964839710444674
chr17	chr17	2365	59125000	2.410604350416039e-05	966	753	0.029677409474287143	3.9412230377539367e-05	2.410604350416039e-05	2.410604350416039e-05	21.0	0.021739130434782608
chr17	chr17	2366	59150000	2.4101084802652356e-05	965	752	0.02284634762077291	3.0380781410602278e-05	2.4101084802652356e-05	2.4101084802652356e-05	15.0	0.015544041450777202
chr17	chr17	2367	59175000	2.4096129215894608e-05	964	753	0.01877058762679942	2.4927739212217026e-05	2.4096129215894608e-05	2.4096129215894608e-05	14.0	0.014522821576763486
chr17	chr17	2368	59200000	2.4091176740615985e-05	963	754	0.02324411526123391	3.082773907325452e-05	2.4091176740615985e-05	2.4091176740615985e-05	17.0	0.017653167185877467
chr17	chr17	2369	59225000	2.4086777120080525e-05	962	754	0.01963316320734816	2.6038677993830454e-05	2.4086777120080525e-05	2.4086777120080525e-05	14.0	0.014553014553014554
chr17	chr17	2370	59250000	2.4082380159283357e-05	961	753	0.019987740856593904	2.6544144563869727e-05	2.4082380159283357e-05	2.4082380159283357e-05	16.0	0.01664932362122789
chr17	chr17	2371	59275000	2.407798585549538e-05	960	753	0.02217247425123512	2.9445516933911184e-05	2.407798585549538e-05	2.407798585549538e-05	15.0	0.015625
chr17	chr17	2372	59300000	2.4073594205991382e-05	959	753	0.025010338662923706	3.321426117254144e-05	2.4073594205991382e-05	2.4073594205991382e-05	17.0	0.017726798748696558
chr17	chr17	2373	59325000	2.4069205208050062e-05	958	752	0.03306478077175254	4.3969123366692206e-05	2.4069205208050062e-05	2.4069205208050062e-05	24.0	0.025052192066805846
chr17	chr17	2374	59350000	2.4064818858954163e-05	957	752	0.02929205940300349	3.8952206652930176e-05	2.4064818858954163e-05	2.4064818858954163e-05	21.0	0.0219435736677116
chr17	chr17	2375	59375000	2.4060435155990248e-05	956	753	0.019772541990367473	2.6258355896902354e-05	2.4060435155990248e-05	2.4060435155990248e-05	15.0	0.015690376569037656
chr17	chr17	2376	59400000	2.405605409644888e-05	955	753	0.027564265634929985	3.660593045807435e-05	2.405605409644888e-05	2.405605409644888e-05	20.0	0.020942408376963352
chr17	chr17	2377	59425000	2.4051675677624454e-05	954	753	0.022768859150968962	3.0237528752946828e-05	2.4051675677624454e-05	2.4051675677624454e-05	18.0	0.018867924528301886
chr17	chr17	2378	59450000	2.4047299896815377e-05	953	755	0.021940542869365014	2.9060321681278165e-05	2.4047299896815377e-05	2.4047299896815377e-05	16.0	0.016789087093389297
chr17	chr17	2379	59475000	2.4042926751323863e-05	952	755	0.02253934146058471	2.9853432398125443e-05	2.4042926751323863e-05	2.4042926751323863e-05	15.0	0.015756302521008403
chr17	chr17	2380	59500000	2.4038556238456014e-05	951	754	0.027186984356408282	3.6057008430249714e-05	2.4038556238456014e-05	2.4038556238456014e-05	19.0	0.019978969505783387
chr17	chr17	2381	59525000	2.4034188355521888e-05	950	755	0.02673559859442254	3.541138886678482e-05	2.4034188355521888e-05	2.4034188355521888e-05	19.0	0.02
chr17	chr17	2382	59550000	2.4029823099835397e-05	949	754	0.02364539543216796	3.135994089146944e-05	2.4029823099835397e-05	2.4029823099835397e-05	20.0	0.02107481559536354
chr17	chr17	2383	59575000	2.4025460468714273e-05	948	753	0.018187325893452247	2.4153155236988375e-05	2.4025460468714273e-05	2.4025460468714273e-05	12.0	0.012658227848101266
chr17	chr17	2384	59600000	2.4021100459480174e-05	947	752	0.015413313789041157	2.0496427910958984e-05	2.4021100459480174e-05	2.4021100459480174e-05	12.0	0.012671594508975714
chr17	chr17	2385	59625000	2.4016743069458536e-05	946	753	0.020593353186692007	2.734841060649669e-05	2.4016743069458536e-05	2.4016743069458536e-05	16.0	0.016913319238900635
chr17	chr17	2386	59650000	2.4012388295978785e-05	945	755	0.02307202836368477	3.055897796514539e-05	2.4012388295978785e-05	2.4012388295978785e-05	17.0	0.01798941798941799
chr17	chr17	2387	59675000	2.400803613637397e-05	944	755	0.015625977380627674	2.069665878228831e-05	2.400803613637397e-05	2.400803613637397e-05	11.0	0.011652542372881356
chr17	chr17	2388	59700000	2.4003686587981202e-05	943	756	0.022969658612604693	3.038314631296917e-05	2.4003686587981202e-05	2.4003686587981202e-05	19.0	0.02014846235418876
chr17	chr17	2389	59725000	2.3999339648141282e-05	942	757	0.03738096225088578	4.9380399274617944e-05	2.3999339648141282e-05	2.3999339648141282e-05	24.0	0.025477707006369428
chr17	chr17	2390	59750000	2.3994995314198848e-05	941	756	0.02411761782328705	3.190161087736382e-05	2.3994995314198848e-05	2.3994995314198848e-05	18.0	0.019128586609989374
chr17	chr17	2391	59775000	2.3990653583502385e-05	940	755	0.010796383931089384	1.4299846266343555e-05	2.3990653583502385e-05	2.3990653583502385e-05	8.0	0.00851063829787234
chr17	chr17	2392	59800000	2.3986314453404142e-05	939	755	0.026952490267520092	3.569866260598688e-05	2.3986314453404142e-05	2.3986314453404142e-05	21.0	0.022364217252396165
chr17	chr17	2393	59825000	2.3981977921260236e-05	938	754	0.027588789154292543	3.6589906040175786e-05	2.3981977921260236e-05	2.3981977921260236e-05	19.0	0.02025586353944563
chr17	chr17	2394	59850000	2.3977643984430483e-05	937	755	0.022196072512772336	2.9398771540095808e-05	2.3977643984430483e-05	2.3977643984430483e-05	16.0	0.017075773745997867
chr17	chr17	2395	59875000	2.397331264027854e-05	936	756	0.03599628555034021	4.7614134325846834e-05	2.397331264027854e-05	2.397331264027854e-05	25.0	0.026709401709401708
chr17	chr17	2396	59900000	2.3968983886171864e-05	935	756	0.020576841306447106	2.7218044056146964e-05	2.3968983886171864e-05	2.3968983886171864e-05	16.0	0.017112299465240642
chr17	chr17	2397	59925000	2.396465771948159e-05	934	755	0.012138881306685077	1.6077988485675598e-05	2.396465771948159e-05	2.396465771948159e-05	9.0	0.009635974304068522
chr17	chr17	2398	59950000	2.3960334137582713e-05	933	755	0.017212953248317293	2.279861357393019e-05	2.3960334137582713e-05	2.3960334137582713e-05	12.0	0.012861736334405145
chr17	chr17	2399	59975000	2.395601313785395e-05	932	757	0.02003491867967773	2.6466206974475204e-05	2.395601313785395e-05	2.395601313785395e-05	15.0	0.016094420600858368
chr17	chr17	2400	60000000	2.3951694717677765e-05	931	757	0.02240875000805608	2.9602047566784786e-05	2.3951694717677765e-05	2.3951694717677765e-05	15.0	0.01611170784103115
chr17	chr17	2401	60025000	2.394737887444035e-05	930	757	0.025961140267954135	3.429476917827495e-05	2.394737887444035e-05	2.394737887444035e-05	20.0	0.021505376344086023
chr17	chr17	2402	60050000	2.3943065605531635e-05	929	758	0.014977779242505826	1.9759603222303202e-05	2.3943065605531635e-05	2.3943065605531635e-05	10.0	0.010764262648008612
chr17	chr17	2403	60075000	2.393875490834531e-05	928	759	0.016147030895309084	2.1274085501065985e-05	2.393875490834531e-05	2.393875490834531e-05	12.0	0.01293103448275862
chr17	chr17	2404	60100000	2.393444678027875e-05	927	759	0.015713795909155562	2.0703288417859767e-05	2.393444678027875e-05	2.393444678027875e-05	11.0	0.011866235167206042
chr17	chr17	2405	60125000	2.393014121873309e-05	926	759	0.028053510092384604	3.6961146366778134e-05	2.393014121873309e-05	2.393014121873309e-05	21.0	0.02267818574514039
chr17	chr17	2406	60150000	2.3925838221113138e-05	925	759	0.017741951404278724	2.337543004516301e-05	2.3925838221113138e-05	2.3925838221113138e-05	13.0	0.014054054054054054
chr17	chr17	2407	60175000	2.392153778482741e-05	924	759	0.013911099212928392	1.8328193956427394e-05	2.392153778482741e-05	2.392153778482741e-05	10.0	0.010822510822510822
chr17	chr17	2408	60200000	2.391723990728811e-05	923	759	0.01405752519734824	1.8521113566993728e-05	2.391723990728811e-05	2.391723990728811e-05	10.0	0.010834236186348862
chr17	chr17	2409	60225000	2.391294458591112e-05	922	758	0.02958480254018844	3.903008250684491e-05	2.391294458591112e-05	2.391294458591112e-05	19.0	0.020607375271149676
chr17	chr17	2410	60250000	2.390865181811606e-05	921	758	0.015789652522953623	2.0830676151653854e-05	2.390865181811606e-05	2.390865181811606e-05	11.0	0.011943539630836048
chr17	chr17	2411	60275000	2.390436160132615e-05	920	758	0.01792189950059286	2.3643666887325673e-05	2.390436160132615e-05	2.390436160132615e-05	11.0	0.011956521739130435
chr17	chr17	2412	60300000	2.3900073932968337e-05	919	757	0.014846356642298685	1.9612095960764445e-05	2.3900073932968337e-05	2.3900073932968337e-05	13.0	0.014145810663764961
chr17	chr17	2413	60325000	2.3895788810473172e-05	918	758	0.01721816973810298	2.2715263506732163e-05	2.3895788810473172e-05	2.3895788810473172e-05	13.0	0.014161220043572984
chr17	chr17	2414	60350000	2.389150623127494e-05	917	759	0.014102249202744409	1.8580038475289074e-05	2.389150623127494e-05	2.389150623127494e-05	11.0	0.011995637949836423
chr17	chr17	2415	60375000	2.3887226192811484e-05	916	758	0.02220125466564483	2.928925417631244e-05	2.3887226192811484e-05	2.3887226192811484e-05	17.0	0.018558951965065504
chr17	chr17	2416	60400000	2.3882948692524325e-05	915	757	0.013354322270867558	1.7641112643153973e-05	2.3882948692524325e-05	2.3882948692524325e-05	11.0	0.012021857923497269
chr17	chr17	2417	60425000	2.3878673727858666e-05	914	758	0.029265364403768503	3.860866016328299e-05	2.3878673727858666e-05	2.3878673727858666e-05	20.0	0.02188183807439825
chr17	chr17	2418	60450000	2.3874401296263277e-05	913	758	0.017987877254676054	2.373070877925601e-05	2.3874401296263277e-05	2.3874401296263277e-05	13.0	0.014238773274917854
chr17	chr17	2419	60475000	2.3870131395190545e-05	912	757	0.01526099516313974	2.015983509001287e-05	2.3870131395190545e-05	2.3870131395190545e-05	11.0	0.01206140350877193
chr17	chr17	2420	60500000	2.3865864022096467e-05	911	757	0.011338485354996118	1.4978184088502137e-05	2.3865864022096467e-05	2.3865864022096467e-05	8.0	0.008781558726673985
chr17	chr17	2421	60525000	2.386159917444073e-05	910	757	0.023096158225610106	3.051011654638059e-05	2.386159917444073e-05	2.386159917444073e-05	17.0	0.01868131868131868
chr17	chr17	2422	60550000	2.3857336849686554e-05	909	756	0.01588907563569913	2.101729581441684e-05	2.3857336849686554e-05	2.3857336849686554e-05	12.0	0.013201320132013201
chr17	chr17	2423	60575000	2.3853077045300688e-05	908	757	0.02049450091425304	2.707331692767905e-05	2.3853077045300688e-05	2.3853077045300688e-05	16.0	0.01762114537444934
chr17	chr17	2424	60600000	2.3848819758753655e-05	907	756	0.011938093853348678	1.57911294356464e-05	2.3848819758753655e-05	2.3848819758753655e-05	10.0	0.011025358324145534
chr17	chr17	2425	60625000	2.3845117790529388e-05	906	756	0.022662507048024583	2.997686117463569e-05	2.3845117790529388e-05	2.3845117790529388e-05	15.0	0.016556291390728478
chr17	chr17	2426	60650000	2.3841417922863448e-05	905	758	0.03029565661368653	3.996788471462603e-05	2.3841417922863448e-05	2.3841417922863448e-05	21.0	0.023204419889502764
chr17	chr17	2427	60675000	2.3837720153698846e-05	904	757	0.010010234012167553	1.322355880074974e-05	2.3837720153698846e-05	2.3837720153698846e-05	8.0	0.008849557522123894
chr17	chr17	2428	60700000	2.3834024480981474e-05	903	756	0.030968744133804942	4.0963947266937755e-05	2.3834024480981474e-05	2.3834024480981474e-05	22.0	0.024363233665559248
chr17	chr17	2429	60725000	2.383033090265994e-05	902	756	0.019489691034171475	2.5780014595464913e-05	2.383033090265994e-05	2.383033090265994e-05	17.0	0.018847006651884702
chr17	chr17	2430	60750000	2.3826639416685905e-05	901	757	0.012527544658813413	1.6548936141100942e-05	2.3826639416685905e-05	2.3826639416685905e-05	11.0	0.01220865704772475
chr17	chr17	2431	60775000	2.382295002101376e-05	900	756	0.021026067433793618	2.781225851030902e-05	2.382295002101376e-05	2.382295002101376e-05	14.0	0.015555555555555555
chr17	chr17	2432	60800000	2.3819262713600667e-05	899	756	0.02060618681926671	2.7256860872045912e-05	2.3819262713600667e-05	2.3819262713600667e-05	16.0	0.017797552836484983
chr17	chr17	2433	60825000	2.381557749240682e-05	898	758	0.008533669677185805	1.1258139415812407e-05	2.381557749240682e-05	2.381557749240682e-05	7.0	0.0077951002227171495
chr17	chr17	2434	60850000	2.3811894355395033e-05	897	757	0.017112054778201654	2.2605092177280916e-05	2.3811894355395033e-05	2.3811894355395033e-05	13.0	0.014492753623188406
chr17	chr17	2435	60875000	2.3808213300531104e-05	896	757	0.0176694764414857	2.334144840354782e-05	2.3808213300531104e-05	2.3808213300531104e-05	12.0	0.013392857142857142
chr17	chr17	2436	60900000	2.3804534325783537e-05	895	758	0.016799879590120706	2.216342953841782e-05	2.3804534325783537e-05	2.3804534325783537e-05	12.0	0.013407821229050279
chr17	chr17	2437	60925000	2.380085742912376e-05	894	758	0.017009034074874446	2.2439358937829085e-05	2.380085742912376e-05	2.380085742912376e-05	11.0	0.012304250559284116
chr17	chr17	2438	60950000	2.379718260852592e-05	893	758	0.01447876739773454	1.910127625030942e-05	2.379718260852592e-05	2.379718260852592e-05	10.0	0.011198208286674132
chr17	chr17	2439	60975000	2.3793509861967002e-05	892	757	0.008482729953877707	1.120571988623211e-05	2.3793509861967002e-05	2.3793509861967002e-05	7.0	0.007847533632286996
chr17	chr17	2440	61000000	2.378983918742679e-05	891	756	0.01748455038193764	2.3127712145420156e-05	2.378983918742679e-05	2.378983918742679e-05	12.0	0.013468013468013467
chr17	chr17	2441	61025000	2.3786170582887854e-05	890	757	0.015586159478958516	2.058937843983952e-05	2.3786170582887854e-05	2.3786170582887854e-05	10.0	0.011235955056179775
chr17	chr17	2442	61050000	2.37825040463356e-05	889	757	0.014040750533492763	1.8547887098405235e-05	2.37825040463356e-05	2.37825040463356e-05	12.0	0.013498312710911136
chr17	chr17	2443	61075000	2.377883957575814e-05	888	756	0.017266323226040332	2.2839051886296735e-05	2.377883957575814e-05	2.377883957575814e-05	13.0	0.01463963963963964
chr17	chr17	2444	61100000	2.3775177169146448e-05	887	756	0.021353446917236632	2.824530015507491e-05	2.3775177169146448e-05	2.3775177169146448e-05	15.0	0.016910935738444193
chr17	chr17	2445	61125000	2.3771516824494188e-05	886	756	0.0202756144060023	2.6819595775135316e-05	2.3771516824494188e-05	2.3771516824494188e-05	15.0	0.016930022573363433
chr17	chr17	2446	61150000	2.376785853979786e-05	885	757	0.012654800882271312	1.6717042116606754e-05	2.376785853979786e-05	2.376785853979786e-05	10.0	0.011299435028248588
chr17	chr17	2447	61175000	2.3764202313056734e-05	884	756	0.00832262957044955	1.1008769273081415e-05	2.3764202313056734e-05	2.3764202313056734e-05	6.0	0.006787330316742082
chr17	chr17	2448	61200000	2.376054814227275e-05	883	757	0.009350664414665758	1.2352264748567712e-05	2.376054814227275e-05	2.376054814227275e-05	7.0	0.007927519818799546
chr17	chr17	2449	61225000	2.3756896025450723e-05	882	757	0.014734803800438904	1.9464734214582434e-05	2.3756896025450723e-05	2.3756896025450723e-05	10.0	0.011337868480725623
chr17	chr17	2450	61250000	2.3753245960598125e-05	881	757	0.012945631397580998	1.710123037989564e-05	2.3753245960598125e-05	2.3753245960598125e-05	10.0	0.011350737797956867
chr17	chr17	2451	61275000	2.374959794572521e-05	880	757	0.014231742701752844	1.8800188509581036e-05	2.374959794572521e-05	2.374959794572521e-05	11.0	0.0125
chr17	chr17	2452	61300000	2.3745951978844984e-05	879	756	0.01615143044864576	2.136432599027217e-05	2.3745951978844984e-05	2.3745951978844984e-05	13.0	0.01478953356086462
chr17	chr17	2453	61325000	2.37423080579732e-05	878	756	0.019870526335624666	2.628376499421252e-05	2.37423080579732e-05	2.37423080579732e-05	17.0	0.0193621867881549
chr17	chr17	2454	61350000	2.3738666181128255e-05	877	757	0.014321986995375796	1.8919401579096165e-05	2.3738666181128255e-05	2.3738666181128255e-05	11.0	0.012542759407069556
chr17	chr17	2455	61375000	2.3735026346331386e-05	876	757	0.014456116721188747	1.909658747845277e-05	2.3735026346331386e-05	2.3735026346331386e-05	10.0	0.01141552511415525
chr17	chr17	2456	61400000	2.3731388551606468e-05	875	757	0.017887313245354513	2.3629211684748367e-05	2.3731388551606468e-05	2.3731388551606468e-05	12.0	0.013714285714285714
chr17	chr17	2457	61425000	2.3727752794980142e-05	874	757	0.013702867322794656	1.8101542038037855e-05	2.3727752794980142e-05	2.3727752794980142e-05	9.0	0.010297482837528604
chr17	chr17	2458	61450000	2.3724119074481732e-05	873	756	0.01556281782975246	2.058573787004294e-05	2.3724119074481732e-05	2.3724119074481732e-05	11.0	0.012600229095074456
chr17	chr17	2459	61475000	2.3720487388143262e-05	872	755	0.02053855413848724	2.720338296488376e-05	2.3720487388143262e-05	2.3720487388143262e-05	14.0	0.016055045871559634
chr17	chr17	2460	61500000	2.371685773399948e-05	871	755	0.015045207361586729	1.9927426968989045e-05	2.371685773399948e-05	2.371685773399948e-05	11.0	0.012629161882893225
chr17	chr17	2461	61525000	2.371323011008783e-05	870	755	0.016025956665979117	2.1226432670171016e-05	2.371323011008783e-05	2.371323011008783e-05	10.0	0.011494252873563218
chr17	chr17	2462	61550000	2.3709604514448444e-05	869	756	0.00776569678939725	1.0272085700260913e-05	2.3709604514448444e-05	2.3709604514448444e-05	7.0	0.00805523590333717
chr17	chr17	2463	61575000	2.3705980945124128e-05	868	756	0.00980549559140518	1.2970232263763465e-05	2.3705980945124128e-05	2.3705980945124128e-05	7.0	0.008064516129032258
chr17	chr17	2464	61600000	2.3702359400160363e-05	867	756	0.011622658916309259	1.5373887455435528e-05	2.3702359400160363e-05	2.3702359400160363e-05	11.0	0.012687427912341407
chr17	chr17	2465	61625000	2.369873987760533e-05	866	756	0.030605691508801335	4.0483718926985894e-05	2.369873987760533e-05	2.369873987760533e-05	20.0	0.023094688221709007
chr17	chr17	2466	61650000	2.369512237550992e-05	865	756	0.007950807434742213	1.0516941051246315e-05	2.369512237550992e-05	2.369512237550992e-05	6.0	0.006936416184971098
chr17	chr17	2467	61675000	2.3691506891927582e-05	864	755	0.00999293262206567	1.3235672347106847e-05	2.3691506891927582e-05	2.3691506891927582e-05	7.0	0.008101851851851851
chr17	chr17	2468	61700000	2.368789342491453e-05	863	755	0.007163275957255526	9.487782724841756e-06	2.368789342491453e-05	2.368789342491453e-05	5.0	0.005793742757821553
chr17	chr17	2469	61725000	2.3684281972529594e-05	862	754	0.01483390369629874	1.9673612329308673e-05	2.3684281972529594e-05	2.3684281972529594e-05	10.0	0.01160092807424594
chr17	chr17	2470	61750000	2.3680672532834287e-05	861	754	0.013555414559374613	1.7978003394396038e-05	2.3680672532834287e-05	2.3680672532834287e-05	9.0	0.010452961672473868
chr17	chr17	2471	61775000	2.367706510389271e-05	860	754	0.012381109378487054	1.6420569467489462e-05	2.367706510389271e-05	2.367706510389271e-05	9.0	0.010465116279069767
chr17	chr17	2472	61800000	2.3673459683771647e-05	859	754	0.013718342796885856	1.819408859003429e-05	2.3673459683771647e-05	2.3673459683771647e-05	10.0	0.011641443538998836
chr17	chr17	2473	61825000	2.3669856270540583e-05	858	752	0.007160803135437583	9.522344594996787e-06	2.3669856270540583e-05	2.3669856270540583e-05	6.0	0.006993006993006993
chr17	chr17	2474	61850000	2.36662548622715e-05	857	750	0.010650875641786272	1.4201167522381697e-05	2.36662548622715e-05	2.36662548622715e-05	8.0	0.009334889148191364
chr17	chr17	2475	61875000	2.366265545703914e-05	856	750	0.01746658243210398	2.328877657613864e-05	2.366265545703914e-05	2.366265545703914e-05	13.0	0.015186915887850467
chr17	chr17	2476	61900000	2.3659058052920772e-05	855	748	0.006092058805943379	8.14446364430933e-06	2.3659058052920772e-05	2.3659058052920772e-05	4.0	0.004678362573099415
chr17	chr17	2477	61925000	2.3655462647996397e-05	854	747	0.019835545817952303	2.65536088593739e-05	2.3655462647996397e-05	2.3655462647996397e-05	14.0	0.01639344262295082
chr17	chr17	2478	61950000	2.3651869240348507e-05	853	747	0.010719914991328456	1.4350622478351347e-05	2.3651869240348507e-05	2.3651869240348507e-05	8.0	0.009378663540445486
chr17	chr17	2479	61975000	2.3648277828062285e-05	852	747	0.004948313181273956	6.624247899965135e-06	2.3648277828062285e-05	2.3648277828062285e-05	3.0	0.0035211267605633804
chr17	chr17	2480	62000000	2.364468840922553e-05	851	746	0.015328282386214875	2.054729542388053e-05	2.364468840922553e-05	2.364468840922553e-05	9.0	0.010575793184488837
chr17	chr17	2481	62025000	2.3641100981928578e-05	850	745	0.014292494189054124	1.9184555958461913e-05	2.3641100981928578e-05	2.3641100981928578e-05	11.0	0.012941176470588235
chr17	chr17	2482	62050000	2.3638059186322696e-05	849	744	0.014408369490609143	1.9366088025012288e-05	2.3638059186322696e-05	2.3638059186322696e-05	11.0	0.012956419316843345
chr17	chr17	2483	62075000	2.3635019007150088e-05	848	742	0.0087872988276768	1.184272079201725e-05	2.3635019007150088e-05	2.3635019007150088e-05	7.0	0.008254716981132075
chr17	chr17	2484	62100000	2.3631980442901214e-05	847	741	0.006290301669118209	8.488936125665599e-06	2.3631980442901214e-05	2.3631980442901214e-05	5.0	0.0059031877213695395
chr17	chr17	2485	62125000	2.3628943492068704e-05	846	741	0.011457683508650621	1.546246087537196e-05	2.3628943492068704e-05	2.3628943492068704e-05	8.0	0.009456264775413711
chr17	chr17	2486	62150000	2.3625908153147086e-05	845	741	0.012922237846067922	1.7438917471076818e-05	2.3625908153147086e-05	2.3625908153147086e-05	9.0	0.010650887573964497
chr17	chr17	2487	62175000	2.3622874424632947e-05	844	740	0.010488217967358732	1.4173267523457747e-05	2.3622874424632947e-05	2.3622874424632947e-05	9.0	0.01066350710900474
chr17	chr17	2488	62200000	2.361984230502485e-05	843	739	0.016545905822267778	2.2389588392784543e-05	2.361984230502485e-05	2.361984230502485e-05	12.0	0.014234875444839857
chr17	chr17	2489	62225000	2.361681179282337e-05	842	738	0.012562354493532438	1.7022160560342058e-05	2.361681179282337e-05	2.361681179282337e-05	9.0	0.010688836104513063
chr17	chr17	2490	62250000	2.3613782886531122e-05	841	737	0.010956525352359187	1.4866384467244487e-05	2.3613782886531122e-05	2.3613782886531122e-05	8.0	0.009512485136741973
chr17	chr17	2491	62275000	2.361075558465264e-05	840	737	0.01856444467411361	2.5189205799340042e-05	2.361075558465264e-05	2.361075558465264e-05	12.0	0.014285714285714285
chr17	chr17	2492	62300000	2.3607729885694547e-05	839	737	0.016043955524198537	2.1769274795384718e-05	2.3607729885694547e-05	2.3607729885694547e-05	13.0	0.015494636471990465
chr17	chr17	2493	62325000	2.360470578816535e-05	838	738	0.011741077158018216	1.5909318642301106e-05	2.360470578816535e-05	2.360470578816535e-05	7.0	0.008353221957040573
chr17	chr17	2494	62350000	2.360168329057561e-05	837	739	0.008267480321982143	1.118738879835202e-05	2.360168329057561e-05	2.360168329057561e-05	6.0	0.007168458781362007
chr17	chr17	2495	62375000	2.3598662391437846e-05	836	740	0.010666441526062978	1.4414110170355377e-05	2.3598662391437846e-05	2.3598662391437846e-05	7.0	0.008373205741626795
chr17	chr17	2496	62400000	2.3595643089266562e-05	835	741	0.014223462872804052	1.919495664346026e-05	2.3595643089266562e-05	2.3595643089266562e-05	9.0	0.010778443113772455
chr17	chr17	2497	62425000	2.359262538257823e-05	834	740	0.01424873203791043	1.9255043294473554e-05	2.359262538257823e-05	2.359262538257823e-05	9.0	0.01079136690647482
chr17	chr17	2498	62450000	2.358960926989131e-05	833	739	0.01253872943595841	1.696715755880705e-05	2.358960926989131e-05	2.358960926989131e-05	9.0	0.010804321728691477
chr17	chr17	2499	62475000	2.3586594749726218e-05	832	739	0.009062009708225141	1.2262530051725495e-05	2.3586594749726218e-05	2.3586594749726218e-05	7.0	0.008413461538461538
chr17	chr17	2500	62500000	2.3583581820605316e-05	831	739	0.01238578389505818	1.6760194715910932e-05	2.3583581820605316e-05	2.3583581820605316e-05	9.0	0.010830324909747292
chr17	chr17	2501	62525000	2.3580570481052986e-05	830	740	0.009456678859876803	1.2779295756590274e-05	2.3580570481052986e-05	2.3580570481052986e-05	7.0	0.008433734939759036
chr17	chr17	2502	62550000	2.3577560729595502e-05	829	741	0.007996872987740222	1.0792001332982755e-05	2.3577560729595502e-05	2.3577560729595502e-05	6.0	0.007237635705669481
chr17	chr17	2503	62575000	2.357455256476112e-05	828	741	0.013883552286601982	1.87362379036464e-05	2.357455256476112e-05	2.357455256476112e-05	10.0	0.012077294685990338
chr17	chr17	2504	62600000	2.357154598508004e-05	827	741	0.017596930376961042	2.374754436836848e-05	2.357154598508004e-05	2.357154598508004e-05	12.0	0.014510278113663845
chr17	chr17	2505	62625000	2.3568540989084448e-05	826	741	0.018572206631523057	2.5063706655226797e-05	2.3568540989084448e-05	2.3568540989084448e-05	12.0	0.014527845036319613
chr17	chr17	2506	62650000	2.356553757530841e-05	825	741	0.01148491344034001	1.5499208421511486e-05	2.356553757530841e-05	2.356553757530841e-05	7.0	0.008484848484848486
chr17	chr17	2507	62675000	2.356253574228797e-05	824	741	0.015016112412915191	2.026465912674115e-05	2.356253574228797e-05	2.356253574228797e-05	10.0	0.012135922330097087
chr17	chr17	2508	62700000	2.3559535488561143e-05	823	741	0.009442655074630858	1.2743124257261617e-05	2.3559535488561143e-05	2.3559535488561143e-05	6.0	0.007290400972053463
chr17	chr17	2509	62725000	2.3556536812667807e-05	822	741	0.01611461495791978	2.1747118701646128e-05	2.3556536812667807e-05	2.3556536812667807e-05	11.0	0.01338199513381995
chr17	chr17	2510	62750000	2.3553539713149802e-05	821	740	0.013303867974080825	1.7978199964974087e-05	2.3553539713149802e-05	2.3553539713149802e-05	11.0	0.013398294762484775
chr17	chr17	2511	62775000	2.3550544188550914e-05	820	739	0.00702790137936692	9.510015398331421e-06	2.3550544188550914e-05	2.3550544188550914e-05	5.0	0.006097560975609756
chr17	chr17	2512	62800000	2.354755023741684e-05	819	739	0.013667584256843184	1.8494701294781032e-05	2.354755023741684e-05	2.354755023741684e-05	10.0	0.01221001221001221
chr17	chr17	2513	62825000	2.3544557858295193e-05	818	739	0.018164538248010013	2.45798893748444e-05	2.3544557858295193e-05	2.3544557858295193e-05	11.0	0.013447432762836185
chr17	chr17	2514	62850000	2.35415670497355e-05	817	740	0.007838033876005157	1.059193767027724e-05	2.35415670497355e-05	2.35415670497355e-05	7.0	0.008567931456548347
chr17	chr17	2515	62875000	2.3538577810289206e-05	816	740	0.012522525579581476	1.692233186429929e-05	2.3538577810289206e-05	2.3538577810289206e-05	8.0	0.00980392156862745
chr17	chr17	2516	62900000	2.353559013850972e-05	815	739	0.005921465042226394	8.012807905583754e-06	2.353559013850972e-05	2.353559013850972e-05	5.0	0.006134969325153374
chr17	chr17	2517	62925000	2.353260403295225e-05	814	739	0.01609522545050132	2.1779736739514643e-05	2.353260403295225e-05	2.353260403295225e-05	11.0	0.013513513513513514
chr17	chr17	2518	62950000	2.3529619492174e-05	813	739	0.018236489674355046	2.4677252603998707e-05	2.3529619492174e-05	2.3529619492174e-05	12.0	0.014760147601476014
chr17	chr17	2519	62975000	2.3526636514734042e-05	812	738	0.019622556996631894	2.6588830618742403e-05	2.3526636514734042e-05	2.3526636514734042e-05	15.0	0.01847290640394089
chr17	chr17	2520	63000000	2.3523655099193355e-05	811	737	0.010673244765031514	1.448201460655565e-05	2.3523655099193355e-05	2.3523655099193355e-05	8.0	0.009864364981504316
chr17	chr17	2521	63025000	2.352067524411481e-05	810	736	0.00805904315180267	1.0949786891036236e-05	2.352067524411481e-05	2.352067524411481e-05	6.0	0.007407407407407408
chr17	chr17	2522	63050000	2.3517696948063133e-05	809	735	0.01605408113127792	2.1842287253439346e-05	2.3517696948063133e-05	2.3517696948063133e-05	10.0	0.012360939431396786
chr17	chr17	2523	63075000	2.351472020960501e-05	808	733	0.013458641899882318	1.836103942685173e-05	2.351472020960501e-05	2.351472020960501e-05	9.0	0.011138613861386138
chr17	chr17	2524	63100000	2.3511745027308976e-05	807	732	0.008984016654669913	1.227324679599715e-05	2.3511745027308976e-05	2.3511745027308976e-05	7.0	0.008674101610904586
chr17	chr17	2525	63125000	2.3508771399745407e-05	806	731	0.018384305921621817	2.514952930454421e-05	2.3508771399745407e-05	2.3508771399745407e-05	13.0	0.016129032258064516
chr17	chr17	2526	63150000	2.350579932548663e-05	805	730	0.010327711881130141	1.4147550522096084e-05	2.350579932548663e-05	2.350579932548663e-05	7.0	0.008695652173913044
chr17	chr17	2527	63175000	2.3502828803106833e-05	804	729	0.018686237182273753	2.5632698466767837e-05	2.3502828803106833e-05	2.3502828803106833e-05	12.0	0.014925373134328358
chr17	chr17	2528	63200000	2.3499859831182006e-05	803	728	0.00995325772415234	1.3672057313396073e-05	2.3499859831182006e-05	2.3499859831182006e-05	7.0	0.008717310087173101
chr17	chr17	2529	63225000	2.3496892408290094e-05	802	727	0.014603627813691605	2.008752106422504e-05	2.3496892408290094e-05	2.3496892408290094e-05	11.0	0.01371571072319202
chr17	chr17	2530	63250000	2.3493926533010878e-05	801	727	0.015248653386699973	2.097476394319116e-05	2.3493926533010878e-05	2.3493926533010878e-05	10.0	0.012484394506866416
chr17	chr17	2531	63275000	2.3490962203926003e-05	800	726	0.022271604697703434	3.0677141456891784e-05	2.3490962203926003e-05	2.3490962203926003e-05	15.0	0.01875
chr17	chr17	2532	63300000	2.3487999419618943e-05	799	725	0.013021458399990993	1.7960632275849645e-05	2.3487999419618943e-05	2.3487999419618943e-05	10.0	0.012515644555694618
chr17	chr17	2533	63325000	2.3485038178675068e-05	798	724	0.011838730743255789	1.6351838043170978e-05	2.3485038178675068e-05	2.3485038178675068e-05	10.0	0.012531328320802004
chr17	chr17	2534	63350000	2.3482078479681602e-05	797	723	0.00547258069924444	7.5692679104349094e-06	2.3482078479681602e-05	2.3482078479681602e-05	4.0	0.005018820577164366
chr17	chr17	2535	63375000	2.34791203212276e-05	796	722	0.005327974248148636	7.379465717657391e-06	2.34791203212276e-05	2.34791203212276e-05	4.0	0.005025125628140704
chr17	chr17	2536	63400000	2.347616370190393e-05	795	721	0.0065098881149512795	9.028971033219528e-06	2.347616370190393e-05	2.347616370190393e-05	5.0	0.006289308176100629
chr17	chr17	2537	63425000	2.3473208620303406e-05	794	719	0.0051790922995190065	7.203188177356059e-06	2.3473208620303406e-05	2.3473208620303406e-05	4.0	0.005037783375314861
chr17	chr17	2538	63450000	2.347025507502058e-05	793	717	0.005141163116459327	7.170380915563915e-06	2.347025507502058e-05	2.347025507502058e-05	4.0	0.005044136191677175
chr17	chr17	2539	63475000	2.346730306465189e-05	792	716	0.011993050679307239	1.675007078115536e-05	2.346730306465189e-05	2.346730306465189e-05	9.0	0.011363636363636364
chr17	chr17	2540	63500000	2.34648857301977e-05	791	715	0.009286116845494394	1.2987576007684466e-05	2.34648857301977e-05	2.34648857301977e-05	7.0	0.008849557522123894
chr17	chr17	2541	63525000	2.3462469596121988e-05	790	714	0.006703081337679547	9.388069100391523e-06	2.3462469596121988e-05	2.3462469596121988e-05	6.0	0.007594936708860759
chr17	chr17	2542	63550000	2.346005466135661e-05	789	713	0.0021888742952526504	3.0699499232154983e-06	2.346005466135661e-05	2.346005466135661e-05	2.0	0.0025348542458808617
chr17	chr17	2543	63575000	2.3457640924834848e-05	788	712	0.01482000726864463	2.0814616950343583e-05	2.3457640924834848e-05	2.3457640924834848e-05	11.0	0.013959390862944163
chr17	chr17	2544	63600000	2.345522838549131e-05	787	711	0.01228394520879014	1.72769974807175e-05	2.345522838549131e-05	2.345522838549131e-05	9.0	0.011435832274459974
chr17	chr17	2545	63625000	2.3452817042261936e-05	786	710	0.010634918196504367	1.4978758023245587e-05	2.3452817042261936e-05	2.3452817042261936e-05	8.0	0.010178117048346057
chr17	chr17	2546	63650000	2.3450406894084094e-05	785	709	0.00878379872185834	1.2388996786824174e-05	2.3450406894084094e-05	2.3450406894084094e-05	7.0	0.008917197452229299
chr17	chr17	2547	63675000	2.3447997939896478e-05	784	708	0.009280660779897597	1.3108277937708471e-05	2.3447997939896478e-05	2.3447997939896478e-05	7.0	0.008928571428571428
chr17	chr17	2548	63700000	2.3445590178639144e-05	783	707	0.016509090003261437	2.3350905237993545e-05	2.3445590178639144e-05	2.3445590178639144e-05	12.0	0.01532567049808429
chr17	chr17	2549	63725000	2.3443183609253553e-05	782	705	0.004962991607413557	7.039704407678804e-06	2.3443183609253553e-05	2.3443183609253553e-05	5.0	0.00639386189258312
chr17	chr17	2550	63750000	2.3440778230682424e-05	781	705	0.020006379252342076	2.8377842911123512e-05	2.3440778230682424e-05	2.3440778230682424e-05	14.0	0.01792573623559539
chr17	chr17	2551	63775000	2.3438374041869904e-05	780	704	0.015315387577914603	2.175481190044688e-05	2.3438374041869904e-05	2.3438374041869904e-05	11.0	0.014102564102564103
chr17	chr17	2552	63800000	2.343597104176145e-05	779	703	0.008846693570494415	1.2584201380504146e-05	2.343597104176145e-05	2.343597104176145e-05	7.0	0.008985879332477536
chr17	chr17	2553	63825000	2.3433569229303915e-05	778	702	0.009943966651821175	1.4165194660713925e-05	2.3433569229303915e-05	2.3433569229303915e-05	7.0	0.008997429305912597
chr17	chr17	2554	63850000	2.3431168603445414e-05	777	701	0.01824462057013282	2.6026562867521853e-05	2.3431168603445414e-05	2.3431168603445414e-05	13.0	0.01673101673101673
chr17	chr17	2555	63875000	2.3428769163135534e-05	776	700	0.008388089348922708	1.1982984784175298e-05	2.3428769163135534e-05	2.3428769163135534e-05	5.0	0.006443298969072165
chr17	chr17	2556	63900000	2.342637090732506e-05	775	699	0.01209578456645893	1.7304412827552117e-05	2.342637090732506e-05	2.342637090732506e-05	10.0	0.012903225806451613
chr17	chr17	2557	63925000	2.3423973834966174e-05	774	698	0.008803074763792322	1.2611854962453183e-05	2.3423973834966174e-05	2.3423973834966174e-05	7.0	0.00904392764857881
chr17	chr17	2558	63950000	2.3421577945012433e-05	773	697	0.008335593171201654	1.19592441480655e-05	2.3421577945012433e-05	2.3421577945012433e-05	6.0	0.007761966364812419
chr17	chr17	2559	63975000	2.341918323641869e-05	772	697	0.014557351376620925	2.0885726508781815e-05	2.341918323641869e-05	2.341918323641869e-05	11.0	0.014248704663212436
chr17	chr17	2560	64000000	2.3416789708141132e-05	771	697	0.008151146237277246	1.1694614400684716e-05	2.3416789708141132e-05	2.3416789708141132e-05	6.0	0.007782101167315175
chr17	chr17	2561	64025000	2.3414397359137283e-05	770	697	0.012880267928860368	1.84795809596275e-05	2.3414397359137283e-05	2.3414397359137283e-05	9.0	0.011688311688311689
chr17	chr17	2562	64050000	2.3412006188365974e-05	769	697	0.01290630739135178	1.8516940303230675e-05	2.3412006188365974e-05	2.3412006188365974e-05	9.0	0.011703511053315995
chr17	chr17	2563	64075000	2.3409616194787384e-05	768	697	0.00996108975921296	1.4291376985958334e-05	2.3409616194787384e-05	2.3409616194787384e-05	7.0	0.009114583333333334
chr17	chr17	2564	64100000	2.3407227377363016e-05	767	697	0.011357584135968286	1.6294955718749332e-05	2.3407227377363016e-05	2.3407227377363016e-05	8.0	0.010430247718383311
chr17	chr17	2565	64125000	2.3404839735055693e-05	766	697	0.016057498767913445	2.3038018318383708e-05	2.3404839735055693e-05	2.3404839735055693e-05	12.0	0.015665796344647518
chr17	chr17	2566	64150000	2.340245326682951e-05	765	697	0.010187957778517814	1.4616869122694138e-05	2.340245326682951e-05	2.340245326682951e-05	8.0	0.01045751633986928
chr17	chr17	2567	64175000	2.340006797164997e-05	764	697	0.012750910333967677	1.8293989001388346e-05	2.340006797164997e-05	2.340006797164997e-05	8.0	0.010471204188481676
chr17	chr17	2568	64200000	2.339768384848379e-05	763	696	0.011874178970422691	1.706060196899812e-05	2.339768384848379e-05	2.339768384848379e-05	9.0	0.011795543905635648
chr17	chr17	2569	64225000	2.339530089629908e-05	762	695	0.01406857415275587	2.024255273777823e-05	2.339530089629908e-05	2.339530089629908e-05	11.0	0.014435695538057743
chr17	chr17	2570	64250000	2.33929191140652e-05	761	694	0.01704663085045436	2.456286866059706e-05	2.33929191140652e-05	2.33929191140652e-05	11.0	0.01445466491458607
chr17	chr17	2571	64275000	2.3390538500752895e-05	760	693	0.013621553726841594	1.9655921683754103e-05	2.3390538500752895e-05	2.3390538500752895e-05	11.0	0.014473684210526316
chr17	chr17	2572	64300000	2.3388159055334103e-05	759	693	0.005361782932284646	7.737060508347253e-06	2.3388159055334103e-05	2.3388159055334103e-05	5.0	0.006587615283267457
chr17	chr17	2573	64325000	2.3385780776782126e-05	758	693	0.015747763249900355	2.2724045093651308e-05	2.3385780776782126e-05	2.3385780776782126e-05	10.0	0.013192612137203167
chr17	chr17	2574	64350000	2.338340366407165e-05	757	692	0.005004503079834514	7.231940866812882e-06	2.338340366407165e-05	2.338340366407165e-05	4.0	0.005284015852047556
chr17	chr17	2575	64375000	2.3381027716178486e-05	756	692	0.011855952301679868	1.713287904867033e-05	2.3381027716178486e-05	2.3381027716178486e-05	9.0	0.011904761904761904
chr17	chr17	2576	64400000	2.337865293207988e-05	755	692	0.014381319194790097	2.078225317166199e-05	2.337865293207988e-05	2.337865293207988e-05	10.0	0.013245033112582781
chr17	chr17	2577	64425000	2.3376279310754302e-05	754	692	0.011452675384712056	1.6550108937445167e-05	2.3376279310754302e-05	2.3376279310754302e-05	8.0	0.010610079575596816
chr17	chr17	2578	64450000	2.337390685118157e-05	753	692	0.014476376627949827	2.0919619404551773e-05	2.337390685118157e-05	2.337390685118157e-05	11.0	0.014608233731739707
chr17	chr17	2579	64475000	2.337153555234276e-05	752	691	0.007407381928132519	1.0719800185430562e-05	2.337153555234276e-05	2.337153555234276e-05	6.0	0.007978723404255319
chr17	chr17	2580	64500000	2.3369165413220196e-05	751	690	0.01342621416152582	1.945828139351568e-05	2.3369165413220196e-05	2.3369165413220196e-05	9.0	0.011984021304926764
chr17	chr17	2581	64525000	2.3366796432797566e-05	750	690	0.012962753740207104	1.8786599623488557e-05	2.3366796432797566e-05	2.3366796432797566e-05	10.0	0.013333333333333334
chr17	chr17	2582	64550000	2.3364428610059806e-05	749	690	0.0188424571472596	2.7307908909071885e-05	2.3364428610059806e-05	2.3364428610059806e-05	14.0	0.018691588785046728
chr17	chr17	2583	64575000	2.3362061943993132e-05	748	690	0.004559561765004246	6.608060528991661e-06	2.3362061943993132e-05	2.3362061943993132e-05	5.0	0.0066844919786096255
chr17	chr17	2584	64600000	2.3359696433585017e-05	747	690	0.0014803006626739432	2.145363279237599e-06	2.3359696433585017e-05	2.3359696433585017e-05	1.0	0.0013386880856760374
chr17	chr17	2585	64625000	2.335733207782427e-05	746	690	0.008513156825587004	1.2337908442879716e-05	2.335733207782427e-05	2.335733207782427e-05	5.0	0.006702412868632708
chr17	chr17	2586	64650000	2.335496887570091e-05	745	691	0.01587775312626786	2.2977935059721936e-05	2.335496887570091e-05	2.335496887570091e-05	11.0	0.01476510067114094
chr17	chr17	2587	64675000	2.3352606826206278e-05	744	692	0.01243341516406366	1.796736295384922e-05	2.3352606826206278e-05	2.3352606826206278e-05	9.0	0.012096774193548387
chr17	chr17	2588	64700000	2.3350245928332994e-05	743	693	0.006413442456701497	9.25460671962698e-06	2.3350245928332994e-05	2.3350245928332994e-05	5.0	0.006729475100942127
chr17	chr17	2589	64725000	2.334788618107487e-05	742	694	0.01024039347962026	1.4755610201181932e-05	2.334788618107487e-05	2.334788618107487e-05	7.0	0.009433962264150943
chr17	chr17	2590	64750000	2.33455275834271e-05	741	695	0.013335119179859991	1.9187221841525165e-05	2.33455275834271e-05	2.33455275834271e-05	8.0	0.010796221322537112
chr17	chr17	2591	64775000	2.3343170134386048e-05	740	696	0.015348472834183335	2.205240349738985e-05	2.3343170134386048e-05	2.3343170134386048e-05	11.0	0.014864864864864866
chr17	chr17	2592	64800000	2.3340813832949362e-05	739	697	0.00694502394008392	9.964166341583817e-06	2.3340813832949362e-05	2.3340813832949362e-05	5.0	0.006765899864682003
chr17	chr17	2593	64825000	2.333845867811595e-05	738	697	0.012829246587563854	1.840637960913035e-05	2.333845867811595e-05	2.333845867811595e-05	9.0	0.012195121951219513
chr17	chr17	2594	64850000	2.333610466888607e-05	737	696	0.010880136412668554	1.5632379903259417e-05	2.333610466888607e-05	2.333610466888607e-05	8.0	0.010854816824966078
chr17	chr17	2595	64875000	2.3333751804261083e-05	736	695	0.010341084826333394	1.4879258742925747e-05	2.3333751804261083e-05	2.3333751804261083e-05	9.0	0.012228260869565218
chr17	chr17	2596	64900000	2.3331400083243726e-05	735	695	0.010479221592897771	1.5078016680428449e-05	2.3331400083243726e-05	2.3331400083243726e-05	8.0	0.010884353741496598
chr17	chr17	2597	64925000	2.33290495048379e-05	734	695	0.003927278561042802	5.650760519486046e-06	2.33290495048379e-05	2.33290495048379e-05	3.0	0.004087193460490463
chr17	chr17	2598	64950000	2.3326700068048856e-05	733	694	0.011308470613595658	1.6294626244374148e-05	2.3326700068048856e-05	2.3326700068048856e-05	8.0	0.010914051841746248
chr17	chr17	2599	64975000	2.3324351771882994e-05	732	693	0.0069911626370852496	1.008825777357179e-05	2.3324351771882994e-05	2.3324351771882994e-05	5.0	0.006830601092896175
chr17	chr17	2600	65000000	2.3322522174526215e-05	731	692	0.016230973995598943	2.3455164733524485e-05	2.3322522174526215e-05	2.3322522174526215e-05	12.0	0.016415868673050615
chr17	chr17	2601	65025000	2.332069342415907e-05	730	691	0.007421829900639348	1.074070897342887e-05	2.332069342415907e-05	2.332069342415907e-05	5.0	0.00684931506849315
chr17	chr17	2602	65050000	2.3318865520064036e-05	729	690	0.006030874979591897	8.740398521147676e-06	2.3318865520064036e-05	2.3318865520064036e-05	5.0	0.006858710562414266
chr17	chr17	2603	65075000	2.3317038461524425e-05	728	689	0.012679811514818307	1.8403209745745003e-05	2.3317038461524425e-05	2.3317038461524425e-05	9.0	0.012362637362637362
chr17	chr17	2604	65100000	2.3315212247824574e-05	727	687	0.007609197882663868	1.1075979450747988e-05	2.3315212247824574e-05	2.3315212247824574e-05	6.0	0.008253094910591471
chr17	chr17	2605	65125000	2.3313386878249535e-05	726	685	0.0030439803407060297	4.44376692073873e-06	2.3313386878249535e-05	2.3313386878249535e-05	2.0	0.0027548209366391185
chr17	chr17	2606	65150000	2.331156235208535e-05	725	684	0.007599506253590887	1.11103892596358e-05	2.331156235208535e-05	2.331156235208535e-05	5.0	0.006896551724137931
chr17	chr17	2607	65175000	2.3309738668618896e-05	724	683	0.009380873951697373	1.3734808128400254e-05	2.3309738668618896e-05	2.3309738668618896e-05	7.0	0.009668508287292817
chr17	chr17	2608	65200000	2.3307915827137944e-05	723	682	0.012203626310450532	1.7893880220601952e-05	2.3307915827137944e-05	2.3307915827137944e-05	9.0	0.012448132780082987
chr17	chr17	2609	65225000	2.330609382693114e-05	722	682	0.011941882861768656	1.7510092172681312e-05	2.330609382693114e-05	2.330609382693114e-05	9.0	0.012465373961218837
chr17	chr17	2610	65250000	2.3304272667287944e-05	721	681	0.013038092474973978	1.9145510242252537e-05	2.3304272667287944e-05	2.3304272667287944e-05	8.0	0.011095700416088766
chr17	chr17	2611	65275000	2.330245234749881e-05	720	680	0.004245124575905229	6.24283025868416e-06	2.330245234749881e-05	2.330245234749881e-05	3.0	0.004166666666666667
chr17	chr17	2612	65300000	2.3300632866854907e-05	719	679	0.012152245786990283	1.789726920028024e-05	2.3300632866854907e-05	2.3300632866854907e-05	9.0	0.012517385257301807
chr17	chr17	2613	65325000	2.3298814224648418e-05	718	678	0.01464204105850548	2.1595930764757344e-05	2.3298814224648418e-05	2.3298814224648418e-05	10.0	0.013927576601671309
chr17	chr17	2614	65350000	2.3296996420172306e-05	717	677	0.006179491426323607	9.127756907420395e-06	2.3296996420172306e-05	2.3296996420172306e-05	5.0	0.00697350069735007
chr17	chr17	2615	65375000	2.3295179452720434e-05	716	676	0.013612604201246952	2.0136988463383066e-05	2.3295179452720434e-05	2.3295179452720434e-05	11.0	0.015363128491620111
chr17	chr17	2616	65400000	2.329336332158751e-05	715	675	0.01464578883246771	2.16974649369892e-05	2.329336332158751e-05	2.329336332158751e-05	11.0	0.015384615384615385
chr17	chr17	2617	65425000	2.3291548026069157e-05	714	673	0.012075257150613538	1.7942432616067663e-05	2.3291548026069157e-05	2.3291548026069157e-05	10.0	0.014005602240896359
chr17	chr17	2618	65450000	2.3289733565461762e-05	713	672	0.006542102084232018	9.7352709586786e-06	2.3289733565461762e-05	2.3289733565461762e-05	5.0	0.0070126227208976155
chr17	chr17	2619	65475000	2.3287919939062657e-05	712	671	0.003767703845868495	5.6150578925014824e-06	2.3287919939062657e-05	2.3287919939062657e-05	3.0	0.004213483146067416
chr17	chr17	2620	65500000	2.328610714617003e-05	711	670	0.00835123109786653	1.2464524026666462e-05	2.328610714617003e-05	2.328610714617003e-05	6.0	0.008438818565400843
chr17	chr17	2621	65525000	2.3284295186082896e-05	710	669	0.013256229510581124	1.9814991794590618e-05	2.3284295186082896e-05	2.3284295186082896e-05	10.0	0.014084507042253521
chr17	chr17	2622	65550000	2.328248405810111e-05	709	668	0.005637172739653119	8.438881346786106e-06	2.328248405810111e-05	2.328248405810111e-05	4.0	0.005641748942172073
chr17	chr17	2623	65575000	2.3280673761525413e-05	708	667	0.00953264994965149	1.429182900997225e-05	2.3280673761525413e-05	2.3280673761525413e-05	6.0	0.00847457627118644
chr17	chr17	2624	65600000	2.3278864295657423e-05	707	666	0.006739541838138519	1.0119432189397174e-05	2.3278864295657423e-05	2.3278864295657423e-05	5.0	0.007072135785007072
chr17	chr17	2625	65625000	2.327705565979955e-05	706	665	0.011106834801102153	1.6702007219702484e-05	2.327705565979955e-05	2.327705565979955e-05	8.0	0.0113314447592068
chr17	chr17	2626	65650000	2.327524785325514e-05	705	664	0.00977897761069656	1.4727375919723737e-05	2.327524785325514e-05	2.327524785325514e-05	7.0	0.009929078014184398
chr17	chr17	2627	65675000	2.327344087532826e-05	704	663	0.007699387202935557	1.1612952040626782e-05	2.327344087532826e-05	2.327344087532826e-05	6.0	0.008522727272727272
chr17	chr17	2628	65700000	2.327163472532395e-05	703	662	0.012411681160701819	1.8748763082631145e-05	2.327163472532395e-05	2.327163472532395e-05	9.0	0.012802275960170697
chr17	chr17	2629	65725000	2.3269829402548056e-05	702	661	0.013553020031066409	2.0503812452445398e-05	2.3269829402548056e-05	2.3269829402548056e-05	10.0	0.014245014245014245
chr17	chr17	2630	65750000	2.3268024906307243e-05	701	660	0.009165557163058589	1.3887207822816044e-05	2.3268024906307243e-05	2.3268024906307243e-05	7.0	0.009985734664764621
chr17	chr17	2631	65775000	2.3266221235909055e-05	700	659	0.015458426567010698	2.345739994994036e-05	2.3266221235909055e-05	2.3266221235909055e-05	11.0	0.015714285714285715
chr17	chr17	2632	65800000	2.3264418390661844e-05	699	658	0.004925680298376389	7.485836319720955e-06	2.3264418390661844e-05	2.3264418390661844e-05	4.0	0.005722460658082976
chr17	chr17	2633	65825000	2.3262616369874816e-05	698	657	0.008688899682891974	1.3225113672590524e-05	2.3262616369874816e-05	2.3262616369874816e-05	6.0	0.008595988538681949
chr17	chr17	2634	65850000	2.3260815172858076e-05	697	656	0.017612818737611436	2.6848809051236946e-05	2.3260815172858076e-05	2.3260815172858076e-05	14.0	0.020086083213773313
chr17	chr17	2635	65875000	2.325901479892248e-05	696	656	0.007684160810747602	1.17136597724811e-05	2.325901479892248e-05	2.325901479892248e-05	6.0	0.008620689655172414
chr17	chr17	2636	65900000	2.325721524737977e-05	695	656	0.016939568158080526	2.5822512436098364e-05	2.325721524737977e-05	2.325721524737977e-05	12.0	0.017266187050359712
chr17	chr17	2637	65925000	2.3255416517542502e-05	694	655	0.012027450376245485	1.8362519658390054e-05	2.3255416517542502e-05	2.3255416517542502e-05	9.0	0.012968299711815562
chr17	chr17	2638	65950000	2.3253618608724113e-05	693	654	0.004234759482074087	6.475167403783007e-06	2.3253618608724113e-05	2.3253618608724113e-05	3.0	0.004329004329004329
chr17	chr17	2639	65975000	2.3251821520238767e-05	692	653	0.01817386873987878	2.7831345696598438e-05	2.3251821520238767e-05	2.3251821520238767e-05	13.0	0.01878612716763006
chr17	chr17	2640	66000000	2.3250025251401613e-05	691	652	0.017664043600722643	2.7092091412151294e-05	2.3250025251401613e-05	2.3250025251401613e-05	11.0	0.015918958031837915
chr17	chr17	2641	66025000	2.3248229801528492e-05	690	651	0.007834355374551447	1.2034340053074419e-05	2.3248229801528492e-05	2.3248229801528492e-05	6.0	0.008695652173913044
chr17	chr17	2642	66050000	2.3246435169936172e-05	689	650	0.008024653158858731	1.2345620244398049e-05	2.3246435169936172e-05	2.3246435169936172e-05	7.0	0.010159651669085631
chr17	chr17	2643	66075000	2.3244641355942187e-05	688	649	0.005385080269749354	8.297504267718574e-06	2.3244641355942187e-05	2.3244641355942187e-05	4.0	0.005813953488372093
chr17	chr17	2644	66100000	2.324284835886495e-05	687	647	0.004140852795955964	6.400081601168414e-06	2.324284835886495e-05	2.324284835886495e-05	3.0	0.004366812227074236
chr17	chr17	2645	66125000	2.324105617802363e-05	686	646	0.009123481425972855	1.4123036263115874e-05	2.324105617802363e-05	2.324105617802363e-05	6.0	0.008746355685131196
chr17	chr17	2646	66150000	2.3239264812738316e-05	685	646	0.010714362214802485	1.6585700022914063e-05	2.3239264812738316e-05	2.3239264812738316e-05	8.0	0.01167883211678832
chr17	chr17	2647	66175000	2.3237474262329835e-05	684	645	0.005170140118591195	8.015721114094876e-06	2.3237474262329835e-05	2.3237474262329835e-05	4.0	0.005847953216374269
chr17	chr17	2648	66200000	2.323568452611985e-05	683	645	0.010084592082648123	1.563502648472577e-05	2.323568452611985e-05	2.323568452611985e-05	8.0	0.01171303074670571
chr17	chr17	2649	66225000	2.3233895603430874e-05	682	644	0.005115074795702611	7.94266272624629e-06	2.3233895603430874e-05	2.3233895603430874e-05	4.0	0.005865102639296188
chr17	chr17	2650	66250000	2.3232107493586244e-05	681	642	0.011831250893361466	1.842873970928577e-05	2.3232107493586244e-05	2.3232107493586244e-05	9.0	0.013215859030837005
chr17	chr17	2651	66275000	2.3230320195910093e-05	680	640	0.016623107493659695	2.5973605458843272e-05	2.3230320195910093e-05	2.3230320195910093e-05	12.0	0.01764705882352941
chr17	chr17	2652	66300000	2.322853370972735e-05	679	639	0.013175275192172431	2.0618584025308967e-05	2.322853370972735e-05	2.322853370972735e-05	9.0	0.013254786450662739
chr17	chr17	2653	66325000	2.3226748034363812e-05	678	638	0.011123496702109957	1.7434947808949777e-05	2.3226748034363812e-05	2.3226748034363812e-05	7.0	0.01032448377581121
chr17	chr17	2654	66350000	2.3224963169146077e-05	677	638	0.009150600174154946	1.4342633501810259e-05	2.3224963169146077e-05	2.3224963169146077e-05	6.0	0.008862629246676515
chr17	chr17	2655	66375000	2.3223179113401514e-05	676	638	0.005593330645881607	8.766975933983711e-06	2.3223179113401514e-05	2.3223179113401514e-05	4.0	0.005917159763313609
chr17	chr17	2656	66400000	2.322139586645832e-05	675	638	0.013050736262786838	2.0455699471452723e-05	2.322139586645832e-05	2.322139586645832e-05	9.0	0.013333333333333334
chr17	chr17	2657	66425000	2.3219613427645542e-05	674	637	0.008791648232992288	1.38016455776959e-05	2.3219613427645542e-05	2.3219613427645542e-05	7.0	0.010385756676557863
chr17	chr17	2658	66450000	2.3217831796292975e-05	673	638	0.011044592069365177	1.7311272835995578e-05	2.3217831796292975e-05	2.3217831796292975e-05	8.0	0.01188707280832095
chr17	chr17	2659	66475000	2.3216050971731314e-05	672	638	0.010268343742289725	1.6094582668165715e-05	2.3216050971731314e-05	2.3216050971731314e-05	7.0	0.010416666666666666
chr17	chr17	2660	66500000	2.3214270953291947e-05	671	638	0.010696934799022303	1.6766355484360977e-05	2.3214270953291947e-05	2.3214270953291947e-05	8.0	0.011922503725782414
chr17	chr17	2661	66525000	2.3212985919711405e-05	670	638	0.008100462547502213	1.2696649760975256e-05	2.3212985919711405e-05	2.3212985919711405e-05	6.0	0.008955223880597015
chr17	chr17	2662	66550000	2.3211701440047327e-05	669	637	0.00568428473054679	8.923523909806577e-06	2.3211701440047327e-05	2.3211701440047327e-05	4.0	0.005979073243647235
chr17	chr17	2663	66575000	2.3210417513852985e-05	668	635	0.017971335305579383	2.8301315441857296e-05	2.3210417513852985e-05	2.3210417513852985e-05	13.0	0.019461077844311378
chr17	chr17	2664	66600000	2.320913414068216e-05	667	634	0.01248513001394866	1.9692634091401673e-05	2.320913414068216e-05	2.320913414068216e-05	10.0	0.014992503748125937
chr17	chr17	2665	66625000	2.3207851320089225e-05	666	633	0.004072079237366012	6.432984577197492e-06	2.3207851320089225e-05	2.3207851320089225e-05	3.0	0.0045045045045045045
chr17	chr17	2666	66650000	2.3206569051629048e-05	665	632	0.007120096452751122	1.1265975399922662e-05	2.3206569051629048e-05	2.3206569051629048e-05	5.0	0.007518796992481203
chr17	chr17	2667	66675000	2.3205287334856977e-05	664	631	0.011431083342261639	1.8115821461587384e-05	2.3205287334856977e-05	2.3205287334856977e-05	9.0	0.01355421686746988
chr17	chr17	2668	66700000	2.3204006169328984e-05	663	630	0.006363519599853102	1.010082476167159e-05	2.3204006169328984e-05	2.3204006169328984e-05	5.0	0.007541478129713424
chr17	chr17	2669	66725000	2.3202725554601506e-05	662	629	0.008740743000720357	1.38962527833392e-05	2.3202725554601506e-05	2.3202725554601506e-05	6.0	0.00906344410876133
chr17	chr17	2670	66750000	2.3201445490231442e-05	661	628	0.008177704959627222	1.3021823184119781e-05	2.3201445490231442e-05	2.3201445490231442e-05	5.0	0.007564296520423601
chr17	chr17	2671	66775000	2.3200165975776337e-05	660	627	0.006839854464334713	1.0908858794792205e-05	2.3200165975776337e-05	2.3200165975776337e-05	5.0	0.007575757575757576
chr17	chr17	2672	66800000	2.31988870107942e-05	659	626	0.014060164804716658	2.246032716408412e-05	2.31988870107942e-05	2.31988870107942e-05	9.0	0.013657056145675266
chr17	chr17	2673	66825000	2.3197608594843515e-05	658	625	0.011538904377737231	1.846224700437957e-05	2.3197608594843515e-05	2.3197608594843515e-05	8.0	0.0121580547112462
chr17	chr17	2674	66850000	2.319633072748334e-05	657	624	0.005303113276242233	8.498578968336912e-06	2.319633072748334e-05	2.319633072748334e-05	4.0	0.0060882800608828
chr17	chr17	2675	66875000	2.3195053408273278e-05	656	623	0.004400987297619868	7.064185068410704e-06	2.3195053408273278e-05	2.3195053408273278e-05	3.0	0.004573170731707317
chr17	chr17	2676	66900000	2.319377663677336e-05	655	622	0.005326193094720326	8.563011406302775e-06	2.319377663677336e-05	2.319377663677336e-05	4.0	0.0061068702290076335
chr17	chr17	2677	66925000	2.319250041254422e-05	654	621	0.010110710267272631	1.628133698433596e-05	2.319250041254422e-05	2.319250041254422e-05	8.0	0.012232415902140673
chr17	chr17	2678	66950000	2.3191224735146957e-05	653	620	0.005680486426421197	9.16207488132451e-06	2.3191224735146957e-05	2.3191224735146957e-05	4.0	0.006125574272588055
chr17	chr17	2679	66975000	2.318994960414321e-05	652	619	0.007230174847118785	1.1680411707784789e-05	2.318994960414321e-05	2.318994960414321e-05	5.0	0.007668711656441718
chr17	chr17	2680	67000000	2.3188675019095133e-05	651	618	0.011287314035764282	1.8264262193793335e-05	2.3188675019095133e-05	2.3188675019095133e-05	8.0	0.01228878648233487
chr17	chr17	2681	67025000	2.318740097956539e-05	650	617	0.012853402766680837	2.083209524583604e-05	2.318740097956539e-05	2.318740097956539e-05	10.0	0.015384615384615385
chr17	chr17	2682	67050000	2.3186127485117157e-05	649	616	0.01149376576146131	1.8658710651722907e-05	2.3186127485117157e-05	2.3186127485117157e-05	8.0	0.012326656394453005
chr17	chr17	2683	67075000	2.3184854535314085e-05	648	615	0.013971707860528572	2.2718224163461094e-05	2.3184854535314085e-05	2.3184854535314085e-05	10.0	0.015432098765432098
chr17	chr17	2684	67100000	2.318358212972041e-05	647	614	0.009494398948952478	1.5463190470606644e-05	2.318358212972041e-05	2.318358212972041e-05	7.0	0.010819165378670788
chr17	chr17	2685	67125000	2.3182310267900845e-05	646	613	0.01136832360954098	1.854538924884336e-05	2.3182310267900845e-05	2.3182310267900845e-05	8.0	0.01238390092879257
chr17	chr17	2686	67150000	2.3181038949420583e-05	645	612	0.014641141266065296	2.3923433441283165e-05	2.3181038949420583e-05	2.3181038949420583e-05	9.0	0.013953488372093023
chr17	chr17	2687	67175000	2.3179768173845398e-05	644	611	0.012219976842268278	1.9999962098638753e-05	2.3179768173845398e-05	2.3179768173845398e-05	8.0	0.012422360248447204
chr17	chr17	2688	67200000	2.3178497940741456e-05	643	610	0.0072796234865550695	1.1933808994352573e-05	2.3178497940741456e-05	2.3178497940741456e-05	6.0	0.00933125972006221
chr17	chr17	2689	67225000	2.3177228249675577e-05	642	609	0.013590202966346016	2.2315604214032867e-05	2.3177228249675577e-05	2.3177228249675577e-05	10.0	0.01557632398753894
chr17	chr17	2690	67250000	2.3175959100214952e-05	641	608	0.005779264836435443	9.50536979676882e-06	2.3175959100214952e-05	2.3175959100214952e-05	5.0	0.0078003120124804995
chr17	chr17	2691	67275000	2.317469049192739e-05	640	607	0.012999774610918467	2.141643263742746e-05	2.317469049192739e-05	2.317469049192739e-05	8.0	0.0125
chr17	chr17	2692	67300000	2.3173422424381116e-05	639	606	0.007999470811949754	1.3200446884405534e-05	2.3173422424381116e-05	2.3173422424381116e-05	6.0	0.009389671361502348
chr17	chr17	2693	67325000	2.317215489714493e-05	638	606	0.006253027753732789	1.0318527646423744e-05	2.317215489714493e-05	2.317215489714493e-05	4.0	0.006269592476489028
chr17	chr17	2694	67350000	2.31708879097881e-05	637	606	0.013196265912746637	2.177601635766772e-05	2.31708879097881e-05	2.31708879097881e-05	9.0	0.0141287284144427
chr17	chr17	2695	67375000	2.3169621461880368e-05	636	606	0.011382641525709579	1.8783236841104914e-05	2.3169621461880368e-05	2.3169621461880368e-05	7.0	0.0110062893081761
chr17	chr17	2696	67400000	2.3168355552992043e-05	635	606	0.010543127866670724	1.7397900770083702e-05	2.3168355552992043e-05	2.3168355552992043e-05	7.0	0.011023622047244094
chr17	chr17	2697	67425000	2.3167090182693914e-05	634	606	0.012362521283756705	2.0400200138212384e-05	2.3167090182693914e-05	2.3167090182693914e-05	9.0	0.014195583596214511
chr17	chr17	2698	67450000	2.316582535055727e-05	633	606	0.007502639818099141	1.2380593759239506e-05	2.316582535055727e-05	2.316582535055727e-05	6.0	0.009478672985781991
chr17	chr17	2699	67475000	2.316456105615383e-05	632	606	0.0045989289852864	7.588991724895049e-06	2.316456105615383e-05	2.316456105615383e-05	3.0	0.004746835443037975
chr17	chr17	2700	67500000	2.316329729905592e-05	631	606	0.010680181401168831	1.762406171810038e-05	2.316329729905592e-05	2.316329729905592e-05	8.0	0.012678288431061807
chr17	chr17	2701	67525000	2.3162034078836324e-05	630	606	0.011280462797247717	1.861462507796653e-05	2.3162034078836324e-05	2.3162034078836324e-05	7.0	0.011111111111111112
chr17	chr17	2702	67550000	2.316077139506828e-05	629	605	0.011112277312165793	1.836740051597652e-05	2.316077139506828e-05	2.316077139506828e-05	8.0	0.012718600953895072
chr17	chr17	2703	67575000	2.3159509247325613e-05	628	606	0.00963864482111187	1.5905354490283615e-05	2.3159509247325613e-05	2.3159509247325613e-05	7.0	0.011146496815286623
chr17	chr17	2704	67600000	2.315824763518257e-05	627	606	0.007065497769574682	1.1659237243522578e-05	2.315824763518257e-05	2.315824763518257e-05	5.0	0.007974481658692184
chr17	chr17	2705	67625000	2.3156986558213893e-05	626	605	0.014119893366673427	2.333866672177426e-05	2.3156986558213893e-05	2.3156986558213893e-05	11.0	0.01757188498402556
chr17	chr17	2706	67650000	2.3155726015994876e-05	625	605	0.013365190132361902	2.209122335927587e-05	2.3155726015994876e-05	2.3155726015994876e-05	9.0	0.0144
chr17	chr17	2707	67675000	2.3154466008101217e-05	624	605	0.004000088390074493	6.611716347230567e-06	2.3154466008101217e-05	2.3154466008101217e-05	3.0	0.004807692307692308
chr17	chr17	2708	67700000	2.3153206534109226e-05	623	604	0.005843015180124355	9.673866192258865e-06	2.3153206534109226e-05	2.3153206534109226e-05	4.0	0.006420545746388443
chr17	chr17	2709	67725000	2.315194759359561e-05	622	603	0.01021417867855217	1.69389364486769e-05	2.315194759359561e-05	2.315194759359561e-05	7.0	0.011254019292604502
chr17	chr17	2710	67750000	2.3150689186137613e-05	621	602	0.003588157835483422	5.960395075553857e-06	2.3150689186137613e-05	2.3150689186137613e-05	4.0	0.00644122383252818
chr17	chr17	2711	67775000	2.314943131131294e-05	620	601	0.011550471004819736	1.9218753751779926e-05	2.314943131131294e-05	2.314943131131294e-05	7.0	0.01129032258064516
chr17	chr17	2712	67800000	2.314817396869982e-05	619	600	0.007520511283808977	1.2534185473014961e-05	2.314817396869982e-05	2.314817396869982e-05	5.0	0.008077544426494346
chr17	chr17	2713	67825000	2.3146917157876936e-05	618	599	0.008330621340047776	1.3907548146991279e-05	2.3146917157876936e-05	2.3146917157876936e-05	7.0	0.011326860841423949
chr17	chr17	2714	67850000	2.3145660878423485e-05	617	598	0.010584505738957046	1.769984237283787e-05	2.3145660878423485e-05	2.3145660878423485e-05	8.0	0.012965964343598054
chr17	chr17	2715	67875000	2.3144405129919142e-05	616	597	0.0036966465136591907	6.192037711321928e-06	2.3144405129919142e-05	2.3144405129919142e-05	3.0	0.00487012987012987
chr17	chr17	2716	67900000	2.3143149911944083e-05	615	597	0.009560244107431264	1.6013809225177997e-05	2.3143149911944083e-05	2.3143149911944083e-05	7.0	0.011382113821138212
chr17	chr17	2717	67925000	2.314189522407894e-05	614	595	0.0047957804579258625	8.060135223404811e-06	2.314189522407894e-05	2.314189522407894e-05	4.0	0.006514657980456026
chr17	chr17	2718	67950000	2.314064106590484e-05	613	594	0.012214751621789172	2.056355491883699e-05	2.314064106590484e-05	2.314064106590484e-05	9.0	0.01468189233278956
chr17	chr17	2719	67975000	2.3139387437003446e-05	612	593	0.007297545014085595	1.2306146735388861e-05	2.3139387437003446e-05	2.3139387437003446e-05	5.0	0.008169934640522876
chr17	chr17	2720	68000000	2.3138134336956863e-05	611	592	0.010695948408667956	1.806748042004722e-05	2.3138134336956863e-05	2.3138134336956863e-05	8.0	0.01309328968903437
chr17	chr17	2721	68025000	2.3136881765347617e-05	610	591	0.014666375853235908	2.4816202797353482e-05	2.3136881765347617e-05	2.3136881765347617e-05	11.0	0.018032786885245903
chr17	chr17	2722	68050000	2.313562972175883e-05	609	590	0.012735241366317165	2.1585154858164687e-05	2.313562972175883e-05	2.313562972175883e-05	9.0	0.014778325123152709
chr17	chr17	2723	68075000	2.313485049801376e-05	608	589	0.012066809329241819	2.0486942834026858e-05	2.313485049801376e-05	2.313485049801376e-05	7.0	0.011513157894736841
chr17	chr17	2724	68100000	2.3134071586610238e-05	607	588	0.017715752710788082	3.012883114079606e-05	2.3134071586610238e-05	2.3134071586610238e-05	11.0	0.018121911037891267
chr17	chr17	2725	68125000	2.3133292987308385e-05	606	587	0.014148914547510754	2.4103772653340295e-05	2.3133292987308385e-05	2.3133292987308385e-05	10.0	0.0165016501650165
chr17	chr17	2726	68150000	2.3132514699868705e-05	605	586	0.013356301042351294	2.27923225978691e-05	2.3132514699868705e-05	2.3132514699868705e-05	10.0	0.01652892561983471
chr17	chr17	2727	68175000	2.3131736724051992e-05	604	585	0.012793269751505588	2.1868837182060836e-05	2.3131736724051992e-05	2.3131736724051992e-05	9.0	0.014900662251655629
chr17	chr17	2728	68200000	2.313095905961925e-05	603	584	0.007291189607302742	1.2484913711134832e-05	2.313095905961925e-05	2.313095905961925e-05	5.0	0.008291873963515755
chr17	chr17	2729	68225000	2.3130181706331754e-05	602	583	0.010272029952098626	1.761926235351394e-05	2.3130181706331754e-05	2.3130181706331754e-05	7.0	0.011627906976744186
chr17	chr17	2730	68250000	2.3129404663951075e-05	601	582	0.00919404772972004	1.5797332868934776e-05	2.3129404663951075e-05	2.3129404663951075e-05	7.0	0.011647254575707155
chr17	chr17	2731	68275000	2.312862793223905e-05	600	581	0.006299826153432656	1.0843074274410767e-05	2.312862793223905e-05	2.312862793223905e-05	5.0	0.008333333333333333
chr17	chr17	2732	68300000	2.312785151095779e-05	599	580	0.007998909709380752	1.3791223636863365e-05	2.312785151095779e-05	2.312785151095779e-05	6.0	0.01001669449081803
chr17	chr17	2733	68325000	2.3127075399869668e-05	598	579	0.011466954215519664	1.9804756848911338e-05	2.3127075399869668e-05	2.3127075399869668e-05	8.0	0.013377926421404682
chr17	chr17	2734	68350000	2.3126299598737307e-05	597	578	0.007386550605067033	1.2779499316724971e-05	2.3126299598737307e-05	2.3126299598737307e-05	5.0	0.008375209380234505
chr17	chr17	2735	68375000	2.3125524107323618e-05	596	577	0.008524053627664419	1.4773056547078715e-05	2.3125524107323618e-05	2.3125524107323618e-05	7.0	0.01174496644295302
chr17	chr17	2736	68400000	2.3124748925391796e-05	595	576	0.008098884605411572	1.4060563551061757e-05	2.3124748925391796e-05	2.3124748925391796e-05	6.0	0.010084033613445379
chr17	chr17	2737	68425000	2.3123974052705266e-05	594	575	0.008169534780735866	1.420788657519281e-05	2.3123974052705266e-05	2.3123974052705266e-05	6.0	0.010101010101010102
chr17	chr17	2738	68450000	2.3123199489027794e-05	593	574	0.012126549819559747	2.1126393413867155e-05	2.3123199489027794e-05	2.3123199489027794e-05	9.0	0.01517706576728499
chr17	chr17	2739	68475000	2.3122425234123294e-05	592	573	0.005617058735196883	9.80289482582353e-06	2.3122425234123294e-05	2.3122425234123294e-05	4.0	0.006756756756756757
chr17	chr17	2740	68500000	2.3121651287756064e-05	591	572	0.0080130393930207	1.4008810127658568e-05	2.3121651287756064e-05	2.3121651287756064e-05	6.0	0.01015228426395939
chr17	chr17	2741	68525000	2.3120877649690555e-05	590	571	0.006620461491895905	1.159450348843416e-05	2.3120877649690555e-05	2.3120877649690555e-05	5.0	0.00847457627118644
chr17	chr17	2742	68550000	2.3120104319691607e-05	589	570	0.011805431269575596	2.0711282929079994e-05	2.3120104319691607e-05	2.3120104319691607e-05	9.0	0.015280135823429542
chr17	chr17	2743	68575000	2.311933129752421e-05	588	569	0.007776912976421267	1.3667685371566375e-05	2.311933129752421e-05	2.311933129752421e-05	5.0	0.008503401360544218
chr17	chr17	2744	68600000	2.3118558582953713e-05	587	568	0.007673139678156077	1.3509048729148023e-05	2.3118558582953713e-05	2.3118558582953713e-05	7.0	0.01192504258943782
chr17	chr17	2745	68625000	2.311778617574564e-05	586	567	0.009343964277825778	1.6479654810980208e-05	2.311778617574564e-05	2.311778617574564e-05	7.0	0.011945392491467578
chr17	chr17	2746	68650000	2.3117014075665877e-05	585	566	0.010999542236750101	1.9433820206272263e-05	2.3117014075665877e-05	2.3117014075665877e-05	9.0	0.015384615384615385
chr17	chr17	2747	68675000	2.31162422824805e-05	584	565	0.0027486833162418105	4.864926223436832e-06	2.31162422824805e-05	2.31162422824805e-05	2.0	0.003424657534246575
chr17	chr17	2748	68700000	2.3115470795955895e-05	583	564	0.00897166911568721	1.5907214744126258e-05	2.3115470795955895e-05	2.3115470795955895e-05	6.0	0.010291595197255575
chr17	chr17	2749	68725000	2.311469961585864e-05	582	563	0.007701547454790614	1.3679480381510858e-05	2.311469961585864e-05	2.311469961585864e-05	6.0	0.010309278350515464
chr17	chr17	2750	68750000	2.3113928741955673e-05	581	562	0.008718401045892664	1.5513169120805453e-05	2.3113928741955673e-05	2.3113928741955673e-05	6.0	0.010327022375215147
chr17	chr17	2751	68775000	2.3113158174014092e-05	580	561	0.010281767094585132	1.8327570578583122e-05	2.3113158174014092e-05	2.3113158174014092e-05	7.0	0.01206896551724138
chr17	chr17	2752	68800000	2.3112387911801346e-05	579	560	0.0025712746980069722	4.591561960726736e-06	2.3112387911801346e-05	2.3112387911801346e-05	2.0	0.0034542314335060447
chr17	chr17	2753	68825000	2.311161795508512e-05	578	559	0.007273547750665318	1.3011713328560497e-05	2.311161795508512e-05	2.311161795508512e-05	6.0	0.010380622837370242
chr17	chr17	2754	68850000	2.311084830363328e-05	577	558	0.005210152380532728	9.337190646115999e-06	2.311084830363328e-05	2.311084830363328e-05	4.0	0.006932409012131715
chr17	chr17	2755	68875000	2.3110078957214082e-05	576	557	0.004206577187711599	7.552203209536085e-06	2.3110078957214082e-05	2.3110078957214082e-05	3.0	0.005208333333333333
chr17	chr17	2756	68900000	2.310930991559598e-05	575	556	0.0014576674143595893	2.6217039826611317e-06	2.310930991559598e-05	2.310930991559598e-05	1.0	0.0017391304347826088
chr17	chr17	2757	68925000	2.3108541178547653e-05	574	555	0.014963338625500894	2.6960970496398007e-05	2.3108541178547653e-05	2.3108541178547653e-05	11.0	0.01916376306620209
chr17	chr17	2758	68950000	2.31077727458381e-05	573	554	0.008453921196084815	1.5259785552499664e-05	2.31077727458381e-05	2.31077727458381e-05	6.0	0.010471204188481676
chr17	chr17	2759	68975000	2.310700461723652e-05	572	553	0.006982193049125561	1.2626027213608609e-05	2.310700461723652e-05	2.310700461723652e-05	5.0	0.008741258741258742
chr17	chr17	2760	69000000	2.310623679251245e-05	571	552	0.008748136141744979	1.58480727205525e-05	2.310623679251245e-05	2.310623679251245e-05	7.0	0.012259194395796848
chr17	chr17	2761	69025000	2.310546927143562e-05	570	552	0.01082709992987322	1.961431146716163e-05	2.310546927143562e-05	2.310546927143562e-05	7.0	0.012280701754385965
chr17	chr17	2762	69050000	2.3104702053776026e-05	569	551	0.005318860282623776	9.653103961204675e-06	2.3104702053776026e-05	2.3104702053776026e-05	4.0	0.007029876977152899
chr17	chr17	2763	69075000	2.3103935139303936e-05	568	550	0.006882058304349582	1.2512833280635604e-05	2.3103935139303936e-05	2.3103935139303936e-05	5.0	0.008802816901408451
chr17	chr17	2764	69100000	2.3103168527789867e-05	567	549	0.0012119558513435538	2.207569856727785e-06	2.3103168527789867e-05	2.3103168527789867e-05	1.0	0.001763668430335097
chr17	chr17	2765	69125000	2.310240221900459e-05	566	548	0.00768948354468609	1.4031904278624252e-05	2.310240221900459e-05	2.310240221900459e-05	5.0	0.0088339222614841
chr17	chr17	2766	69150000	2.310163621271917e-05	565	547	0.011197894718960336	2.047147114983608e-05	2.310163621271917e-05	2.310163621271917e-05	8.0	0.01415929203539823
chr17	chr17	2767	69175000	2.310087050870488e-05	564	546	0.009430421816216315	1.727183482823501e-05	2.310087050870488e-05	2.310087050870488e-05	7.0	0.012411347517730497
chr17	chr17	2768	69200000	2.3100105106733242e-05	563	545	0.0075126375503757736	1.3784656055735364e-05	2.3100105106733242e-05	2.3100105106733242e-05	6.0	0.010657193605683837
chr17	chr17	2769	69225000	2.3099340006576093e-05	562	544	0.008556271742820858	1.5728440703714813e-05	2.3099340006576093e-05	2.3099340006576093e-05	6.0	0.010676156583629894
chr17	chr17	2770	69250000	2.3098575208005462e-05	561	543	0.00622836804125241	1.1470291052030222e-05	2.3098575208005462e-05	2.3098575208005462e-05	5.0	0.008912655971479501
chr17	chr17	2771	69275000	2.309781071079365e-05	560	542	0.0011751577528678959	2.168187735918627e-06	2.309781071079365e-05	2.309781071079365e-05	1.0	0.0017857142857142857
chr17	chr17	2772	69300000	2.309704651471327e-05	559	541	0.007244244920080682	1.3390471201627878e-05	2.309704651471327e-05	2.309704651471327e-05	5.0	0.008944543828264758
chr17	chr17	2773	69325000	2.3096282619537084e-05	558	540	0.009663255228463735	1.7894917089747657e-05	2.3096282619537084e-05	2.3096282619537084e-05	7.0	0.012544802867383513
chr17	chr17	2774	69350000	2.3095519025038183e-05	557	539	0.00865928321183259	1.6065460504327626e-05	2.3095519025038183e-05	2.3095519025038183e-05	7.0	0.012567324955116697
chr17	chr17	2775	69375000	2.3094755730989906e-05	556	538	0.008061192847007207	1.4983629827150944e-05	2.3094755730989906e-05	2.3094755730989906e-05	6.0	0.01079136690647482
chr17	chr17	2776	69400000	2.3093992737165785e-05	555	537	0.0066167248336520225	1.2321647734919967e-05	2.3093992737165785e-05	2.3093992737165785e-05	5.0	0.009009009009009009
chr17	chr17	2777	69425000	2.3093230043339714e-05	554	536	0.006289928683965204	1.1734941574561947e-05	2.3093230043339714e-05	2.3093230043339714e-05	5.0	0.009025270758122744
chr17	chr17	2778	69450000	2.3092467649285705e-05	553	535	0.005233762911709595	9.782734414410458e-06	2.3092467649285705e-05	2.3092467649285705e-05	4.0	0.007233273056057866
chr17	chr17	2779	69475000	2.309170555477815e-05	552	534	0.00891194472396557	1.6689035063605935e-05	2.309170555477815e-05	2.309170555477815e-05	6.0	0.010869565217391304
chr17	chr17	2780	69500000	2.3090943759591555e-05	551	533	0.01323600747238645	2.483303465738546e-05	2.3090943759591555e-05	2.3090943759591555e-05	10.0	0.018148820326678767
chr17	chr17	2781	69525000	2.309018226350085e-05	550	532	0.009582917149411953	1.8013002160548784e-05	2.309018226350085e-05	2.309018226350085e-05	7.0	0.012727272727272728
chr17	chr17	2782	69550000	2.3089421066281013e-05	549	531	0.00673434615018499	1.2682384463625217e-05	2.3089421066281013e-05	2.3089421066281013e-05	5.0	0.009107468123861567
chr17	chr17	2783	69575000	2.308866016770746e-05	548	530	0.014671705318132063	2.768246286440012e-05	2.308866016770746e-05	2.308866016770746e-05	9.0	0.016423357664233577
chr17	chr17	2784	69600000	2.3087899567555714e-05	547	529	0.007994481128616246	1.51124406968171e-05	2.3087899567555714e-05	2.3087899567555714e-05	5.0	0.009140767824497258
chr17	chr17	2785	69625000	2.308713926560165e-05	546	528	0.00896227287474764	1.6974001656719013e-05	2.308713926560165e-05	2.308713926560165e-05	6.0	0.01098901098901099
chr17	chr17	2786	69650000	2.308637926162133e-05	545	527	0.005102503612042904	9.682170041827142e-06	2.308637926162133e-05	2.308637926162133e-05	4.0	0.007339449541284404
chr17	chr17	2787	69675000	2.3086067930834652e-05	544	526	0.007538216085443182	1.4331209287914795e-05	2.3086067930834652e-05	2.3086067930834652e-05	4.0	0.007352941176470588
chr17	chr17	2788	69700000	2.3085756715932313e-05	543	525	0.005491068805974851	1.0459178678047336e-05	2.3085756715932313e-05	2.3085756715932313e-05	4.0	0.007366482504604052
chr17	chr17	2789	69725000	2.3085445616829684e-05	542	524	0.007349570603107476	1.402589809753335e-05	2.3085445616829684e-05	2.3085445616829684e-05	6.0	0.01107011070110701
chr17	chr17	2790	69750000	2.3085134633442148e-05	541	523	0.004829591376985706	9.234400338404791e-06	2.3085134633442148e-05	2.3085134633442148e-05	4.0	0.0073937153419593345
chr17	chr17	2791	69775000	2.3084823765685207e-05	540	522	0.007348888436300116	1.4078330337739686e-05	2.3084823765685207e-05	2.3084823765685207e-05	5.0	0.009259259259259259
chr17	chr17	2792	69800000	2.30845130134745e-05	539	521	0.010210273764140005	1.9597454441727456e-05	2.30845130134745e-05	2.30845130134745e-05	7.0	0.012987012987012988
chr17	chr17	2793	69825000	2.3084202376725663e-05	538	520	0.01626741899149948	3.128349806057592e-05	2.3084202376725663e-05	2.3084202376725663e-05	12.0	0.022304832713754646
chr17	chr17	2794	69850000	2.3083891855354497e-05	537	519	0.005540905604794062	1.0676118699025167e-05	2.3083891855354497e-05	2.3083891855354497e-05	4.0	0.0074487895716946
chr17	chr17	2795	69875000	2.3083581449276922e-05	536	518	0.01083695311276407	2.0920758904949943e-05	2.3083581449276922e-05	2.3083581449276922e-05	8.0	0.014925373134328358
chr17	chr17	2796	69900000	2.3083271158408853e-05	535	517	0.010309157200884971	1.994034274832683e-05	2.3083271158408853e-05	2.3083271158408853e-05	7.0	0.013084112149532711
chr17	chr17	2797	69925000	2.3082960982666347e-05	534	516	0.004210869977589401	8.160600731762405e-06	2.3082960982666347e-05	2.3082960982666347e-05	3.0	0.0056179775280898875
chr17	chr17	2798	69950000	2.308265092196557e-05	533	515	0.012105389162924845	2.3505610025096785e-05	2.308265092196557e-05	2.308265092196557e-05	9.0	0.016885553470919325
chr17	chr17	2799	69975000	2.308234097622278e-05	532	514	0.007498823439943273	1.4589150661368235e-05	2.308234097622278e-05	2.308234097622278e-05	6.0	0.011278195488721804
chr17	chr17	2800	70000000	2.3082031145354257e-05	531	513	0.006790054674603378	1.3235974024567988e-05	2.3082031145354257e-05	2.3082031145354257e-05	5.0	0.009416195856873822
chr17	chr17	2801	70025000	2.3081721429276474e-05	530	512	0.012948093525963435	2.5289245167897334e-05	2.3081721429276474e-05	2.3081721429276474e-05	8.0	0.01509433962264151
chr17	chr17	2802	70050000	2.3081411827905895e-05	529	511	0.006571229625357151	1.2859549168996382e-05	2.3081411827905895e-05	2.3081411827905895e-05	5.0	0.00945179584120983
chr17	chr17	2803	70075000	2.3081102341159122e-05	528	510	0.006128719046367294	1.2017096169347636e-05	2.3081102341159122e-05	2.3081102341159122e-05	5.0	0.00946969696969697
chr17	chr17	2804	70100000	2.3080792968952917e-05	527	509	0.0053040016256486	1.0420435413847937e-05	2.3080792968952917e-05	2.3080792968952917e-05	4.0	0.007590132827324478
chr17	chr17	2805	70125000	2.3080483711203995e-05	526	508	0.01498991414342683	2.950770500674573e-05	2.3080483711203995e-05	2.3080483711203995e-05	11.0	0.02091254752851711
chr17	chr17	2806	70150000	2.3080174567829233e-05	525	507	0.011559350529597752	2.279950794792456e-05	2.3080174567829233e-05	2.3080174567829233e-05	8.0	0.015238095238095238
chr17	chr17	2807	70175000	2.3079865538745643e-05	524	506	0.008524717558527878	1.684726790222901e-05	2.3079865538745643e-05	2.3079865538745643e-05	7.0	0.013358778625954198
chr17	chr17	2808	70200000	2.3079556623870206e-05	523	505	0.009342819815302088	1.8500633297627897e-05	2.3079556623870206e-05	2.3079556623870206e-05	6.0	0.011472275334608031
chr17	chr17	2809	70225000	2.307924782312011e-05	522	504	0.011381672531185038	2.2582683593621106e-05	2.307924782312011e-05	2.307924782312011e-05	8.0	0.01532567049808429
chr17	chr17	2810	70250000	2.3078939136412593e-05	521	503	0.014440716623913127	2.8709178178753733e-05	2.3078939136412593e-05	2.3078939136412593e-05	10.0	0.019193857965451054
chr17	chr17	2811	70275000	2.3078630563664975e-05	520	502	0.006077103818386355	1.2105784498777599e-05	2.3078630563664975e-05	2.3078630563664975e-05	4.0	0.007692307692307693
chr17	chr17	2812	70300000	2.3078322104794634e-05	519	501	0.015394974872891246	3.072849276026197e-05	2.3078322104794634e-05	2.3078322104794634e-05	11.0	0.02119460500963391
chr17	chr17	2813	70325000	2.307801375971907e-05	518	500	0.005906741579213861	1.1813483158427723e-05	2.307801375971907e-05	2.307801375971907e-05	4.0	0.007722007722007722
chr17	chr17	2814	70350000	2.3077705528355928e-05	517	499	0.010403253056708498	2.0848202518453905e-05	2.3077705528355928e-05	2.3077705528355928e-05	8.0	0.015473887814313346
chr17	chr17	2815	70375000	2.3077397410622798e-05	516	498	0.006053557841702746	1.2155738637957322e-05	2.3077397410622798e-05	2.3077397410622798e-05	4.0	0.007751937984496124
chr17	chr17	2816	70400000	2.307708940643754e-05	515	497	0.009057824984964827	1.8224999969748143e-05	2.307708940643754e-05	2.307708940643754e-05	7.0	0.013592233009708738
chr17	chr17	2817	70425000	2.307678151571793e-05	514	496	0.007625692788031374	1.5374380621030996e-05	2.307678151571793e-05	2.307678151571793e-05	5.0	0.009727626459143969
chr17	chr17	2818	70450000	2.3076473738381966e-05	513	495	0.00747000224354608	1.5090913623325414e-05	2.3076473738381966e-05	2.3076473738381966e-05	6.0	0.011695906432748537
chr17	chr17	2819	70475000	2.3076166074347675e-05	512	494	0.007480770098595487	1.5143259308897748e-05	2.3076166074347675e-05	2.3076166074347675e-05	5.0	0.009765625
chr17	chr17	2820	70500000	2.307585852353314e-05	511	493	0.007265700793774989	1.4737729804817422e-05	2.307585852353314e-05	2.307585852353314e-05	5.0	0.009784735812133072
chr17	chr17	2821	70525000	2.3075551085856604e-05	510	492	0.009453449091665058	1.9214327422083454e-05	2.3075551085856604e-05	2.3075551085856604e-05	7.0	0.013725490196078431
chr17	chr17	2822	70550000	2.3075243761236343e-05	509	491	0.005262318929709484	1.0717553828328888e-05	2.3075243761236343e-05	2.3075243761236343e-05	4.0	0.007858546168958742
chr17	chr17	2823	70575000	2.307493654959077e-05	508	490	0.013713724825056662	2.79871935205238e-05	2.307493654959077e-05	2.307493654959077e-05	11.0	0.021653543307086614
chr17	chr17	2824	70600000	2.307462945083833e-05	507	489	0.0165178303913257	3.377879425628978e-05	2.307462945083833e-05	2.307462945083833e-05	11.0	0.021696252465483234
chr17	chr17	2825	70625000	2.307432246489756e-05	506	488	0.0084655672259518	1.734747382367172e-05	2.307432246489756e-05	2.307432246489756e-05	6.0	0.011857707509881422
chr17	chr17	2826	70650000	2.3074015591687185e-05	505	487	0.00814075467839659	1.671612870307308e-05	2.3074015591687185e-05	2.3074015591687185e-05	7.0	0.013861386138613862
chr17	chr17	2827	70675000	2.3073708831125866e-05	504	486	0.018145754156842168	3.733694270955179e-05	2.3073708831125866e-05	2.3073708831125866e-05	13.0	0.025793650793650792
chr17	chr17	2828	70700000	2.3073402183132488e-05	503	485	0.004892071828292573	1.0086746037716646e-05	2.3073402183132488e-05	2.3073402183132488e-05	4.0	0.007952286282306162
chr17	chr17	2829	70725000	2.3073095647625888e-05	502	484	0.007252628645451654	1.498476992861912e-05	2.3073095647625888e-05	2.3073095647625888e-05	5.0	0.0099601593625498
chr17	chr17	2830	70750000	2.3072789224525124e-05	501	483	0.009566775536219834	1.980698868782574e-05	2.3072789224525124e-05	2.3072789224525124e-05	7.0	0.013972055888223553
chr17	chr17	2831	70775000	2.3072482913749237e-05	500	482	0.018282204445906176	3.792988474254393e-05	2.3072482913749237e-05	2.3072482913749237e-05	13.0	0.026
chr17	chr17	2832	70800000	2.3072176715217433e-05	499	481	0.01410547175087765	2.932530509537973e-05	2.3072176715217433e-05	2.3072176715217433e-05	10.0	0.02004008016032064
chr17	chr17	2833	70825000	2.3071870628848942e-05	498	480	0.011948409696591547	2.489252020123239e-05	2.3071870628848942e-05	2.3071870628848942e-05	7.0	0.014056224899598393
chr17	chr17	2834	70850000	2.3071564654563137e-05	497	479	0.007071618082565106	1.4763294535626526e-05	2.3071564654563137e-05	2.3071564654563137e-05	5.0	0.01006036217303823
chr17	chr17	2835	70875000	2.307125879227942e-05	496	478	0.014856083043707467	3.107967163955537e-05	2.307125879227942e-05	2.307125879227942e-05	10.0	0.020161290322580645
chr17	chr17	2836	70900000	2.3070953041917317e-05	495	477	0.010493830118559255	2.199964385442192e-05	2.3070953041917317e-05	2.3070953041917317e-05	8.0	0.01616161616161616
chr17	chr17	2837	70925000	2.3070647403396406e-05	494	476	0.004852068471845996	1.0193421159340327e-05	2.3070647403396406e-05	2.3070647403396406e-05	4.0	0.008097165991902834
chr17	chr17	2838	70950000	2.3070341876636427e-05	493	475	0.0060613072067123575	1.2760646750973384e-05	2.3070341876636427e-05	2.3070341876636427e-05	4.0	0.008113590263691683
chr17	chr17	2839	70975000	2.307003646155712e-05	492	474	0.009406926156458457	1.984583577311911e-05	2.307003646155712e-05	2.307003646155712e-05	7.0	0.014227642276422764
chr17	chr17	2840	71000000	2.3069731158078352e-05	491	473	0.008485582725530212	1.7939921195624128e-05	2.3069731158078352e-05	2.3069731158078352e-05	6.0	0.012219959266802444
chr17	chr17	2841	71025000	2.3069425966120072e-05	490	472	0.006748597421828869	1.429787589370523e-05	2.3069425966120072e-05	2.3069425966120072e-05	5.0	0.01020408163265306
chr17	chr17	2842	71050000	2.306912088560232e-05	489	471	0.002832495952409616	6.013791831018293e-06	2.306912088560232e-05	2.306912088560232e-05	2.0	0.00408997955010225
chr17	chr17	2843	71075000	2.3068815916445193e-05	488	470	0.009517011621745858	2.0248960897331613e-05	2.3068815916445193e-05	2.3068815916445193e-05	6.0	0.012295081967213115
chr17	chr17	2844	71100000	2.30685110585689e-05	487	469	0.008322591099295677	1.7745396800204003e-05	2.30685110585689e-05	2.30685110585689e-05	6.0	0.012320328542094456
chr17	chr17	2845	71125000	2.3068206311893733e-05	486	468	0.0046826619927605425	1.0005688018719108e-05	2.3068206311893733e-05	2.3068206311893733e-05	3.0	0.006172839506172839
chr17	chr17	2846	71150000	2.3067901676340063e-05	485	467	0.006188256071475507	1.325108366482978e-05	2.3067901676340063e-05	2.3067901676340063e-05	4.0	0.008247422680412371
chr17	chr17	2847	71175000	2.306759715182834e-05	484	466	0.00802420768288264	1.7219329791593647e-05	2.306759715182834e-05	2.306759715182834e-05	6.0	0.012396694214876033
chr17	chr17	2848	71200000	2.306729273827913e-05	483	465	0.005276614867111924	1.1347558854004137e-05	2.306729273827913e-05	2.306729273827913e-05	4.0	0.008281573498964804
chr17	chr17	2849	71225000	2.306698843561304e-05	482	464	0.0063048436373835896	1.3588025080568081e-05	2.306698843561304e-05	2.306698843561304e-05	4.0	0.008298755186721992
chr17	chr17	2850	71250000	2.3066684243750793e-05	481	463	0.006513195201156666	1.4067376244398847e-05	2.3066684243750793e-05	2.3066684243750793e-05	5.0	0.010395010395010396
chr17	chr17	2851	71275000	2.3066380162613167e-05	480	462	0.022408855235912056	4.850401566214731e-05	2.3066380162613167e-05	2.3066380162613167e-05	15.0	0.03125
chr17	chr17	2852	71300000	2.3066499269223e-05	479	461	0.014774560463307159	3.204893809828017e-05	2.3066499269223e-05	2.3066499269223e-05	10.0	0.020876826722338204
chr17	chr17	2853	71325000	2.3066618334692377e-05	478	460	0.007434399146687367	1.6161737275407317e-05	2.3066618334692377e-05	2.3066618334692377e-05	6.0	0.012552301255230125
chr17	chr17	2854	71350000	2.3066737359049913e-05	477	459	0.006010273761065261	1.309427834654741e-05	2.3066737359049913e-05	2.3066737359049913e-05	4.0	0.008385744234800839
chr17	chr17	2855	71375000	2.30668563423242e-05	476	458	0.011641609061226292	2.5418360395690595e-05	2.30668563423242e-05	2.30668563423242e-05	8.0	0.01680672268907563
chr17	chr17	2856	71400000	2.306697528454381e-05	475	457	0.007972087568820967	1.744439292958636e-05	2.306697528454381e-05	2.306697528454381e-05	6.0	0.01263157894736842
chr17	chr17	2857	71425000	2.3067094185737234e-05	474	456	0.005603867932753819	1.2289184063056621e-05	2.3067094185737234e-05	2.3067094185737234e-05	4.0	0.008438818565400843
chr17	chr17	2858	71450000	2.3067213045933056e-05	473	455	0.006733894452929646	1.4799768028416804e-05	2.3067213045933056e-05	2.3067213045933056e-05	5.0	0.010570824524312896
chr17	chr17	2859	71475000	2.3067331865159673e-05	472	454	0.006616990019235164	1.4574867883777895e-05	2.3067331865159673e-05	2.3067331865159673e-05	5.0	0.01059322033898305
chr17	chr17	2860	71500000	2.3067450643445548e-05	471	453	0.0030193453021446067	6.665221417537763e-06	2.3067450643445548e-05	2.3067450643445548e-05	2.0	0.004246284501061571
chr17	chr17	2861	71525000	2.3067569380819116e-05	470	452	0.01263309619965048	2.7949327875332922e-05	2.3067569380819116e-05	2.3067569380819116e-05	10.0	0.02127659574468085
chr17	chr17	2862	71550000	2.306768807730876e-05	469	451	0.011281921012243283	2.5015345925151405e-05	2.306768807730876e-05	2.306768807730876e-05	8.0	0.017057569296375266
chr17	chr17	2863	71575000	2.3067806732942813e-05	468	450	0.009674539880519388	2.1498977512265305e-05	2.3067806732942813e-05	2.3067806732942813e-05	7.0	0.014957264957264958
chr17	chr17	2864	71600000	2.3067925347749605e-05	467	449	0.009390516677240432	2.091429104062457e-05	2.3067925347749605e-05	2.3067925347749605e-05	6.0	0.01284796573875803
chr17	chr17	2865	71625000	2.3068043921757466e-05	466	448	0.009060313259069159	2.0223913524707942e-05	2.3068043921757466e-05	2.3068043921757466e-05	6.0	0.012875536480686695
chr17	chr17	2866	71650000	2.306816245499461e-05	465	447	0.012680584542567907	2.83681980818074e-05	2.306816245499461e-05	2.306816245499461e-05	9.0	0.01935483870967742
chr17	chr17	2867	71675000	2.306828094748932e-05	464	446	0.005541367940812307	1.2424591795543288e-05	2.306828094748932e-05	2.306828094748932e-05	5.0	0.010775862068965518
chr17	chr17	2868	71700000	2.3068399399269778e-05	463	445	0.012249441941929425	2.7526835824560504e-05	2.3068399399269778e-05	2.3068399399269778e-05	9.0	0.019438444924406047
chr17	chr17	2869	71725000	2.3068517810364133e-05	462	444	0.0048873980290641775	1.1007653218613013e-05	2.3068517810364133e-05	2.3068517810364133e-05	4.0	0.008658008658008658
chr17	chr17	2870	71750000	2.306863618080063e-05	461	443	0.009187878569510753	2.074013221108522e-05	2.306863618080063e-05	2.306863618080063e-05	6.0	0.013015184381778741
chr17	chr17	2871	71775000	2.306875451060727e-05	460	442	0.002871746979118816	6.497165111128543e-06	2.306875451060727e-05	2.306875451060727e-05	2.0	0.004347826086956522
chr17	chr17	2872	71800000	2.3068872799812235e-05	459	441	0.011716769254561615	2.656863776544584e-05	2.3068872799812235e-05	2.3068872799812235e-05	8.0	0.017429193899782137
chr17	chr17	2873	71825000	2.306899104844354e-05	458	440	0.00632807703904296	1.4381993270552183e-05	2.306899104844354e-05	2.306899104844354e-05	5.0	0.010917030567685589
chr17	chr17	2874	71850000	2.3069109256529234e-05	457	439	0.005465365918017245	1.2449580678854773e-05	2.3069109256529234e-05	2.3069109256529234e-05	4.0	0.0087527352297593
chr17	chr17	2875	71875000	2.3069227424097297e-05	456	438	0.012214174907477797	2.7886244080999536e-05	2.3069227424097297e-05	2.3069227424097297e-05	8.0	0.017543859649122806
chr17	chr17	2876	71900000	2.3069345551175746e-05	455	437	0.012210164976262221	2.794088095254513e-05	2.3069345551175746e-05	2.3069345551175746e-05	9.0	0.01978021978021978
chr17	chr17	2877	71925000	2.3069463637792487e-05	454	436	0.011152833790976036	2.5579894016000082e-05	2.3069463637792487e-05	2.3069463637792487e-05	8.0	0.01762114537444934
chr17	chr17	2878	71950000	2.3069581683975464e-05	453	435	0.007651893878366005	1.759056063992185e-05	2.3069581683975464e-05	2.3069581683975464e-05	6.0	0.013245033112582781
chr17	chr17	2879	71975000	2.306969968975254e-05	452	434	0.01494935757654658	3.444552436992299e-05	2.306969968975254e-05	2.306969968975254e-05	10.0	0.022123893805309734
chr17	chr17	2880	72000000	2.3069817655151562e-05	451	433	0.010482256613161182	2.420844483409049e-05	2.3069817655151562e-05	2.3069817655151562e-05	7.0	0.015521064301552107
chr17	chr17	2881	72025000	2.30699355802004e-05	450	432	0.0081865033245893	1.8950239177290044e-05	2.30699355802004e-05	2.30699355802004e-05	7.0	0.015555555555555555
chr17	chr17	2882	72050000	2.3070053464926857e-05	449	431	0.003119070729446178	7.236823038158186e-06	2.3070053464926857e-05	2.3070053464926857e-05	2.0	0.004454342984409799
chr17	chr17	2883	72075000	2.3070171309358634e-05	448	430	0.009689860429672143	2.2534559138772427e-05	2.3070171309358634e-05	2.3070171309358634e-05	6.0	0.013392857142857142
chr17	chr17	2884	72100000	2.3070289113523555e-05	447	429	0.009644774621630684	2.248199212501325e-05	2.3070289113523555e-05	2.3070289113523555e-05	7.0	0.015659955257270694
chr17	chr17	2885	72125000	2.3070406877449296e-05	446	428	0.007498600489685075	1.752009460206793e-05	2.3070406877449296e-05	2.3070406877449296e-05	6.0	0.013452914798206279
chr17	chr17	2886	72150000	2.3070524601163536e-05	445	427	0.016607567767441538	3.88936013289029e-05	2.3070524601163536e-05	2.3070524601163536e-05	12.0	0.02696629213483146
chr17	chr17	2887	72175000	2.3070642284693917e-05	444	426	0.0016791743840592985	3.941723906242485e-06	2.3070642284693917e-05	2.3070642284693917e-05	1.0	0.0022522522522522522
chr17	chr17	2888	72200000	2.307075992806815e-05	443	425	0.01289830389463044	3.0348950340306918e-05	2.307075992806815e-05	2.307075992806815e-05	9.0	0.020316027088036117
chr17	chr17	2889	72225000	2.3070877531313725e-05	442	424	0.012052269429620061	2.8425163749103916e-05	2.3070877531313725e-05	2.3070877531313725e-05	8.0	0.01809954751131222
chr17	chr17	2890	72250000	2.307099509445827e-05	441	423	0.008677587466904106	2.05143911747142e-05	2.307099509445827e-05	2.307099509445827e-05	6.0	0.013605442176870748
chr17	chr17	2891	72275000	2.3071112617529377e-05	440	422	0.015293155563323701	3.623970512635948e-05	2.3071112617529377e-05	2.3071112617529377e-05	10.0	0.022727272727272728
chr17	chr17	2892	72300000	2.3071230100554448e-05	439	421	0.015247215549890326	3.621666401399127e-05	2.3071230100554448e-05	2.3071230100554448e-05	10.0	0.022779043280182234
chr17	chr17	2893	72325000	2.3071347543561045e-05	438	420	0.007081267300188731	1.68601602385446e-05	2.3071347543561045e-05	2.3071347543561045e-05	5.0	0.01141552511415525
chr17	chr17	2894	72350000	2.3071464946576584e-05	437	419	0.011833993863535062	2.8243422108675565e-05	2.3071464946576584e-05	2.3071464946576584e-05	8.0	0.018306636155606407
chr17	chr17	2895	72375000	2.3071582309628562e-05	436	418	0.014560391035774504	3.4833471377450965e-05	2.3071582309628562e-05	2.3071582309628562e-05	10.0	0.022935779816513763
chr17	chr17	2896	72400000	2.3071699632744296e-05	435	417	0.008363830378477384	2.005714719059325e-05	2.3071699632744296e-05	2.3071699632744296e-05	5.0	0.011494252873563218
chr17	chr17	2897	72425000	2.3071816915951226e-05	434	416	0.0042251372228687585	1.0156579862665285e-05	2.3071816915951226e-05	2.3071816915951226e-05	3.0	0.0069124423963133645
chr17	chr17	2898	72450000	2.3071934159276653e-05	433	415	0.01725022454590726	4.156680613471629e-05	2.3071934159276653e-05	2.3071934159276653e-05	11.0	0.025404157043879907
chr17	chr17	2899	72475000	2.3072051362747892e-05	432	414	0.004856963600229622	1.1731796135820343e-05	2.3072051362747892e-05	2.3072051362747892e-05	4.0	0.009259259259259259
chr17	chr17	2900	72500000	2.3072168526392272e-05	431	413	0.01679037854119895	4.0654669591280745e-05	2.3072168526392272e-05	2.3072168526392272e-05	12.0	0.027842227378190254
chr17	chr17	2901	72525000	2.3072285650237027e-05	430	412	0.009423437380275682	2.287242082591185e-05	2.3072285650237027e-05	2.3072285650237027e-05	7.0	0.01627906976744186
chr17	chr17	2902	72550000	2.3072402734309377e-05	429	411	0.012070402924067991	2.936837694420436e-05	2.3072402734309377e-05	2.3072402734309377e-05	8.0	0.018648018648018648
chr17	chr17	2903	72575000	2.307251977863652e-05	428	410	0.012022417696267723	2.9322969990896884e-05	2.307251977863652e-05	2.307251977863652e-05	8.0	0.018691588785046728
chr17	chr17	2904	72600000	2.3072636783245693e-05	427	409	0.01098577378479709	2.6860082603415865e-05	2.3072636783245693e-05	2.3072636783245693e-05	7.0	0.01639344262295082
chr17	chr17	2905	72625000	2.307275374816397e-05	426	408	0.008289614388438718	2.03176823246047e-05	2.307275374816397e-05	2.307275374816397e-05	5.0	0.011737089201877934
chr17	chr17	2906	72650000	2.3072870673418513e-05	425	407	0.007477181129797615	1.837145240736515e-05	2.3072870673418513e-05	2.3072870673418513e-05	5.0	0.011764705882352941
chr17	chr17	2907	72675000	2.3072987559036397e-05	424	406	0.012994132130849701	3.2005251553817e-05	2.3072987559036397e-05	2.3072987559036397e-05	10.0	0.02358490566037736
chr17	chr17	2908	72700000	2.30731044050447e-05	423	405	0.009877694948246113	2.4389370242582994e-05	2.30731044050447e-05	2.30731044050447e-05	6.0	0.014184397163120567
chr17	chr17	2909	72725000	2.3073221211470458e-05	422	404	0.004746016794842522	1.174756632386763e-05	2.3073221211470458e-05	2.3073221211470458e-05	3.0	0.0071090047393364926
chr17	chr17	2910	72750000	2.3073337978340665e-05	421	403	0.008226924794675577	2.0414205445845105e-05	2.3073337978340665e-05	2.3073337978340665e-05	6.0	0.014251781472684086
chr17	chr17	2911	72775000	2.3073454705682308e-05	420	402	0.014091169220260328	3.5052659751891366e-05	2.3073454705682308e-05	2.3073454705682308e-05	9.0	0.02142857142857143
chr17	chr17	2912	72800000	2.3073571393522355e-05	419	401	0.018077637479458668	4.508139022308895e-05	2.3073571393522355e-05	2.3073571393522355e-05	12.0	0.028639618138424822
chr17	chr17	2913	72825000	2.307368804188771e-05	418	400	0.006422076605205525	1.6055191513013813e-05	2.307368804188771e-05	2.307368804188771e-05	4.0	0.009569377990430622
chr17	chr17	2914	72850000	2.3073804650805287e-05	417	399	0.012320262266036129	3.0877850290817366e-05	2.3073804650805287e-05	2.3073804650805287e-05	9.0	0.02158273381294964
chr17	chr17	2915	72875000	2.3073921220301967e-05	416	398	0.008357491468514357	2.099872228269939e-05	2.3073921220301967e-05	2.3073921220301967e-05	6.0	0.014423076923076924
chr17	chr17	2916	72900000	2.3074037750404524e-05	415	397	0.00731227353723612	1.841882503082146e-05	2.3074037750404524e-05	2.3074037750404524e-05	5.0	0.012048192771084338
chr17	chr17	2917	72925000	2.3074154241139886e-05	414	396	0.01936844829603301	4.891022296978033e-05	2.3074154241139886e-05	2.3074154241139886e-05	13.0	0.03140096618357488
chr17	chr17	2918	72950000	2.307427069253476e-05	413	395	0.01240214031876984	3.139782359182238e-05	2.307427069253476e-05	2.307427069253476e-05	8.0	0.01937046004842615
chr17	chr17	2919	72975000	2.307478420483358e-05	412	394	0.012928925620158382	3.2814532030858837e-05	2.307478420483358e-05	2.307478420483358e-05	8.0	0.019417475728155338
chr17	chr17	2920	73000000	2.307529755266412e-05	411	393	0.009781605799331171	2.4889582186593312e-05	2.307529755266412e-05	2.307529755266412e-05	7.0	0.0170316301703163
chr17	chr17	2921	73025000	2.3075810736135343e-05	410	392	0.00860925909887338	2.1962395660391275e-05	2.3075810736135343e-05	2.3075810736135343e-05	6.0	0.014634146341463415
chr17	chr17	2922	73050000	2.307632375535615e-05	409	391	0.0071578484692068865	1.8306517824058532e-05	2.307632375535615e-05	2.307632375535615e-05	5.0	0.012224938875305624
chr17	chr17	2923	73075000	2.3076836610435263e-05	408	390	0.013731841991667104	3.520985126068488e-05	2.3076836610435263e-05	2.3076836610435263e-05	9.0	0.022058823529411766
chr17	chr17	2924	73100000	2.307734930148133e-05	407	389	0.012028091457993028	3.0920543593812415e-05	2.307734930148133e-05	2.307734930148133e-05	9.0	0.022113022113022112
chr17	chr17	2925	73125000	2.3077861828602904e-05	406	388	0.011977285604693598	3.086929279560206e-05	2.3077861828602904e-05	2.3077861828602904e-05	8.0	0.019704433497536946
chr17	chr17	2926	73150000	2.30783741919084e-05	405	387	0.015911012126473157	4.111372642499524e-05	2.30783741919084e-05	2.30783741919084e-05	10.0	0.024691358024691357
chr17	chr17	2927	73175000	2.3078886391506135e-05	404	386	0.011113451353921493	2.879132475109195e-05	2.3078886391506135e-05	2.3078886391506135e-05	8.0	0.019801980198019802
chr17	chr17	2928	73200000	2.307939842750435e-05	403	385	0.018690766721593026	4.854744603011176e-05	2.307939842750435e-05	2.307939842750435e-05	11.0	0.02729528535980149
chr17	chr17	2929	73225000	2.3079910300011114e-05	402	384	0.01988335318113378	5.177956557586922e-05	2.3079910300011114e-05	2.3079910300011114e-05	14.0	0.03482587064676617
chr17	chr17	2930	73250000	2.3080422009134437e-05	401	383	0.017616730032978263	4.599668415921218e-05	2.3080422009134437e-05	2.3080422009134437e-05	12.0	0.029925187032418952
chr17	chr17	2931	73275000	2.3080933554982165e-05	400	382	0.014359050274810579	3.758913684505387e-05	2.3080933554982165e-05	2.3080933554982165e-05	10.0	0.025
chr17	chr17	2932	73300000	2.308144493766213e-05	399	381	0.010921073665602273	2.8664235342788116e-05	2.308144493766213e-05	2.308144493766213e-05	8.0	0.020050125313283207
chr17	chr17	2933	73325000	2.3081956157281967e-05	398	380	0.013534341520875983	3.561668821283154e-05	2.3081956157281967e-05	2.3081956157281967e-05	10.0	0.02512562814070352
chr17	chr17	2934	73350000	2.3082467213949275e-05	397	379	0.010183043214320054	2.6868187900580618e-05	2.3082467213949275e-05	2.3082467213949275e-05	6.0	0.015113350125944584
chr17	chr17	2935	73375000	2.3082978107771463e-05	396	378	0.012612230698075414	3.3365689677448184e-05	2.3082978107771463e-05	2.3082978107771463e-05	9.0	0.022727272727272728
chr17	chr17	2936	73400000	2.3083488838855895e-05	395	377	0.00929175035765118	2.4646552672814798e-05	2.3083488838855895e-05	2.3083488838855895e-05	6.0	0.015189873417721518
chr17	chr17	2937	73425000	2.308399940730983e-05	394	376	0.009895251160477849	2.6317157341696406e-05	2.308399940730983e-05	2.308399940730983e-05	7.0	0.017766497461928935
chr17	chr17	2938	73450000	2.3084509813240365e-05	393	375	0.007901547875072003	2.107079433352534e-05	2.3084509813240365e-05	2.3084509813240365e-05	5.0	0.01272264631043257
chr17	chr17	2939	73475000	2.3085020056754567e-05	392	374	0.01684118741813082	4.5029912882702725e-05	2.3085020056754567e-05	2.3085020056754567e-05	12.0	0.030612244897959183
chr17	chr17	2940	73500000	2.3085530137959312e-05	391	373	0.010776841670166749	2.889233691733713e-05	2.3085530137959312e-05	2.3085530137959312e-05	7.0	0.017902813299232736
chr17	chr17	2941	73525000	2.3086040056961473e-05	390	372	0.011397479421906307	3.063838554275889e-05	2.3086040056961473e-05	2.3086040056961473e-05	8.0	0.020512820512820513
chr17	chr17	2942	73550000	2.308654981386767e-05	389	371	0.01242508354929495	3.349079123799178e-05	2.308654981386767e-05	2.308654981386767e-05	9.0	0.02313624678663239
chr17	chr17	2943	73575000	2.3087059408784578e-05	388	370	0.015659519835116518	4.2323026581395994e-05	2.3087059408784578e-05	2.3087059408784578e-05	10.0	0.02577319587628866
chr17	chr17	2944	73600000	2.3087568841818638e-05	387	369	0.01782071031900715	4.829460791058848e-05	2.3087568841818638e-05	2.3087568841818638e-05	11.0	0.028423772609819122
chr17	chr17	2945	73625000	2.308807811307627e-05	386	368	0.010755432325117492	2.9226718274775796e-05	2.308807811307627e-05	2.308807811307627e-05	8.0	0.02072538860103627
chr17	chr17	2946	73650000	2.308858722266371e-05	385	367	0.015321740257010835	4.1748611054525434e-05	2.308858722266371e-05	2.308858722266371e-05	10.0	0.025974025974025976
chr17	chr17	2947	73675000	2.30890961706872e-05	384	366	0.010021096566529386	2.738004526374149e-05	2.30890961706872e-05	2.30890961706872e-05	7.0	0.018229166666666668
chr17	chr17	2948	73700000	2.3089604957252758e-05	383	365	0.012287928480133922	3.3665557479818964e-05	2.3089604957252758e-05	2.3089604957252758e-05	8.0	0.020887728459530026
chr17	chr17	2949	73725000	2.3090113582466353e-05	382	364	0.011122117285158908	3.055526726692008e-05	2.3090113582466353e-05	2.3090113582466353e-05	8.0	0.020942408376963352
chr17	chr17	2950	73750000	2.3090622046433864e-05	381	363	0.01646600867758005	4.536090544787892e-05	2.3090622046433864e-05	2.3090622046433864e-05	11.0	0.028871391076115485
chr17	chr17	2951	73775000	2.3091130349261054e-05	380	362	0.01871921094998488	5.1710527486146076e-05	2.3091130349261054e-05	2.3091130349261054e-05	13.0	0.034210526315789476
chr17	chr17	2952	73800000	2.3091638491053536e-05	379	361	0.0077047882906314084	2.1342903852164568e-05	2.3091638491053536e-05	2.3091638491053536e-05	5.0	0.013192612137203167
chr17	chr17	2953	73825000	2.3092146471916845e-05	378	360	0.005416012904344735	1.5044480289846485e-05	2.3092146471916845e-05	2.3092146471916845e-05	4.0	0.010582010582010581
chr17	chr17	2954	73850000	2.3092654291956445e-05	377	359	0.006582609851109855	1.8335960588049736e-05	2.3092654291956445e-05	2.3092654291956445e-05	4.0	0.010610079575596816
chr17	chr17	2955	73875000	2.309316195127767e-05	376	358	0.015685528335041877	4.381432495821753e-05	2.309316195127767e-05	2.309316195127767e-05	10.0	0.026595744680851064
chr17	chr17	2956	73900000	2.30936694499857e-05	375	357	0.0076927379467579705	2.1548285565148376e-05	2.30936694499857e-05	2.30936694499857e-05	7.0	0.018666666666666668
chr17	chr17	2957	73925000	2.3094176788185748e-05	374	356	0.007258814312885648	2.0389927845184403e-05	2.3094176788185748e-05	2.3094176788185748e-05	5.0	0.013368983957219251
chr17	chr17	2958	73950000	2.309468396598276e-05	373	355	0.009514940645509357	2.680264970566016e-05	2.309468396598276e-05	2.309468396598276e-05	6.0	0.0160857908847185
chr17	chr17	2959	73975000	2.3095190983481693e-05	372	354	0.01663614323712056	4.6994754907120225e-05	2.3095190983481693e-05	2.3095190983481693e-05	12.0	0.03225806451612903
chr17	chr17	2960	74000000	2.3095697840787304e-05	371	353	0.013728637433391578	3.889132417391382e-05	2.3095697840787304e-05	2.3095697840787304e-05	9.0	0.02425876010781671
chr17	chr17	2961	74025000	2.3096204538004366e-05	370	352	0.016020227396522556	4.551200964921181e-05	2.3096204538004366e-05	2.3096204538004366e-05	10.0	0.02702702702702703
chr17	chr17	2962	74050000	2.3096711075237446e-05	369	351	0.012196108234773857	3.4746747107617825e-05	2.3096711075237446e-05	2.3096711075237446e-05	8.0	0.02168021680216802
chr17	chr17	2963	74075000	2.309721745259105e-05	368	350	0.013623014859298682	3.892289959799623e-05	2.309721745259105e-05	2.309721745259105e-05	9.0	0.024456521739130436
chr17	chr17	2964	74100000	2.309772367016955e-05	367	349	0.011484567791460884	3.2907071035704535e-05	2.309772367016955e-05	2.309772367016955e-05	8.0	0.021798365122615803
chr17	chr17	2965	74125000	2.309822972807729e-05	366	348	0.007330358582602536	2.1064248800582e-05	2.309822972807729e-05	2.309822972807729e-05	5.0	0.01366120218579235
chr17	chr17	2966	74150000	2.309873562641841e-05	365	347	0.010501773193533983	3.0264476062057587e-05	2.309873562641841e-05	2.309873562641841e-05	7.0	0.019178082191780823
chr17	chr17	2967	74175000	2.3099241365297046e-05	364	346	0.009118957885254618	2.635536961056248e-05	2.3099241365297046e-05	2.3099241365297046e-05	7.0	0.019230769230769232
chr17	chr17	2968	74200000	2.3099746944817142e-05	363	345	0.01877180375552553	5.4411025378334875e-05	2.3099746944817142e-05	2.3099746944817142e-05	12.0	0.03305785123966942
chr17	chr17	2969	74225000	2.310025236508258e-05	362	344	0.014924223567009091	4.3384370834328756e-05	2.310025236508258e-05	2.310025236508258e-05	10.0	0.027624309392265192
chr17	chr17	2970	74250000	2.310075762619717e-05	361	343	0.004371783325546433	1.2745723981184936e-05	2.310075762619717e-05	2.310075762619717e-05	3.0	0.008310249307479225
chr17	chr17	2971	74275000	2.310126272826455e-05	360	342	0.003871554086853561	1.1320333587291113e-05	2.310126272826455e-05	2.310126272826455e-05	2.0	0.005555555555555556
chr17	chr17	2972	74300000	2.310176767138831e-05	359	341	0.004215973995783387	1.2363560104936618e-05	2.310176767138831e-05	2.310176767138831e-05	3.0	0.008356545961002786
chr17	chr17	2973	74325000	2.310227245567194e-05	358	340	0.014890698064490143	4.379617077791218e-05	2.310227245567194e-05	2.310227245567194e-05	10.0	0.027932960893854747
chr17	chr17	2974	74350000	2.3102777081218776e-05	357	339	0.009456977327156847	2.7896688280698662e-05	2.3102777081218776e-05	2.3102777081218776e-05	6.0	0.01680672268907563
chr17	chr17	2975	74375000	2.310328154813209e-05	356	338	0.01890453635612105	5.5930580935269374e-05	2.310328154813209e-05	2.310328154813209e-05	12.0	0.033707865168539325
chr17	chr17	2976	74400000	2.3103785856515077e-05	355	337	0.008379318345801651	2.4864446129975228e-05	2.3103785856515077e-05	2.3103785856515077e-05	5.0	0.014084507042253521
chr17	chr17	2977	74425000	2.3104290006470743e-05	354	336	0.006198910362511147	1.844913798366413e-05	2.3104290006470743e-05	2.3104290006470743e-05	4.0	0.011299435028248588
chr17	chr17	2978	74450000	2.3104793998102117e-05	353	335	0.01064967629327965	3.179007848740194e-05	2.3104793998102117e-05	2.3104793998102117e-05	8.0	0.0226628895184136
chr17	chr17	2979	74475000	2.310529783151202e-05	352	334	0.00793438367682142	2.3755639750962335e-05	2.310529783151202e-05	2.310529783151202e-05	5.0	0.014204545454545454
chr17	chr17	2980	74500000	2.3105801506803236e-05	351	333	0.012691270042152921	3.811192204850727e-05	2.3105801506803236e-05	2.3105801506803236e-05	7.0	0.019943019943019943
chr17	chr17	2981	74525000	2.3106305024078368e-05	350	332	0.012304707503553863	3.7062371998656216e-05	2.3106305024078368e-05	2.3106305024078368e-05	8.0	0.022857142857142857
chr17	chr17	2982	74550000	2.310680838344002e-05	349	331	0.01380750528042294	4.171451746351341e-05	2.310680838344002e-05	2.310680838344002e-05	9.0	0.025787965616045846
chr17	chr17	2983	74575000	2.3107311584990645e-05	348	330	0.008820174265590893	2.672780080482089e-05	2.3107311584990645e-05	2.3107311584990645e-05	5.0	0.014367816091954023
chr17	chr17	2984	74600000	2.31078146288326e-05	347	329	0.013308903557871253	4.045259440082448e-05	2.31078146288326e-05	2.31078146288326e-05	9.0	0.025936599423631124
chr17	chr17	2985	74625000	2.3108317515068115e-05	346	328	0.019620261892067427	5.981787162215679e-05	2.3108317515068115e-05	2.3108317515068115e-05	12.0	0.03468208092485549
chr17	chr17	2986	74650000	2.310882024379935e-05	345	327	0.014019397796153835	4.287277613502702e-05	2.310882024379935e-05	2.310882024379935e-05	9.0	0.02608695652173913
chr17	chr17	2987	74675000	2.3109693591839404e-05	344	326	0.009178945352355831	2.8156274086981077e-05	2.3109693591839404e-05	2.3109693591839404e-05	6.0	0.01744186046511628
chr17	chr17	2988	74700000	2.311056668053514e-05	343	325	0.01096259390086369	3.373105815650366e-05	2.311056668053514e-05	2.311056668053514e-05	7.0	0.02040816326530612
chr17	chr17	2989	74725000	2.3111439510050288e-05	342	324	0.007844451704362989	2.421127069247836e-05	2.3111439510050288e-05	2.3111439510050288e-05	5.0	0.014619883040935672
chr17	chr17	2990	74750000	2.3112312080548468e-05	341	323	0.008391479131676068	2.597981155317668e-05	2.3112312080548468e-05	2.3112312080548468e-05	6.0	0.017595307917888565
chr17	chr17	2991	74775000	2.3113184392193155e-05	340	322	0.0046192731393125755	1.4345568755629117e-05	2.3113184392193155e-05	2.3113184392193155e-05	3.0	0.008823529411764706
chr17	chr17	2992	74800000	2.3114056445147627e-05	339	321	0.012290316236010857	3.828758952028305e-05	2.3114056445147627e-05	2.3114056445147627e-05	8.0	0.02359882005899705
chr17	chr17	2993	74825000	2.311492823957504e-05	338	320	0.015554125077548966	4.860664086734052e-05	2.311492823957504e-05	2.311492823957504e-05	9.0	0.026627218934911243
chr17	chr17	2994	74850000	2.311579977563836e-05	337	319	0.013675222939546934	4.286903742804681e-05	2.311579977563836e-05	2.311579977563836e-05	10.0	0.02967359050445104
chr17	chr17	2995	74875000	2.311667105350039e-05	336	318	0.006257136822739737	1.967653088911867e-05	2.311667105350039e-05	2.311667105350039e-05	4.0	0.011904761904761904
chr17	chr17	2996	74900000	2.311754207332384e-05	335	317	0.007632240531483045	2.4076468553574274e-05	2.311754207332384e-05	2.311754207332384e-05	5.0	0.014925373134328358
chr17	chr17	2997	74925000	2.3118412835271222e-05	334	316	0.001588427531123235	5.026669402288718e-06	2.3118412835271222e-05	2.3118412835271222e-05	1.0	0.0029940119760479044
chr17	chr17	2998	74950000	2.3119283339504833e-05	333	315	0.010599762427558185	3.365003945256567e-05	2.3119283339504833e-05	2.3119283339504833e-05	7.0	0.021021021021021023
chr17	chr17	2999	74975000	2.312015358618692e-05	332	314	0.008208996192749852	2.6143299976910357e-05	2.312015358618692e-05	2.312015358618692e-05	5.0	0.015060240963855422
chr17	chr17	3000	75000000	2.3121023575479498e-05	331	313	0.006378533509367876	2.0378701307884585e-05	2.3121023575479498e-05	2.3121023575479498e-05	5.0	0.015105740181268883
chr17	chr17	3001	75025000	2.31218933075445e-05	330	312	0.01048398880714255	3.3602528228021e-05	2.31218933075445e-05	2.31218933075445e-05	6.0	0.01818181818181818
chr17	chr17	3002	75050000	2.3122762782543583e-05	329	311	0.015058067861921997	4.8418224636405136e-05	2.3122762782543583e-05	2.3122762782543583e-05	9.0	0.02735562310030395
chr17	chr17	3003	75075000	2.3123632000638393e-05	328	310	0.008802420752742601	2.839490565400839e-05	2.3123632000638393e-05	2.3123632000638393e-05	6.0	0.018292682926829267
chr17	chr17	3004	75100000	2.3124500961990313e-05	327	309	0.006927257263708163	2.241830829679017e-05	2.3124500961990313e-05	2.3124500961990313e-05	4.0	0.012232415902140673
chr17	chr17	3005	75125000	2.3125369666760598e-05	326	308	0.003959458516881171	1.2855384795068735e-05	2.3125369666760598e-05	2.3125369666760598e-05	3.0	0.009202453987730062
chr17	chr17	3006	75150000	2.3126238115110368e-05	325	307	0.010511046616736918	3.423793686233524e-05	2.3126238115110368e-05	2.3126238115110368e-05	6.0	0.018461538461538463
chr17	chr17	3007	75175000	2.3127106307200606e-05	324	306	0.010282769637368433	3.360382234434129e-05	2.3127106307200606e-05	2.3127106307200606e-05	6.0	0.018518518518518517
chr17	chr17	3008	75200000	2.3127974243192048e-05	323	305	0.00820767315848166	2.6910403798300527e-05	2.3127974243192048e-05	2.3127974243192048e-05	5.0	0.015479876160990712
chr17	chr17	3009	75225000	2.3128841923245404e-05	322	304	0.005790263708388298	1.904692009338256e-05	2.3128841923245404e-05	2.3128841923245404e-05	4.0	0.012422360248447204
chr17	chr17	3010	75250000	2.3129709347521116e-05	321	303	0.007685893911718083	2.5365986507320405e-05	2.3129709347521116e-05	2.3129709347521116e-05	5.0	0.01557632398753894
chr17	chr17	3011	75275000	2.3130576516179557e-05	320	302	0.0036491551480536044	1.2083295192230478e-05	2.3130576516179557e-05	2.3130576516179557e-05	2.0	0.00625
chr17	chr17	3012	75300000	2.3131443429380877e-05	319	301	0.008829267511511536	2.9333114656184505e-05	2.3131443429380877e-05	2.3131443429380877e-05	6.0	0.018808777429467086
chr17	chr17	3013	75325000	2.313231008728515e-05	318	300	0.010723026756802461	3.574342252267487e-05	2.313231008728515e-05	2.313231008728515e-05	7.0	0.0220125786163522
chr17	chr17	3014	75350000	2.313317649005222e-05	317	299	0.007699991707912749	2.5752480628470732e-05	2.313317649005222e-05	2.313317649005222e-05	4.0	0.012618296529968454
chr17	chr17	3015	75375000	2.313404263784182e-05	316	298	0.011530711599618718	3.8693663085968854e-05	2.313404263784182e-05	2.313404263784182e-05	7.0	0.022151898734177215
chr17	chr17	3016	75400000	2.3134908530813498e-05	315	297	0.013204651950841716	4.4460107578591635e-05	2.3134908530813498e-05	2.3134908530813498e-05	8.0	0.025396825396825397
chr17	chr17	3017	75425000	2.313577416912672e-05	314	296	0.007053997977432898	2.3831074248084114e-05	2.313577416912672e-05	2.313577416912672e-05	5.0	0.01592356687898089
chr17	chr17	3018	75450000	2.31366395529407e-05	313	295	0.014605637469365447	4.95106354893744e-05	2.31366395529407e-05	2.31366395529407e-05	9.0	0.02875399361022364
chr17	chr17	3019	75475000	2.3137504682414592e-05	312	294	0.0040824059497621195	1.3885734523000406e-05	2.3137504682414592e-05	2.3137504682414592e-05	3.0	0.009615384615384616
chr17	chr17	3020	75500000	2.3138369557707354e-05	311	293	0.00808208608978102	2.75839115692185e-05	2.3138369557707354e-05	2.3138369557707354e-05	5.0	0.01607717041800643
chr17	chr17	3021	75525000	2.313923417897776e-05	310	292	0.01075924516205349	3.68467300070325e-05	2.313923417897776e-05	2.313923417897776e-05	6.0	0.01935483870967742
chr17	chr17	3022	75550000	2.3140098546384488e-05	309	291	0.0031835180853408166	1.0939924691892841e-05	2.3140098546384488e-05	2.3140098546384488e-05	2.0	0.006472491909385114
chr17	chr17	3023	75575000	2.3140962660086078e-05	308	290	0.012735655996270981	4.391605515955511e-05	2.3140962660086078e-05	2.3140962660086078e-05	8.0	0.025974025974025976
chr17	chr17	3024	75600000	2.314182652024082e-05	307	289	0.015609432741636155	5.401187799874102e-05	2.314182652024082e-05	2.314182652024082e-05	9.0	0.029315960912052116
chr17	chr17	3025	75625000	2.3142690127006963e-05	306	288	0.00833938933709114	2.8956212976010903e-05	2.3142690127006963e-05	2.3142690127006963e-05	6.0	0.0196078431372549
chr17	chr17	3026	75650000	2.3143553480542528e-05	305	287	0.006512328143380545	2.2691038827109913e-05	2.3143553480542528e-05	2.3143553480542528e-05	4.0	0.013114754098360656
chr17	chr17	3027	75675000	2.314441658100544e-05	304	286	0.0175149424054309	6.12410573616465e-05	2.314441658100544e-05	2.314441658100544e-05	11.0	0.03618421052631579
chr17	chr17	3028	75700000	2.3145279428553466e-05	303	285	0.006702038456357719	2.3515924408272698e-05	2.3145279428553466e-05	2.3145279428553466e-05	4.0	0.013201320132013201
chr17	chr17	3029	75725000	2.3146142023344147e-05	302	284	0.004127685309839237	1.4534103203659284e-05	2.3146142023344147e-05	2.3146142023344147e-05	3.0	0.009933774834437087
chr17	chr17	3030	75750000	2.314700436553501e-05	301	283	0.009709467554944916	3.430907263231419e-05	2.314700436553501e-05	2.314700436553501e-05	7.0	0.023255813953488372
chr17	chr17	3031	75775000	2.314786645528329e-05	300	282	0.008865727845151177	3.1438751223940347e-05	2.314786645528329e-05	2.314786645528329e-05	5.0	0.016666666666666666
chr17	chr17	3032	75800000	2.314872829274617e-05	299	281	0.011311657294565581	4.025500816571381e-05	2.314872829274617e-05	2.314872829274617e-05	6.0	0.020066889632107024
chr17	chr17	3033	75825000	2.3149589878080634e-05	298	280	0.01550060053921114	5.535928764003979e-05	2.3149589878080634e-05	2.3149589878080634e-05	10.0	0.03355704697986577
chr17	chr17	3034	75850000	2.3150451211443568e-05	297	279	0.010124373844149137	3.6288078294441353e-05	2.3150451211443568e-05	2.3150451211443568e-05	7.0	0.02356902356902357
chr17	chr17	3035	75875000	2.3151312292991613e-05	296	278	0.005969382715687088	2.1472599696716145e-05	2.3151312292991613e-05	2.3151312292991613e-05	4.0	0.013513513513513514
chr17	chr17	3036	75900000	2.3152173122881385e-05	295	277	0.009769028053696656	3.526724929132367e-05	2.3152173122881385e-05	2.3152173122881385e-05	6.0	0.020338983050847456
chr17	chr17	3037	75925000	2.315303370126925e-05	294	276	0.01582414249384813	5.733384961539177e-05	2.315303370126925e-05	2.315303370126925e-05	10.0	0.034013605442176874
chr17	chr17	3038	75950000	2.3153894028311482e-05	293	275	0.01289261433595464	4.688223394892596e-05	2.3153894028311482e-05	2.3153894028311482e-05	9.0	0.030716723549488054
chr17	chr17	3039	75975000	2.3154754104164183e-05	292	274	0.006137078624126934	2.2398097168346474e-05	2.3154754104164183e-05	2.3154754104164183e-05	5.0	0.017123287671232876
chr17	chr17	3040	76000000	2.3155613928983322e-05	291	273	0.007179063490870283	2.629693586399371e-05	2.3155613928983322e-05	2.3155613928983322e-05	4.0	0.013745704467353952
chr17	chr17	3041	76025000	2.3156473502924695e-05	290	272	0.005617711081886555	2.0653349565759392e-05	2.3156473502924695e-05	2.3156473502924695e-05	4.0	0.013793103448275862
chr17	chr17	3042	76050000	2.3157332826143966e-05	289	271	0.012017236273704797	4.434404529042361e-05	2.3157332826143966e-05	2.3157332826143966e-05	9.0	0.031141868512110725
chr17	chr17	3043	76075000	2.315819189879665e-05	288	270	0.008167695297029615	3.0250723322331908e-05	2.315819189879665e-05	2.315819189879665e-05	5.0	0.017361111111111112
chr17	chr17	3044	76100000	2.3159050721038134e-05	287	269	0.009331048252115986	3.468791171790329e-05	2.3159050721038134e-05	2.3159050721038134e-05	6.0	0.020905923344947737
chr17	chr17	3045	76125000	2.3159909293023594e-05	286	268	0.009874593137444513	3.684549678150938e-05	2.3159909293023594e-05	2.3159909293023594e-05	5.0	0.017482517482517484
chr17	chr17	3046	76150000	2.316076761490814e-05	285	267	0.016527091373884098	6.18992186287794e-05	2.316076761490814e-05	2.316076761490814e-05	10.0	0.03508771929824561
chr17	chr17	3047	76175000	2.316162568684669e-05	284	266	0.005671492860330796	2.1321401730566905e-05	2.316162568684669e-05	2.316162568684669e-05	4.0	0.014084507042253521
chr17	chr17	3048	76200000	2.3162483508994025e-05	283	265	0.005630428027383578	2.1246898216541804e-05	2.3162483508994025e-05	2.3162483508994025e-05	4.0	0.014134275618374558
chr17	chr17	3049	76225000	2.3163341081504774e-05	282	264	0.007188467048289014	2.7229041849579598e-05	2.3163341081504774e-05	2.3163341081504774e-05	5.0	0.01773049645390071
chr17	chr17	3050	76250000	2.3164198404533437e-05	281	263	0.007967813796424864	3.0295869948383513e-05	2.3164198404533437e-05	2.3164198404533437e-05	5.0	0.017793594306049824
chr17	chr17	3051	76275000	2.3165055478234324e-05	280	262	0.015259850369663201	5.824370370100458e-05	2.3165055478234324e-05	2.3165055478234324e-05	10.0	0.03571428571428571
chr17	chr17	3052	76300000	2.316591230276165e-05	279	261	0.00938439607661643	3.5955540523434595e-05	2.316591230276165e-05	2.316591230276165e-05	6.0	0.021505376344086023
chr17	chr17	3053	76325000	2.3166768878269468e-05	278	260	0.012015221004838629	4.6212388480148573e-05	2.3166768878269468e-05	2.3166768878269468e-05	8.0	0.02877697841726619
chr17	chr17	3054	76350000	2.3167625204911673e-05	277	259	0.00830304144033114	3.205807505919359e-05	2.3167625204911673e-05	2.3167625204911673e-05	6.0	0.021660649819494584
chr17	chr17	3055	76375000	2.316848128284202e-05	276	258	0.006642753782606163	2.5747107684520012e-05	2.316848128284202e-05	2.316848128284202e-05	5.0	0.018115942028985508
chr17	chr17	3056	76400000	2.3169337112214125e-05	275	257	0.003580944082242918	1.393363456125649e-05	2.3169337112214125e-05	2.3169337112214125e-05	3.0	0.01090909090909091
chr17	chr17	3057	76425000	2.317053960236841e-05	274	256	0.009420309177254975	3.6798082723652244e-05	2.317053960236841e-05	2.317053960236841e-05	7.0	0.025547445255474453
chr17	chr17	3058	76450000	2.317174176160946e-05	273	255	0.008626331939678567	3.382875270462183e-05	2.317174176160946e-05	2.317174176160946e-05	5.0	0.018315018315018316
chr17	chr17	3059	76475000	2.3172943590136468e-05	272	254	0.010667374948219625	4.1997539166218993e-05	2.3172943590136468e-05	2.3172943590136468e-05	7.0	0.025735294117647058
chr17	chr17	3060	76500000	2.3174145088148498e-05	271	253	0.010241908050161824	4.048185000063962e-05	2.3174145088148498e-05	2.3174145088148498e-05	7.0	0.025830258302583026
chr17	chr17	3061	76525000	2.3175346255844432e-05	270	252	0.010696390615613845	4.2445994506404147e-05	2.3175346255844432e-05	2.3175346255844432e-05	7.0	0.025925925925925925
chr17	chr17	3062	76550000	2.31765470934229e-05	269	251	0.005413795833498087	2.156890770317963e-05	2.31765470934229e-05	2.31765470934229e-05	4.0	0.01486988847583643
chr17	chr17	3063	76575000	2.3177747601082425e-05	268	250	0.012833031780116038	5.133212712046415e-05	2.3177747601082425e-05	2.3177747601082425e-05	8.0	0.029850746268656716
chr17	chr17	3064	76600000	2.317894777902132e-05	267	250	0.008024848007550685	3.209939203020274e-05	2.317894777902132e-05	2.317894777902132e-05	5.0	0.018726591760299626
chr17	chr17	3065	76625000	2.3180147627437708e-05	266	250	0.017133671468646795	6.853468587458718e-05	2.3180147627437708e-05	2.3180147627437708e-05	11.0	0.041353383458646614
chr17	chr17	3066	76650000	2.3181347146529503e-05	265	248	0.007473892713112658	3.0136664165776847e-05	2.3181347146529503e-05	2.3181347146529503e-05	5.0	0.018867924528301886
chr17	chr17	3067	76675000	2.3182546336494487e-05	264	246	0.0036347199038354954	1.4775284161932908e-05	2.3182546336494487e-05	2.3182546336494487e-05	2.0	0.007575757575757576
chr17	chr17	3068	76700000	2.3183745197530244e-05	263	245	0.007897718408704006	3.2235585341649004e-05	2.3183745197530244e-05	2.3183745197530244e-05	5.0	0.019011406844106463
chr17	chr17	3069	76725000	2.318494372983416e-05	262	244	0.005848043025426413	2.3967389448468906e-05	2.318494372983416e-05	2.318494372983416e-05	4.0	0.015267175572519083
chr17	chr17	3070	76750000	2.3186141933603418e-05	261	243	0.010780176719678168	4.4362867159169415e-05	2.3186141933603418e-05	2.3186141933603418e-05	7.0	0.02681992337164751
chr17	chr17	3071	76775000	2.3187339809035064e-05	260	242	0.006670683511291987	2.7564807897900772e-05	2.3187339809035064e-05	2.3187339809035064e-05	4.0	0.015384615384615385
chr17	chr17	3072	76800000	2.3188537356325962e-05	259	241	0.0012762666755894842	5.295712346844332e-06	2.3188537356325962e-05	2.3188537356325962e-05	1.0	0.003861003861003861
chr17	chr17	3073	76825000	2.3189734575672745e-05	258	240	0.008953256239058922	3.730523432941217e-05	2.3189734575672745e-05	2.3189734575672745e-05	6.0	0.023255813953488372
chr17	chr17	3074	76850000	2.319093146727188e-05	257	239	0.004337864247673037	1.8150059613694715e-05	2.319093146727188e-05	2.319093146727188e-05	4.0	0.01556420233463035
chr17	chr17	3075	76875000	2.319212803131973e-05	256	238	0.004896576816931175	2.0573852171979728e-05	2.319212803131973e-05	2.319212803131973e-05	4.0	0.015625
chr17	chr17	3076	76900000	2.3193324268012337e-05	255	237	0.009259517387845346	3.9069693619600614e-05	2.3193324268012337e-05	2.3193324268012337e-05	6.0	0.023529411764705882
chr17	chr17	3077	76925000	2.3194520177545693e-05	254	237	0.01433878750851806	6.050121311610995e-05	2.3194520177545693e-05	2.3194520177545693e-05	9.0	0.03543307086614173
chr17	chr17	3078	76950000	2.3195715760115498e-05	253	236	0.0029783766814843586	1.262024017578118e-05	2.3195715760115498e-05	2.3195715760115498e-05	2.0	0.007905138339920948
chr17	chr17	3079	76975000	2.3196911015917397e-05	252	234	0.005048600968354643	2.1575217813481382e-05	2.3196911015917397e-05	2.3196911015917397e-05	3.0	0.011904761904761904
chr17	chr17	3080	77000000	2.319810594514674e-05	251	233	0.008613928466810396	3.696965007214762e-05	2.319810594514674e-05	2.319810594514674e-05	5.0	0.0199203187250996
chr17	chr17	3081	77025000	2.319930054799875e-05	250	232	0.0025516603353674836	1.0998535928308119e-05	2.319930054799875e-05	2.319930054799875e-05	2.0	0.008
chr17	chr17	3082	77050000	2.3200494824668434e-05	249	231	0.007537604589344128	3.263032289759363e-05	2.3200494824668434e-05	2.3200494824668434e-05	5.0	0.020080321285140562
chr17	chr17	3083	77075000	2.3201688775350706e-05	248	230	0.00625609657505781	2.7200419891555692e-05	2.3201688775350706e-05	2.3201688775350706e-05	4.0	0.016129032258064516
chr17	chr17	3084	77100000	2.32028824002402e-05	247	229	0.004596108778396567	2.0070344010465357e-05	2.32028824002402e-05	2.32028824002402e-05	3.0	0.012145748987854251
chr17	chr17	3085	77125000	2.3204075699531408e-05	246	228	0.002599393167485065	1.1400847225811689e-05	2.3204075699531408e-05	2.3204075699531408e-05	2.0	0.008130081300813009
chr17	chr17	3086	77150000	2.320526867341866e-05	245	227	0.012232645273679583	5.388830517039464e-05	2.320526867341866e-05	2.320526867341866e-05	7.0	0.02857142857142857
chr17	chr17	3087	77175000	2.3206461322096098e-05	244	226	0.011957815844543402	5.291068957762567e-05	2.3206461322096098e-05	2.3206461322096098e-05	8.0	0.03278688524590164
chr17	chr17	3088	77200000	2.320765364575767e-05	243	225	0.011114512501258127	4.939783333892501e-05	2.320765364575767e-05	2.320765364575767e-05	7.0	0.02880658436213992
chr17	chr17	3089	77225000	2.3208845644597142e-05	242	224	0.002601923985963742	1.1615732080195277e-05	2.3208845644597142e-05	2.3208845644597142e-05	2.0	0.008264462809917356
chr17	chr17	3090	77250000	2.321003731880815e-05	241	223	0.0014085375088585548	6.316311698917286e-06	2.321003731880815e-05	2.321003731880815e-05	1.0	0.004149377593360996
chr17	chr17	3091	77275000	2.321122866858408e-05	240	222	0.005465135363550297	2.4617726862839176e-05	2.321122866858408e-05	2.321122866858408e-05	3.0	0.0125
chr17	chr17	3092	77300000	2.321241969411823e-05	239	221	0.002574480507921341	1.164923306751738e-05	2.321241969411823e-05	2.321241969411823e-05	2.0	0.008368200836820083
chr17	chr17	3093	77325000	2.3213610395603616e-05	238	220	0.01105488467891096	5.0249475813231636e-05	2.3213610395603616e-05	2.3213610395603616e-05	6.0	0.025210084033613446
chr17	chr17	3094	77350000	2.3214800773233166e-05	237	219	0.009906922688237155	4.523708990062628e-05	2.3214800773233166e-05	2.3214800773233166e-05	6.0	0.02531645569620253
chr17	chr17	3095	77375000	2.3215990827199568e-05	236	218	0.009377410474606059	4.301564437892687e-05	2.3215990827199568e-05	2.3215990827199568e-05	6.0	0.025423728813559324
chr17	chr17	3096	77400000	2.3217180557695373e-05	235	217	0.006217974143259822	2.865425872469964e-05	2.3217180557695373e-05	2.3217180557695373e-05	4.0	0.01702127659574468
chr17	chr17	3097	77425000	2.321836996491295e-05	234	216	0.011784192537720523	5.455644693389131e-05	2.321836996491295e-05	2.321836996491295e-05	8.0	0.03418803418803419
chr17	chr17	3098	77450000	2.3219559049044463e-05	233	215	0.006174656802171066	2.8719333963586356e-05	2.3219559049044463e-05	2.3219559049044463e-05	4.0	0.017167381974248927
chr17	chr17	3099	77475000	2.3220747810281937e-05	232	214	0.002063788881820561	9.643873279535332e-06	2.3220747810281937e-05	2.3220747810281937e-05	1.0	0.004310344827586207
chr17	chr17	3100	77500000	2.322193624881719e-05	231	213	0.00891896279903365	4.187306478419554e-05	2.322193624881719e-05	2.322193624881719e-05	5.0	0.021645021645021644
chr17	chr17	3101	77525000	2.322312436484188e-05	230	212	0.007269704417876696	3.429105857489008e-05	2.322312436484188e-05	2.322312436484188e-05	4.0	0.017391304347826087
chr17	chr17	3102	77550000	2.3224312158547502e-05	229	211	0.00608357723361915	2.8832119590612083e-05	2.3224312158547502e-05	2.3224312158547502e-05	4.0	0.017467248908296942
chr17	chr17	3103	77575000	2.322549963012534e-05	228	210	0.004937587839471208	2.3512323045100992e-05	2.322549963012534e-05	2.322549963012534e-05	3.0	0.013157894736842105
chr17	chr17	3104	77600000	2.3226686779766565e-05	227	209	0.00889239377109726	4.2547338617690234e-05	2.3226686779766565e-05	2.3226686779766565e-05	6.0	0.02643171806167401
chr17	chr17	3105	77625000	2.3227873607662054e-05	226	208	0.0	0.0	2.3227873607662054e-05	2.3227873607662054e-05	0.0	0.0
chr17	chr17	3106	77650000	2.322906011400269e-05	225	207	0.007164668507005557	3.461192515461622e-05	2.322906011400269e-05	2.322906011400269e-05	4.0	0.017777777777777778
chr17	chr17	3107	77675000	2.3230246298979007e-05	224	206	0.007799251660082258	3.786044495185562e-05	2.3230246298979007e-05	2.3230246298979007e-05	5.0	0.022321428571428572
chr17	chr17	3108	77700000	2.323143216278143e-05	223	205	0.004915044265145001	2.3975825683634153e-05	2.323143216278143e-05	2.323143216278143e-05	3.0	0.013452914798206279
chr17	chr17	3109	77725000	2.323261770560025e-05	222	204	0.006902448971080425	3.3835534171962865e-05	2.323261770560025e-05	2.323261770560025e-05	4.0	0.018018018018018018
chr17	chr17	3110	77750000	2.323380292762556e-05	221	203	0.00915742402267344	4.5110463165879016e-05	2.323380292762556e-05	2.323380292762556e-05	5.0	0.02262443438914027
chr17	chr17	3111	77775000	2.323498782904725e-05	220	202	0.0027788915471282536	1.3756888847169573e-05	2.323498782904725e-05	2.323498782904725e-05	2.0	0.00909090909090909
chr17	chr17	3112	77800000	2.3236172410055046e-05	219	201	0.0028440980805326623	1.414974169419235e-05	2.3236172410055046e-05	2.3236172410055046e-05	2.0	0.0091324200913242
chr17	chr17	3113	77825000	2.323735667083852e-05	218	200	0.009132449366088204	4.566224683044102e-05	2.323735667083852e-05	2.323735667083852e-05	6.0	0.027522935779816515
chr17	chr17	3114	77850000	2.3238540611587092e-05	217	199	0.0036242085913337496	1.8212103474038943e-05	2.3238540611587092e-05	2.3238540611587092e-05	2.0	0.009216589861751152
chr17	chr17	3115	77875000	2.3239724232489923e-05	216	198	0.004715909493825781	2.3817724716291826e-05	2.3239724232489923e-05	2.3239724232489923e-05	3.0	0.013888888888888888
chr17	chr17	3116	77900000	2.3240907533736113e-05	215	197	0.009396914146231831	4.770007180828341e-05	2.3240907533736113e-05	2.3240907533736113e-05	5.0	0.023255813953488372
chr17	chr17	3117	77925000	2.3242090515514506e-05	214	196	0.01031590712957649	5.2632179232533105e-05	2.3242090515514506e-05	2.3242090515514506e-05	8.0	0.037383177570093455
chr17	chr17	3118	77950000	2.3243273178013814e-05	213	195	0.004734845307963427	2.4281257989556036e-05	2.3243273178013814e-05	2.3243273178013814e-05	3.0	0.014084507042253521
chr17	chr17	3119	77975000	2.3244455521422533e-05	212	194	0.0027512440256934672	1.4181670235533337e-05	2.3244455521422533e-05	2.3244455521422533e-05	2.0	0.009433962264150943
chr17	chr17	3120	78000000	2.324563754592906e-05	211	193	0.008186644336868535	4.241784630501832e-05	2.324563754592906e-05	2.324563754592906e-05	6.0	0.02843601895734597
chr17	chr17	3121	78025000	2.324681925172158e-05	210	192	0.006163873665422925	3.2103508674077734e-05	2.324681925172158e-05	2.324681925172158e-05	3.0	0.014285714285714285
chr17	chr17	3122	78050000	2.3248000638988074e-05	209	192	0.012265956401967877	6.38851895935827e-05	2.3248000638988074e-05	2.3248000638988074e-05	9.0	0.0430622009569378
chr17	chr17	3123	78075000	2.3249181707916407e-05	208	192	0.0014452741542737182	7.527469553508949e-06	2.3249181707916407e-05	2.3249181707916407e-05	1.0	0.004807692307692308
chr17	chr17	3124	78100000	2.325036245869424e-05	207	191	0.005427164165489438	2.841447207062533e-05	2.325036245869424e-05	2.325036245869424e-05	3.0	0.014492753623188406
chr17	chr17	3125	78125000	2.32515428915091e-05	206	190	0.011768868321396043	6.194141221787391e-05	2.32515428915091e-05	2.32515428915091e-05	7.0	0.03398058252427184
chr17	chr17	3126	78150000	2.3252723006548295e-05	205	189	0.0044977502723811775	2.37976204887893e-05	2.3252723006548295e-05	2.3252723006548295e-05	3.0	0.014634146341463415
chr17	chr17	3127	78175000	2.3253902803998984e-05	204	188	0.011491447891208971	6.112472282557963e-05	2.3253902803998984e-05	2.3253902803998984e-05	7.0	0.03431372549019608
chr17	chr17	3128	78200000	2.3255082284048177e-05	203	187	0.009843128254775282	5.263704949077691e-05	2.3255082284048177e-05	2.3255082284048177e-05	6.0	0.029556650246305417
chr17	chr17	3129	78225000	2.3256582122825474e-05	202	186	0.0030105099469403696	1.618553734914177e-05	2.3256582122825474e-05	2.3256582122825474e-05	2.0	0.009900990099009901
chr17	chr17	3130	78250000	2.325808157903037e-05	201	185	0.006997068726659851	3.7821993117080274e-05	2.325808157903037e-05	2.325808157903037e-05	4.0	0.01990049751243781
chr17	chr17	3131	78275000	2.325958065288265e-05	200	184	0.007873686288197899	4.279177330542336e-05	2.325958065288265e-05	2.325958065288265e-05	6.0	0.03
chr17	chr17	3132	78300000	2.3261079344601825e-05	199	183	0.003192134999862301	1.7443360654985252e-05	2.3261079344601825e-05	2.3261079344601825e-05	2.0	0.010050251256281407
chr17	chr17	3133	78325000	2.3262577654407335e-05	198	182	0.0028785481290826264	1.5816198511443004e-05	2.3262577654407335e-05	2.3262577654407335e-05	2.0	0.010101010101010102
chr17	chr17	3134	78350000	2.3264075582518346e-05	197	181	0.009745983123606685	5.3845210627661244e-05	2.3264075582518346e-05	2.3264075582518346e-05	6.0	0.030456852791878174
chr17	chr17	3135	78375000	2.3265573129153814e-05	196	180	0.009226917295377477	5.1260651640985984e-05	2.3265573129153814e-05	2.3265573129153814e-05	6.0	0.030612244897959183
chr17	chr17	3136	78400000	2.3267070294532554e-05	195	179	0.007306904421647548	4.082069509300306e-05	2.3267070294532554e-05	2.3267070294532554e-05	5.0	0.02564102564102564
chr17	chr17	3137	78425000	2.3268567078873115e-05	194	178	0.0019465624144587143	1.093574390145345e-05	2.3268567078873115e-05	2.3268567078873115e-05	1.0	0.005154639175257732
chr17	chr17	3138	78450000	2.327006348239391e-05	193	177	0.005179064083201663	2.9260249057636515e-05	2.327006348239391e-05	2.327006348239391e-05	4.0	0.02072538860103627
chr17	chr17	3139	78475000	2.3271559505313148e-05	192	176	0.0032231842127115563	1.8313546663133844e-05	2.3271559505313148e-05	2.3271559505313148e-05	2.0	0.010416666666666666
chr17	chr17	3140	78500000	2.3273055147848872e-05	191	175	0.0046484536574527046	2.6562592328301168e-05	2.3273055147848872e-05	2.3273055147848872e-05	3.0	0.015706806282722512
chr17	chr17	3141	78525000	2.327455041021884e-05	190	175	0.003347667815550838	1.9129530374576217e-05	2.327455041021884e-05	2.327455041021884e-05	2.0	0.010526315789473684
chr17	chr17	3142	78550000	2.327604529264068e-05	189	174	0.006023961339958705	3.462046747102704e-05	2.327604529264068e-05	2.327604529264068e-05	4.0	0.021164021164021163
chr17	chr17	3143	78575000	2.3277539795331834e-05	188	172	0.0045262343118822055	2.631531576675701e-05	2.3277539795331834e-05	2.3277539795331834e-05	3.0	0.015957446808510637
chr17	chr17	3144	78600000	2.327903391850953e-05	187	171	0.00836273609178212	4.890488942562643e-05	2.327903391850953e-05	2.327903391850953e-05	5.0	0.026737967914438502
chr17	chr17	3145	78625000	2.328052766239079e-05	186	170	0.005584244823538546	3.284849896199145e-05	2.328052766239079e-05	2.328052766239079e-05	4.0	0.021505376344086023
chr17	chr17	3146	78650000	2.328202102719247e-05	185	169	0.007808310910483016	4.6203023138952754e-05	2.328202102719247e-05	2.328202102719247e-05	5.0	0.02702702702702703
chr17	chr17	3147	78675000	2.3283514013131237e-05	184	168	0.006466505590836236	3.849110470735855e-05	2.3283514013131237e-05	2.3283514013131237e-05	5.0	0.02717391304347826
chr17	chr17	3148	78700000	2.3285006620423527e-05	183	168	0.0037147620417538334	2.2111678819963292e-05	2.3285006620423527e-05	2.3285006620423527e-05	2.0	0.01092896174863388
chr17	chr17	3149	78725000	2.32864988492856e-05	182	167	0.009950307016368919	5.958267674472406e-05	2.32864988492856e-05	2.32864988492856e-05	6.0	0.03296703296703297
chr17	chr17	3150	78750000	2.3287990699933578e-05	181	165	0.009380648699107649	5.685241635822817e-05	2.3287990699933578e-05	2.3287990699933578e-05	6.0	0.03314917127071823
chr17	chr17	3151	78775000	2.3289482172583297e-05	180	164	0.001693729023271868	1.0327615995560171e-05	2.3289482172583297e-05	2.3289482172583297e-05	1.0	0.005555555555555556
chr17	chr17	3152	78800000	2.329097326745046e-05	179	163	0.003369970024806799	2.0674662728876066e-05	2.329097326745046e-05	2.329097326745046e-05	2.0	0.0111731843575419
chr17	chr17	3153	78825000	2.3292463984750594e-05	178	162	0.004925506428755368	3.040436067132943e-05	2.3292463984750594e-05	2.3292463984750594e-05	3.0	0.016853932584269662
chr17	chr17	3154	78850000	2.329395432469895e-05	177	162	0.005113710411504786	3.156611365126411e-05	2.329395432469895e-05	2.329395432469895e-05	3.0	0.01694915254237288
chr17	chr17	3155	78875000	2.3295444287510685e-05	176	160	0.0034516362328739715	2.1572726455462323e-05	2.3295444287510685e-05	2.3295444287510685e-05	2.0	0.011363636363636364
chr17	chr17	3156	78900000	2.3296933873400735e-05	175	159	0.006507077365597192	4.0925014877969765e-05	2.3296933873400735e-05	2.3296933873400735e-05	4.0	0.022857142857142857
chr17	chr17	3157	78925000	2.3298423082583795e-05	174	158	0.0014314830016776874	9.060018997960046e-06	2.3298423082583795e-05	2.3298423082583795e-05	1.0	0.005747126436781609
chr17	chr17	3158	78950000	2.3299911915274472e-05	173	157	0.007249703323340215	4.617645428879118e-05	2.3299911915274472e-05	2.3299911915274472e-05	4.0	0.023121387283236993
chr17	chr17	3159	78975000	2.3301400371687077e-05	172	156	0.016822868159804612	0.00010783889846028597	2.3301400371687077e-05	2.3301400371687077e-05	11.0	0.06395348837209303
chr17	chr17	3160	79000000	2.330288845203579e-05	171	155	0.004852792918864709	3.130834141203038e-05	2.330288845203579e-05	2.330288845203579e-05	3.0	0.017543859649122806
chr17	chr17	3161	79025000	2.3304376156534573e-05	170	155	0.006362105146774148	4.104583965660741e-05	2.3304376156534573e-05	2.3304376156534573e-05	4.0	0.023529411764705882
chr17	chr17	3162	79050000	2.3305863485397216e-05	169	153	0.0023684852378632877	1.548029567230907e-05	2.3305863485397216e-05	2.3305863485397216e-05	2.0	0.011834319526627219
chr17	chr17	3163	79075000	2.3307350438837327e-05	168	152	0.0014968174342469675	9.847483120045838e-06	2.3307350438837327e-05	2.3307350438837327e-05	1.0	0.005952380952380952
chr17	chr17	3164	79100000	2.3308837017068328e-05	167	151	0.002399098845784991	1.588807182639067e-05	2.3308837017068328e-05	2.3308837017068328e-05	2.0	0.011976047904191617
chr17	chr17	3165	79125000	2.3310323220303423e-05	166	150	0.005023897140834267	3.3492647605561784e-05	2.3310323220303423e-05	2.3310323220303423e-05	3.0	0.018072289156626505
chr17	chr17	3166	79150000	2.331180904875562e-05	165	149	0.006082942320736313	4.082511624655244e-05	2.331180904875562e-05	2.331180904875562e-05	4.0	0.024242424242424242
chr17	chr17	3167	79175000	2.331329450263779e-05	164	148	0.009654883113643906	6.523569671381017e-05	2.331329450263779e-05	2.331329450263779e-05	5.0	0.03048780487804878
chr17	chr17	3168	79200000	2.3314779582162616e-05	163	147	0.005569195631345905	3.7885684566978944e-05	2.3314779582162616e-05	2.3314779582162616e-05	3.0	0.018404907975460124
chr17	chr17	3169	79225000	2.331626428754253e-05	162	146	0.0015780327830021705	1.0808443719192949e-05	2.331626428754253e-05	2.331626428754253e-05	1.0	0.006172839506172839
chr17	chr17	3170	79250000	2.3317748618989807e-05	161	145	0.004535589136905989	3.127992508211027e-05	2.3317748618989807e-05	2.3317748618989807e-05	3.0	0.018633540372670808
chr17	chr17	3171	79275000	2.3319232576716524e-05	160	144	0.003191577561369006	2.216373306506254e-05	2.3319232576716524e-05	2.3319232576716524e-05	3.0	0.01875
chr17	chr17	3172	79300000	2.332071616093466e-05	159	143	0.006749770998522284	4.7201195793862125e-05	2.332071616093466e-05	2.332071616093466e-05	4.0	0.025157232704402517
chr17	chr17	3173	79325000	2.332219937185582e-05	158	142	0.0058989040054480595	4.154157750315535e-05	2.332219937185582e-05	2.332219937185582e-05	4.0	0.02531645569620253
chr17	chr17	3174	79350000	2.332368220969167e-05	157	141	0.003238658864371879	2.2969211804055878e-05	2.332368220969167e-05	2.332368220969167e-05	2.0	0.012738853503184714
chr17	chr17	3175	79375000	2.3325164674653455e-05	156	140	0.008083476898755883	5.7739120705399164e-05	2.3325164674653455e-05	2.3325164674653455e-05	5.0	0.03205128205128205
chr17	chr17	3176	79400000	2.3326646766952373e-05	155	139	0.007272490134229597	5.23200729081266e-05	2.3326646766952373e-05	2.3326646766952373e-05	4.0	0.025806451612903226
chr17	chr17	3177	79425000	2.3328128486799387e-05	154	138	0.006010478498677957	4.3554192019405486e-05	2.3328128486799387e-05	2.3328128486799387e-05	4.0	0.025974025974025976
chr17	chr17	3178	79450000	2.3329609834405254e-05	153	137	0.0029268377361170448	2.1363779095744853e-05	2.3329609834405254e-05	2.3329609834405254e-05	2.0	0.013071895424836602
chr17	chr17	3179	79475000	2.333109080998066e-05	152	136	0.0	0.0	2.333109080998066e-05	2.333109080998066e-05	0.0	0.0
chr17	chr17	3180	79500000	2.3332571413735928e-05	151	135	0.003409888801320294	2.5258435565335513e-05	2.3332571413735928e-05	2.3332571413735928e-05	2.0	0.013245033112582781
chr17	chr17	3181	79525000	2.3334051645881345e-05	150	134	0.008614975884865678	6.429086481243043e-05	2.3334051645881345e-05	2.3334051645881345e-05	6.0	0.04
chr17	chr17	3182	79550000	2.3335531506626965e-05	149	133	0.0	0.0	2.3335531506626965e-05	2.3335531506626965e-05	0.0	0.0
chr17	chr17	3183	79575000	2.3337010996182616e-05	148	132	0.00307191908781193	2.3272114301605527e-05	2.3337010996182616e-05	2.3337010996182616e-05	2.0	0.013513513513513514
chr17	chr17	3184	79600000	2.3338490114757985e-05	147	131	0.002617049099063364	1.9977474038651633e-05	2.3338490114757985e-05	2.3338490114757985e-05	2.0	0.013605442176870748
chr17	chr17	3185	79625000	2.3339968862562574e-05	146	130	0.014962106677629998	0.00011509312828946152	2.3339968862562574e-05	2.3339968862562574e-05	9.0	0.06164383561643835
chr17	chr17	3186	79650000	2.3341447239805668e-05	145	129	0.008405286749939697	6.515726162743951e-05	2.3341447239805668e-05	2.3341447239805668e-05	5.0	0.034482758620689655
chr17	chr17	3187	79675000	2.3342925246696406e-05	144	128	0.004334787059563012	3.386552390283603e-05	2.3342925246696406e-05	2.3342925246696406e-05	3.0	0.020833333333333332
chr17	chr17	3188	79700000	2.334440288344377e-05	143	127	0.006552798109248179	5.1596835505891176e-05	2.334440288344377e-05	2.334440288344377e-05	4.0	0.027972027972027972
chr17	chr17	3189	79725000	2.334588015025647e-05	142	126	0.0030697346472198664	2.436297339063386e-05	2.334588015025647e-05	2.334588015025647e-05	2.0	0.014084507042253521
chr17	chr17	3190	79750000	2.3347357047343062e-05	141	125	0.0033026435044231544	2.6421148035385237e-05	2.3347357047343062e-05	2.3347357047343062e-05	2.0	0.014184397163120567
chr17	chr17	3191	79775000	2.3348833574912015e-05	140	124	0.0028701813378446553	2.314662369229561e-05	2.3348833574912015e-05	2.3348833574912015e-05	2.0	0.014285714285714285
chr17	chr17	3192	79800000	2.335030973317144e-05	139	123	0.006938241498831522	5.6408467470174975e-05	2.335030973317144e-05	2.335030973317144e-05	4.0	0.02877697841726619
chr17	chr17	3193	79825000	2.335178552232946e-05	138	122	0.005607591036312732	4.596386095338305e-05	2.335178552232946e-05	2.335178552232946e-05	3.0	0.021739130434782608
chr17	chr17	3194	79850000	2.335326094259387e-05	137	121	0.009922776955889568	8.200642112305429e-05	2.335326094259387e-05	2.335326094259387e-05	6.0	0.043795620437956206
chr17	chr17	3195	79875000	2.335473599417232e-05	136	120	0.01094951354332344	9.1245946194362e-05	2.335473599417232e-05	2.335473599417232e-05	6.0	0.04411764705882353
chr17	chr17	3196	79900000	2.3356210677272297e-05	135	119	0.006533344258636203	5.490205259358153e-05	2.3356210677272297e-05	2.3356210677272297e-05	4.0	0.02962962962962963
chr17	chr17	3197	79925000	2.335768499210113e-05	134	118	0.0038116701858413645	3.2302289710520036e-05	2.335768499210113e-05	2.335768499210113e-05	2.0	0.014925373134328358
chr17	chr17	3198	79950000	2.335915893886594e-05	133	117	0.009637485191457941	8.237166830305932e-05	2.335915893886594e-05	2.335915893886594e-05	5.0	0.03759398496240601
chr17	chr17	3199	79975000	2.33606325177736e-05	132	117	0.0045725693009270475	3.908178889681237e-05	2.33606325177736e-05	2.33606325177736e-05	3.0	0.022727272727272728
chr17	chr17	3200	80000000	2.3362105729030936e-05	131	116	0.0025241078164907975	2.1759550142162046e-05	2.3362105729030936e-05	2.3362105729030936e-05	2.0	0.015267175572519083
chr17	chr17	3201	80025000	2.3363578572844483e-05	130	115	0.005440900344886082	4.731217691205288e-05	2.3363578572844483e-05	2.3363578572844483e-05	3.0	0.023076923076923078
chr17	chr17	3202	80050000	2.336534608484033e-05	129	114	0.004946759470599952	4.3392626935087294e-05	2.336534608484033e-05	2.336534608484033e-05	3.0	0.023255813953488372
chr17	chr17	3203	80075000	2.336711317857385e-05	128	113	0.008063380016199967	7.13573452761059e-05	2.336711317857385e-05	2.336711317857385e-05	4.0	0.03125
chr17	chr17	3204	80100000	2.336887985427454e-05	127	112	0.007966166682788538	7.112648823918337e-05	2.336887985427454e-05	2.336887985427454e-05	5.0	0.03937007874015748
chr17	chr17	3205	80125000	2.3370646112171715e-05	126	111	0.0054077812768101845	4.8718750241533195e-05	2.3370646112171715e-05	2.3370646112171715e-05	3.0	0.023809523809523808
chr17	chr17	3206	80150000	2.3372411952494526e-05	125	111	0.004298383358504089	3.872417440093773e-05	2.3372411952494526e-05	2.3372411952494526e-05	2.0	0.016
chr17	chr17	3207	80175000	2.3374177375471892e-05	124	110	0.007558279878330324	6.87116352575484e-05	2.3374177375471892e-05	2.3374177375471892e-05	4.0	0.03225806451612903
chr17	chr17	3208	80200000	2.3375942381332548e-05	123	109	0.004894325930964942	4.4902072761146254e-05	2.3375942381332548e-05	2.3375942381332548e-05	3.0	0.024390243902439025
chr17	chr17	3209	80225000	2.3377706970304964e-05	122	108	0.004252895867982532	3.93786654442827e-05	2.3377706970304964e-05	2.3377706970304964e-05	3.0	0.02459016393442623
chr17	chr17	3210	80250000	2.3379471142617525e-05	121	107	0.00868762105991672	8.119272018613758e-05	2.3379471142617525e-05	2.3379471142617525e-05	5.0	0.04132231404958678
chr17	chr17	3211	80275000	2.3381234898498397e-05	120	106	0.010220083794837046	9.641588485695327e-05	2.3381234898498397e-05	2.3381234898498397e-05	6.0	0.05
chr17	chr17	3212	80300000	2.3382998238175447e-05	119	105	0.001381292262271641	1.3155164402587056e-05	2.3382998238175447e-05	2.3382998238175447e-05	1.0	0.008403361344537815
chr17	chr17	3213	80325000	2.338476116187645e-05	118	104	0.007553249862585937	7.262740252486478e-05	2.338476116187645e-05	2.338476116187645e-05	4.0	0.03389830508474576
chr17	chr17	3214	80350000	2.3386523669828972e-05	117	103	0.011074494705131133	0.0001075193660692343	2.3386523669828972e-05	2.3386523669828972e-05	6.0	0.05128205128205128
chr17	chr17	3215	80375000	2.3388285762260372e-05	116	102	0.008250175548932434	8.088407400914151e-05	2.3388285762260372e-05	2.3388285762260372e-05	5.0	0.04310344827586207
chr17	chr17	3216	80400000	2.3390047439397772e-05	115	101	0.004839511939271774	4.7915959794770047e-05	2.3390047439397772e-05	2.3390047439397772e-05	4.0	0.034782608695652174
chr17	chr17	3217	80425000	2.339180870146818e-05	114	100	0.006657632026027764	6.657632026027764e-05	2.339180870146818e-05	2.339180870146818e-05	4.0	0.03508771929824561
chr17	chr17	3218	80450000	2.339356954869836e-05	113	99	0.0048244127965316845	4.8731442389208936e-05	2.339356954869836e-05	2.339356954869836e-05	3.0	0.02654867256637168
chr17	chr17	3219	80475000	2.3395329981314875e-05	112	98	0.004699767223720318	4.795680840530937e-05	2.3395329981314875e-05	2.3395329981314875e-05	3.0	0.026785714285714284
chr17	chr17	3220	80500000	2.3397089999544116e-05	111	97	0.0071330628140092245	7.35367300413322e-05	2.3397089999544116e-05	2.3397089999544116e-05	4.0	0.036036036036036036
chr17	chr17	3221	80525000	2.3398849603612254e-05	110	96	0.004721528749534538	4.9182591140984766e-05	2.3398849603612254e-05	2.3398849603612254e-05	3.0	0.02727272727272727
chr17	chr17	3222	80550000	2.3400608793745298e-05	109	95	0.004655331081349887	4.900348506684092e-05	2.3400608793745298e-05	2.3400608793745298e-05	3.0	0.027522935779816515
chr17	chr17	3223	80575000	2.3402367570169062e-05	108	94	0.0072133251755698725	7.67375018677646e-05	2.3402367570169062e-05	2.3402367570169062e-05	4.0	0.037037037037037035
chr17	chr17	3224	80600000	2.340412593310915e-05	107	93	0.009190397780987734	9.882148151599714e-05	2.340412593310915e-05	2.340412593310915e-05	6.0	0.056074766355140186
chr17	chr17	3225	80625000	2.3405883882790934e-05	106	92	0.0073397105638032464	7.977946265003529e-05	2.3405883882790934e-05	2.3405883882790934e-05	5.0	0.04716981132075472
chr17	chr17	3226	80650000	2.3407641419439685e-05	105	91	0.0032304307454841695	3.54992389613645e-05	2.3407641419439685e-05	2.3407641419439685e-05	2.0	0.01904761904761905
chr17	chr17	3227	80675000	2.3409398543280445e-05	104	90	0.01260507773323013	0.00014005641925811255	2.3409398543280445e-05	2.3409398543280445e-05	7.0	0.0673076923076923
chr17	chr17	3228	80700000	2.341115525453803e-05	103	89	0.0065462153633457434	7.355298161062634e-05	2.341115525453803e-05	2.341115525453803e-05	4.0	0.038834951456310676
chr17	chr17	3229	80725000	2.3412911553437037e-05	102	88	0.008162699210509085	9.275794557396687e-05	2.3412911553437037e-05	2.3412911553437037e-05	5.0	0.049019607843137254
chr17	chr17	3230	80750000	2.3414667440201997e-05	101	87	0.004933307569546651	5.6704684707432765e-05	2.3414667440201997e-05	2.3414667440201997e-05	3.0	0.0297029702970297
chr17	chr17	3231	80775000	2.3416422915057142e-05	100	86	0.010949620049687008	0.0001273211633684536	2.3416422915057142e-05	2.3416422915057142e-05	6.0	0.06
chr17	chr17	3232	80800000	2.3418177978226512e-05	99	85	0.007647065396592998	8.996547525403527e-05	2.3418177978226512e-05	2.3418177978226512e-05	4.0	0.04040404040404041
chr17	chr17	3233	80825000	2.341993262993405e-05	98	84	0.01145474302138034	0.00013636598834976596	2.341993262993405e-05	2.341993262993405e-05	6.0	0.061224489795918366
chr17	chr17	3234	80850000	2.3421686870403408e-05	97	83	0.0016438246169184457	1.9805115866487297e-05	2.3421686870403408e-05	2.3421686870403408e-05	1.0	0.010309278350515464
chr17	chr17	3235	80875000	2.3423440699858096e-05	96	82	0.004799423562862419	5.8529555644663643e-05	2.3423440699858096e-05	2.3423440699858096e-05	3.0	0.03125
chr17	chr17	3236	80900000	2.342519411852138e-05	95	81	0.01118427655553799	0.0001380774883399752	2.342519411852138e-05	2.342519411852138e-05	6.0	0.06315789473684211
chr17	chr17	3237	80925000	2.342694712661645e-05	94	80	0.0013661419466437946	1.7076774333047434e-05	2.342694712661645e-05	2.342694712661645e-05	1.0	0.010638297872340425
chr17	chr17	3238	80950000	2.342869972436617e-05	93	79	0.0	0.0	2.342869972436617e-05	2.342869972436617e-05	0.0	0.0
chr17	chr17	3239	80975000	2.3430451911993315e-05	92	78	0.0	0.0	2.3430451911993315e-05	2.3430451911993315e-05	0.0	0.0
chr17	chr17	3240	81000000	2.3432203689720417e-05	91	77	0.0	0.0	2.3432203689720417e-05	2.3432203689720417e-05	1.0	0.01098901098901099
chr17	chr17	3241	81025000	2.3433955057769832e-05	90	76	0.00420482006151223	5.532657975673987e-05	2.3433955057769832e-05	2.3433955057769832e-05	2.0	0.022222222222222223
chr17	chr17	3242	81050000	2.3435706016363728e-05	89	75	0.004255748774056404	5.6743316987418724e-05	2.3435706016363728e-05	2.3435706016363728e-05	2.0	0.02247191011235955
chr17	chr17	3243	81075000	2.34374565657241e-05	88	74	0.004364632773666212	5.8981523968462324e-05	2.34374565657241e-05	2.34374565657241e-05	2.0	0.022727272727272728
chr17	chr17	3244	81100000	2.3439206706072737e-05	87	73	0.0	0.0	2.3439206706072737e-05	2.3439206706072737e-05	0.0	0.0
chr17	chr17	3245	81125000	2.344095643763122e-05	86	72	0.006692016883209498	9.294467893346524e-05	2.344095643763122e-05	2.344095643763122e-05	4.0	0.046511627906976744
chr17	chr17	3246	81150000	2.3442705760621003e-05	85	71	0.0034391637352707456	4.8438925848883744e-05	2.3442705760621003e-05	2.3442705760621003e-05	2.0	0.023529411764705882
chr17	chr17	3247	81175000	2.344445467526327e-05	84	70	0.004755419232140526	6.793456045915037e-05	2.344445467526327e-05	2.344445467526327e-05	2.0	0.023809523809523808
chr17	chr17	3248	81200000	2.3446203181779065e-05	83	69	0.010004513975722655	0.00014499295616989354	2.3446203181779065e-05	2.3446203181779065e-05	5.0	0.060240963855421686
chr17	chr17	3249	81225000	2.3447951280389307e-05	82	68	0.005323101192626148	7.8280899891561e-05	2.3447951280389307e-05	2.3447951280389307e-05	3.0	0.036585365853658534
chr17	chr17	3250	81250000	2.344969897131457e-05	81	67	0.0018521513857039553	2.7644050532894856e-05	2.344969897131457e-05	2.344969897131457e-05	1.0	0.012345679012345678
chr17	chr17	3251	81275000	2.345144625477536e-05	80	67	0.002047507678457656	3.0559816096382926e-05	2.345144625477536e-05	2.345144625477536e-05	1.0	0.0125
chr17	chr17	3252	81300000	2.3453193130991984e-05	79	67	0.0065052748600630175	9.709365462780623e-05	2.3453193130991984e-05	2.3453193130991984e-05	4.0	0.05063291139240506
chr17	chr17	3253	81325000	2.345493960018453e-05	78	65	0.00214427299758111	3.298881534740169e-05	2.345493960018453e-05	2.345493960018453e-05	1.0	0.01282051282051282
chr17	chr17	3254	81350000	2.3456685662572926e-05	77	63	0.003138388424729731	4.9815689281424306e-05	2.3456685662572926e-05	2.3456685662572926e-05	2.0	0.025974025974025976
chr17	chr17	3255	81375000	2.345843131837688e-05	76	62	0.0013979942419816798	2.2548294225510964e-05	2.345843131837688e-05	2.345843131837688e-05	1.0	0.013157894736842105
chr17	chr17	3256	81400000	2.346017656781595e-05	75	61	0.00567645342515922	9.305661352720033e-05	2.346017656781595e-05	2.346017656781595e-05	3.0	0.04
chr17	chr17	3257	81425000	2.3461921411109488e-05	74	60	0.004960105971092348	8.266843285153913e-05	2.3461921411109488e-05	2.3461921411109488e-05	2.0	0.02702702702702703
chr17	chr17	3258	81450000	2.3463665848476676e-05	73	59	0.0015451047342096567	2.6188215834061978e-05	2.3463665848476676e-05	2.3463665848476676e-05	1.0	0.0136986301369863
chr17	chr17	3259	81475000	2.3465409880136505e-05	72	58	0.007879189429287125	0.0001358480936083987	2.3465409880136505e-05	2.3465409880136505e-05	3.0	0.041666666666666664
chr17	chr17	3260	81500000	2.346715350630776e-05	71	57	0.0019252819060379819	3.3776875544525996e-05	2.346715350630776e-05	2.346715350630776e-05	1.0	0.014084507042253521
chr17	chr17	3261	81525000	2.346889672720905e-05	70	56	0.0	0.0	2.346889672720905e-05	2.346889672720905e-05	0.0	0.0
chr17	chr17	3262	81550000	2.3470639543058825e-05	69	55	0.0	0.0	2.3470639543058825e-05	2.3470639543058825e-05	0.0	0.0
chr17	chr17	3263	81575000	2.347238195407532e-05	68	54	0.005251475603985999	9.724954822196293e-05	2.347238195407532e-05	2.347238195407532e-05	3.0	0.04411764705882353
chr17	chr17	3264	81600000	2.347412396047661e-05	67	54	0.0017887270556095495	3.3124575103880544e-05	2.347412396047661e-05	2.347412396047661e-05	1.0	0.014925373134328358
chr17	chr17	3265	81625000	2.347586556248056e-05	66	54	0.0	0.0	2.347586556248056e-05	2.347586556248056e-05	0.0	0.0
chr17	chr17	3266	81650000	2.347760676030488e-05	65	53	0.003519361039854104	6.640303848781329e-05	2.347760676030488e-05	2.347760676030488e-05	2.0	0.03076923076923077
chr17	chr17	3267	81675000	2.347934755416707e-05	64	52	0.003642010119776041	7.003865614953925e-05	2.347934755416707e-05	2.347934755416707e-05	2.0	0.03125
chr17	chr17	3268	81700000	2.3481087944284417e-05	63	51	0.00553130884200214	0.00010845703611768902	2.3481087944284417e-05	2.3481087944284417e-05	3.0	0.047619047619047616
chr17	chr17	3269	81725000	2.3482827930874168e-05	62	50	0.0	0.0	2.3482827930874168e-05	2.3482827930874168e-05	0.0	0.0
chr17	chr17	3270	81750000	2.3484567514153155e-05	61	49	0.0	0.0	2.3484567514153155e-05	2.3484567514153155e-05	0.0	0.0
chr17	chr17	3271	81775000	2.3486306694338256e-05	60	48	0.002428303751865704	5.058966149720217e-05	2.3486306694338256e-05	2.3486306694338256e-05	1.0	0.016666666666666666
chr17	chr17	3272	81800000	2.3488045471646006e-05	59	47	0.0036204336959168334	7.703050416844327e-05	2.3488045471646006e-05	2.3488045471646006e-05	2.0	0.03389830508474576
chr17	chr17	3273	81825000	2.3489783846292837e-05	58	46	0.006137885690155729	0.00013343229761208106	2.3489783846292837e-05	2.3489783846292837e-05	3.0	0.05172413793103448
chr17	chr17	3274	81850000	2.3491521818494972e-05	57	45	0.006044759899320268	0.00013432799776267262	2.3491521818494972e-05	2.3491521818494972e-05	3.0	0.05263157894736842
chr17	chr17	3275	81875000	2.3493259388468495e-05	56	44	0.0015952108828355814	3.625479279171776e-05	2.3493259388468495e-05	2.3493259388468495e-05	1.0	0.017857142857142856
chr17	chr17	3276	81900000	2.349499655642922e-05	55	43	0.0052086925902236824	0.00012113238581915541	2.349499655642922e-05	2.349499655642922e-05	3.0	0.05454545454545454
chr17	chr17	3277	81925000	2.349696648310583e-05	54	42	0.0017638488405671265	4.1996400965883965e-05	2.349696648310583e-05	2.349696648310583e-05	1.0	0.018518518518518517
chr17	chr17	3278	81950000	2.349893597382887e-05	53	42	0.01136279902396567	0.0002705428339039445	2.349893597382887e-05	2.349893597382887e-05	6.0	0.11320754716981132
chr17	chr17	3279	81975000	2.3500905028827788e-05	52	41	0.006310870556715909	0.00015392367211502218	2.3500905028827788e-05	2.3500905028827788e-05	3.0	0.057692307692307696
chr17	chr17	3280	82000000	2.3502873648331816e-05	51	40	0.0026200840289326345	6.550210072331586e-05	2.3502873648331816e-05	2.3502873648331816e-05	2.0	0.0392156862745098
chr17	chr17	3281	82025000	2.350484183257e-05	50	39	0.004380223765234914	0.00011231342987781831	2.350484183257e-05	2.350484183257e-05	2.0	0.04
chr17	chr17	3282	82050000	2.3506809581771198e-05	49	38	0.005588675506440393	0.00014707040806422085	2.3506809581771198e-05	2.3506809581771198e-05	3.0	0.061224489795918366
chr17	chr17	3283	82075000	2.3508776896164072e-05	48	37	0.005334306315214125	0.0001441704409517331	2.3508776896164072e-05	2.3508776896164072e-05	3.0	0.0625
chr17	chr17	3284	82100000	2.3510743775977118e-05	47	36	0.005645550269247399	0.00015682084081242775	2.3510743775977118e-05	2.3510743775977118e-05	2.0	0.0425531914893617
chr17	chr17	3285	82125000	2.3512710221438594e-05	46	35	0.008427581768694037	0.00024078805053411536	2.3512710221438594e-05	2.3512710221438594e-05	4.0	0.08695652173913043
chr17	chr17	3286	82150000	2.35146762327766e-05	45	34	0.0	0.0	2.35146762327766e-05	2.35146762327766e-05	0.0	0.0
chr17	chr17	3287	82175000	2.351664181021907e-05	44	33	0.002320059648385189	7.030483782985421e-05	2.351664181021907e-05	2.351664181021907e-05	1.0	0.022727272727272728
chr17	chr17	3288	82200000	2.3518606953993746e-05	43	32	0.0032876676815589093	0.00010273961504871592	2.3518606953993746e-05	2.3518606953993746e-05	2.0	0.046511627906976744
chr17	chr17	3289	82225000	2.352057166432807e-05	42	31	0.0	0.0	2.352057166432807e-05	2.352057166432807e-05	0.0	0.0
chr17	chr17	3290	82250000	2.352253594144945e-05	41	30	0.0014545660756515033	4.848553585505011e-05	2.352253594144945e-05	2.352253594144945e-05	1.0	0.024390243902439025
chr17	chr17	3291	82275000	2.3524499785585056e-05	40	29	0.005744590396168396	0.00019808932400580676	2.3524499785585056e-05	2.3524499785585056e-05	3.0	0.075
chr17	chr17	3292	82300000	2.3526463196961806e-05	39	28	0.002291103588748207	8.182512816957882e-05	2.3526463196961806e-05	2.3526463196961806e-05	1.0	0.02564102564102564
chr17	chr17	3293	82325000	2.35284261758065e-05	38	27	0.003773907005259682	0.00013977433352813638	2.35284261758065e-05	2.35284261758065e-05	2.0	0.05263157894736842
chr17	chr17	3294	82350000	2.3530388722345718e-05	37	26	0.0037779333751537395	0.00014530512981360537	2.3530388722345718e-05	2.3530388722345718e-05	2.0	0.05405405405405406
chr17	chr17	3295	82375000	2.3532350836805917e-05	36	25	0.0	0.0	2.3532350836805917e-05	2.3532350836805917e-05	0.0	0.0
chr17	chr17	3296	82400000	2.353431251941323e-05	35	24	0.0022998146157534654	9.582560898972773e-05	2.353431251941323e-05	2.353431251941323e-05	1.0	0.02857142857142857
chr17	chr17	3297	82425000	2.353627377039371e-05	34	23	0.007951805091338502	0.00034573065614515225	2.353627377039371e-05	2.353627377039371e-05	4.0	0.11764705882352941
chr17	chr17	3298	82450000	2.3538234589973258e-05	33	22	0.0	0.0	2.3538234589973258e-05	2.3538234589973258e-05	0.0	0.0
chr17	chr17	3299	82475000	2.3540194978377477e-05	32	21	0.005357464769582594	0.00025511736998012354	2.3540194978377477e-05	2.3540194978377477e-05	3.0	0.09375
chr17	chr17	3300	82500000	2.3542154935831826e-05	31	20	0.0022457841252479537	0.00011228920626239769	2.3542154935831826e-05	2.3542154935831826e-05	2.0	0.06451612903225806
chr17	chr17	3301	82525000	2.3544114462561642e-05	30	19	0.0033006947458812637	0.00017372077609901387	2.3544114462561642e-05	2.3544114462561642e-05	2.0	0.06666666666666667
chr17	chr17	3302	82550000	2.3546073558791946e-05	29	18	0.004523936107702946	0.00025132978376127474	2.3546073558791946e-05	2.3546073558791946e-05	2.0	0.06896551724137931
chr17	chr17	3303	82575000	2.354803222474773e-05	28	17	0.0021272287451844065	0.00012513110265790627	2.354803222474773e-05	2.354803222474773e-05	1.0	0.03571428571428571
chr17	chr17	3304	82600000	2.3549990460653643e-05	27	16	0.0	0.0	2.3549990460653643e-05	2.3549990460653643e-05	0.0	0.0
chr17	chr17	3305	82625000	2.355194826673427e-05	26	15	0.0	0.0	2.355194826673427e-05	2.355194826673427e-05	0.0	0.0
chr17	chr17	3306	82650000	2.3553905643213986e-05	25	14	0.0013848645613103124	9.891889723645088e-05	2.3553905643213986e-05	2.3553905643213986e-05	1.0	0.04
chr17	chr17	3307	82675000	2.3555862590316934e-05	24	13	0.0	0.0	2.3555862590316934e-05	2.3555862590316934e-05	0.0	0.0
chr17	chr17	3308	82700000	2.355781910826708e-05	23	12	0.005453789677809155	0.0004544824731507629	2.355781910826708e-05	2.355781910826708e-05	2.0	0.08695652173913043
chr17	chr17	3309	82725000	2.355977519728825e-05	22	12	0.0017443047783943844	0.00014535873153286537	2.355977519728825e-05	2.355977519728825e-05	1.0	0.045454545454545456
chr17	chr17	3310	82750000	2.3561730857604048e-05	21	12	0.0	0.0	2.3561730857604048e-05	2.3561730857604048e-05	0.0	0.0
chr17	chr17	3311	82775000	2.356368608943792e-05	20	11	0.0018223711972199241	0.00016567010883817491	2.356368608943792e-05	2.356368608943792e-05	1.0	0.05
chr17	chr17	3312	82800000	2.3565640893013104e-05	19	10	0.0	0.0	2.3565640893013104e-05	2.3565640893013104e-05	0.0	0.0
chr17	chr17	3313	82825000	2.3567595268552688e-05	18	9	0.0034066167663572297	0.0003785129740396922	2.3567595268552688e-05	2.3567595268552688e-05	2.0	0.1111111111111111
chr17	chr17	3314	82850000	2.3569549216279532e-05	17	8	0.0	0.0	2.3569549216279532e-05	2.3569549216279532e-05	0.0	0.0
chr17	chr17	3315	82875000	2.3571502736416318e-05	16	7	0.0	0.0	2.3571502736416318e-05	2.3571502736416318e-05	1.0	0.0625
chr17	chr17	3316	82900000	2.3573455829185598e-05	15	6	0.0	0.0	2.3573455829185598e-05	2.3573455829185598e-05	0.0	0.0
chr17	chr17	3317	82925000	2.35754084948097e-05	14	5	0.0023559680353170474	0.0004711936070634095	2.35754084948097e-05	2.35754084948097e-05	1.0	0.07142857142857142
chr17	chr17	3318	82950000	2.357736073351075e-05	13	4	0.0	0.0	2.357736073351075e-05	2.357736073351075e-05	0.0	0.0
chr17	chr17	3319	82975000	2.3579312545510715e-05	12	3	0.0020994238562933635	0.0006998079520977879	2.3579312545510715e-05	2.3579312545510715e-05	1.0	0.08333333333333333
chr17	chr17	3320	83000000	2.3581263931031435e-05	11	2	0.0	0.0	2.3581263931031435e-05	2.3581263931031435e-05	0.0	0.0
chr17	chr17	3321	83025000	2.3583214890294437e-05	10	1	0.0	0.0	2.3583214890294437e-05	2.3583214890294437e-05	0.0	0.0
chr17	chr17	3322	83050000	2.3585165423521183e-05	9	0	0.0		2.3585165423521183e-05	2.3585165423521183e-05	0.0	0.0
chr17	chr17	3323	83075000	2.3587115530932897e-05	8	0	0.0		2.3587115530932897e-05	2.3587115530932897e-05	0.0	0.0
chr17	chr17	3324	83100000	2.3589065212750646e-05	7	0	0.0		2.3589065212750646e-05	2.3589065212750646e-05	0.0	0.0
chr17	chr17	3325	83125000	2.359101446919532e-05	6	0	0.0		2.359101446919532e-05	2.359101446919532e-05	0.0	0.0
chr17	chr17	3326	83150000	2.3592963300487586e-05	5	0	0.0		2.3592963300487586e-05	2.3592963300487586e-05	0.0	0.0
chr17	chr17	3327	83175000	2.359491170684801e-05	4	0	0.0		2.359491170684801e-05	2.359491170684801e-05	0.0	0.0
chr17	chr17	3328	83200000	2.3596859688496862e-05	3	0	0.0		2.3596859688496862e-05	2.3596859688496862e-05	0.0	0.0
chr17	chr17	3329	83225000	2.35988072456543e-05	2	0	0.0		2.35988072456543e-05	2.35988072456543e-05	0.0	0.0
chr17	chr17	3330	83250000	2.3600754378540356e-05	1	0	0.0		2.3600754378540356e-05	2.3600754378540356e-05	0.0	0.0
