region1	region2	dist	dist_bp	contact_frequency	n_total	n_valid	balanced.sum	balanced.avg	balanced.avg.smoothed	balanced.avg.smoothed.agg	count.sum	count.avg
chr17	chr17	0	0		3331	2954						
chr17	chr17	1	25000	0.00023534795296271447	3330	2903			0.00023534795296271447	0.00023534795296271447		
chr17	chr17	2	50000	0.020875253076541846	3329	2884	64.06527451313627	0.022214034158507725	0.020875253076541846	0.020875253076541846	48015.0	14.42325022529288
chr17	chr17	3	75000	0.015587294106019858	3328	2867	45.980622376956205	0.01603788712136596	0.015587294106019858	0.015587294106019858	34635.0	10.407151442307692
chr17	chr17	4	100000	0.012364386146227656	3327	2858	35.9907036008787	0.012592968369796608	0.012364386146227656	0.012364386146227656	27127.0	8.153591824466487
chr17	chr17	5	125000	0.01035909617298013	3326	2845	30.241679752792024	0.010629764412229183	0.01035909617298013	0.01035909617298013	22764.0	6.844257366205652
chr17	chr17	6	150000	0.008956197475436077	3325	2836	26.1983240127102	0.009237772924086812	0.008956197475436077	0.008956197475436077	19578.0	5.88812030075188
chr17	chr17	7	175000	0.007880327074731084	3324	2828	23.058331730806028	0.00815358264879987	0.007880327074731084	0.007880327074731084	17256.0	5.191335740072202
chr17	chr17	8	200000	0.007018329635299155	3323	2824	20.513955974127118	0.0072641487160506795	0.007018329635299155	0.007018329635299155	15294.0	4.6024676497141135
chr17	chr17	9	225000	0.006313880399512454	3322	2818	18.344903073817676	0.006509901729530758	0.006313880399512454	0.006313880399512454	13615.0	4.098434677904876
chr17	chr17	10	250000	0.005731696783989553	3321	2813	16.572012848498936	0.005891223906327386	0.005731696783989553	0.005731696783989553	12382.0	3.728395061728395
chr17	chr17	11	275000	0.0052454510759592865	3320	2808	15.11478485546952	0.005382758139412222	0.0052454510759592865	0.0052454510759592865	11312.0	3.4072289156626505
chr17	chr17	12	300000	0.004834188511941844	3319	2803	13.83074456782697	0.004934264918953611	0.004834188511941844	0.004834188511941844	10385.0	3.1289545043687856
chr17	chr17	13	325000	0.0044814790131464275	3318	2795	12.8244716008518	0.004588361932326225	0.0044814790131464275	0.0044814790131464275	9631.0	2.9026522001205546
chr17	chr17	14	350000	0.004174922221339256	3317	2790	12.14678006341878	0.004353684610544365	0.004174922221339256	0.004174922221339256	9036.0	2.7241483268013265
chr17	chr17	15	375000	0.0039053752823698363	3316	2784	11.274222012547096	0.0040496487114034104	0.0039053752823698363	0.0039053752823698363	8438.0	2.5446320868516286
chr17	chr17	16	400000	0.003666113239189286	3315	2780	10.445324070514356	0.0037573108167317827	0.003666113239189286	0.003666113239189286	7841.0	2.3653092006033183
chr17	chr17	17	425000	0.0034520770970091433	3314	2775	9.876664095681678	0.003559158232678082	0.0034520770970091433	0.0034520770970091433	7354.0	2.2190706095353048
chr17	chr17	18	450000	0.0032593187490402627	3313	2775	9.279333572448074	0.0033439039900713782	0.0032593187490402627	0.0032593187490402627	6975.0	2.1053425897977665
chr17	chr17	19	475000	0.0030846792982522483	3312	2768	8.778591196533899	0.003171456357129299	0.0030846792982522483	0.0030846792982522483	6595.0	1.991243961352657
chr17	chr17	20	500000	0.0029255954319720254	3311	2767	8.403354843570906	0.0030369912698123983	0.0029255954319720254	0.0029255954319720254	6335.0	1.9133192389006342
chr17	chr17	21	525000	0.002779953189814283	3310	2765	7.91242235954907	0.0028616355730738045	0.002779953189814283	0.002779953189814283	5915.0	1.7870090634441087
chr17	chr17	22	550000	0.00264601743999604	3309	2762	7.583545887170581	0.002745671935977763	0.00264601743999604	0.00264601743999604	5673.0	1.71441523118767
chr17	chr17	23	575000	0.0025223541131973093	3308	2760	7.32667950402359	0.002654594023196953	0.0025223541131973093	0.0025223541131973093	5487.0	1.6587061668681984
chr17	chr17	24	600000	0.002407774664852474	3307	2756	6.851264002437574	0.002485944848489686	0.002407774664852474	0.002407774664852474	5142.0	1.5548835802842456
chr17	chr17	25	625000	0.0023012814758795594	3306	2755	6.633437868201706	0.0024077814403635957	0.0023012814758795594	0.0023012814758795594	4978.0	1.5057471264367817
chr17	chr17	26	650000	0.002202034909819147	3305	2753	6.274375991554216	0.002279104973321546	0.002202034909819147	0.002202034909819147	4696.0	1.420877458396369
chr17	chr17	27	675000	0.002109321912732005	3304	2752	5.8396251555597996	0.00212195681524702	0.002109321912732005	0.002109321912732005	4392.0	1.3292978208232447
chr17	chr17	28	700000	0.0020225292703075046	3303	2750	5.713069414164234	0.0020774797869688127	0.0020225292703075046	0.0020225292703075046	4299.0	1.301544050862852
chr17	chr17	29	725000	0.0019411290461392758	3302	2747	5.591174273658114	0.002035374690083041	0.0019411290461392758	0.0019411290461392758	4161.0	1.260145366444579
chr17	chr17	30	750000	0.0018646658721828205	3301	2750	5.3933000969653895	0.0019612000352601418	0.0018646658721828205	0.0018646658721828205	4007.0	1.2138745834595577
chr17	chr17	31	775000	0.0017927396465712165	3300	2747	5.04497588696937	0.0018365401845538297	0.0017927396465712165	0.0017927396465712165	3796.0	1.1503030303030304
chr17	chr17	32	800000	0.0017250004611979073	3299	2743	5.0293306718234625	0.0018335146452145325	0.0017250004611979073	0.0017250004611979073	3717.0	1.1267050621400425
chr17	chr17	33	825000	0.0016611400855449068	3298	2742	4.786984731487732	0.0017458004126505223	0.0016611400855449068	0.0016611400855449068	3563.0	1.080351728320194
chr17	chr17	34	850000	0.0016008810671479352	3297	2742	4.599853796509834	0.0016775542656855703	0.0016008810671479352	0.0016008810671479352	3428.0	1.0397330906885047
chr17	chr17	35	875000	0.001543973918372807	3296	2744	4.432958511704955	0.0016155096617000565	0.001543973918372807	0.001543973918372807	3301.0	1.0015169902912622
chr17	chr17	36	900000	0.0014901938225862746	3295	2747	4.170597155280322	0.0015182370423299314	0.0014901938225862746	0.0014901938225862746	3075.0	0.9332321699544764
chr17	chr17	37	925000	0.0014393320686885813	3294	2745	4.003115312007386	0.0014583298040099768	0.0014393320686885813	0.0014393320686885813	2965.0	0.9001214329083181
chr17	chr17	38	950000	0.0013911969159480031	3293	2746	3.943159854842511	0.0014359649871968359	0.0013911969159480031	0.0013911969159480031	2914.0	0.8849073792894018
chr17	chr17	39	975000	0.0013456118026499637	3292	2745	3.814026705543206	0.0013894450657716598	0.0013456118026499637	0.0013456118026499637	2786.0	0.8462940461725394
chr17	chr17	40	1000000	0.0013024101139723111	3291	2744	3.623073912908345	0.0013203622131590178	0.0013024101139723111	0.0013024101139723111	2687.0	0.8164691583105439
chr17	chr17	41	1025000	0.0012614372100527476	3290	2742	3.4956153630659736	0.0012748414890831415	0.0012614372100527476	0.0012614372100527476	2590.0	0.7872340425531915
chr17	chr17	42	1050000	0.0012225482711413207	3289	2739	3.484893968593598	0.0012723234642546906	0.0012225482711413207	0.0012225482711413207	2585.0	0.7859531772575251
chr17	chr17	43	1075000	0.0011856090530359261	3288	2739	3.205933592576765	0.0011704759374139338	0.0011856090530359261	0.0011856090530359261	2342.0	0.712287104622871
chr17	chr17	44	1100000	0.0011504463972112932	3287	2735	3.2629250351058747	0.0011930256069856947	0.0011504463972112932	0.0011504463972112932	2395.0	0.728627928202008
chr17	chr17	45	1125000	0.00111708216445365	3286	2734	3.199311910951107	0.0011701945541152548	0.00111708216445365	0.00111708216445365	2343.0	0.7130249543517955
chr17	chr17	46	1150000	0.0010852334593674476	3285	2735	3.0786891494963635	0.0011256633087738076	0.0010852334593674476	0.0010852334593674476	2278.0	0.693455098934551
chr17	chr17	47	1175000	0.0010549488499010603	3284	2732	2.887449052071906	0.0010568993602020154	0.0010549488499010603	0.0010549488499010603	2124.0	0.6467722289890377
chr17	chr17	48	1200000	0.0010260025964277458	3283	2733	2.7982297827384786	0.0010238674653269223	0.0010260025964277458	0.0010260025964277458	2049.0	0.6241242765763022
chr17	chr17	49	1225000	0.0009984232076143693	3282	2729	2.9230959860054635	0.0010711234833292282	0.0009984232076143693	0.0009984232076143693	2134.0	0.6502132845825715
chr17	chr17	50	1250000	0.0009720268547765043	3281	2726	2.7529734470578973	0.001009894881532611	0.0009720268547765043	0.0009720268547765043	2035.0	0.620237732398659
chr17	chr17	51	1275000	0.00094683063006744	3280	2722	2.6740831171930033	0.0009823964427601042	0.00094683063006744	0.00094683063006744	1962.0	0.598170731707317
chr17	chr17	52	1300000	0.0009226828092607941	3279	2721	2.4509592345612226	0.0009007567932970314	0.0009226828092607941	0.0009226828092607941	1787.0	0.5449832265934736
chr17	chr17	53	1325000	0.0008995934494214626	3278	2718	2.4841918697654717	0.000913977877029239	0.0008995934494214626	0.0008995934494214626	1826.0	0.5570469798657718
chr17	chr17	54	1350000	0.0008774359480093494	3277	2717	2.5151142498819077	0.0009256953440860904	0.0008774359480093494	0.0008774359480093494	1851.0	0.5648458956362526
chr17	chr17	55	1375000	0.0008562159320332992	3276	2713	2.383161692371427	0.000878423034416302	0.0008562159320332992	0.0008562159320332992	1750.0	0.5341880341880342
chr17	chr17	56	1400000	0.0008358283537470435	3275	2713	2.2538309983689198	0.000830752303121607	0.0008358283537470435	0.0008358283537470435	1635.0	0.49923664122137407
chr17	chr17	57	1425000	0.0008162743444624391	3274	2714	2.3514186381656326	0.0008664033302010437	0.0008162743444624391	0.0008162743444624391	1712.0	0.5229077580940745
chr17	chr17	58	1450000	0.0007974678595607	3273	2712	2.1643663008245353	0.0007980701699205514	0.0007974678595607	0.0007974678595607	1585.0	0.484265200122212
chr17	chr17	59	1475000	0.0007794051677882625	3272	2709	2.2041960162500214	0.0008136567058877894	0.0007794051677882625	0.0007794051677882625	1596.0	0.4877750611246944
chr17	chr17	60	1500000	0.0007620166899479341	3271	2709	2.1069495914056557	0.0007777591699540996	0.0007620166899479341	0.0007620166899479341	1538.0	0.4701926016508713
chr17	chr17	61	1525000	0.0007452940550459391	3270	2708	2.0761537668440555	0.0007666742122762391	0.0007452940550459391	0.0007452940550459391	1524.0	0.46605504587155966
chr17	chr17	62	1550000	0.0007291832178125637	3269	2707	1.9565182380865669	0.0007227625556285803	0.0007291832178125637	0.0007291832178125637	1432.0	0.4380544509024166
chr17	chr17	63	1575000	0.0007136701543444864	3268	2703	2.020599252044329	0.0007475394939120715	0.0007136701543444864	0.0007136701543444864	1455.0	0.4452264381884945
chr17	chr17	64	1600000	0.0006987146784531244	3267	2702	1.84341974112701	0.0006822426873156958	0.0006987146784531244	0.0006987146784531244	1340.0	0.41016222834404653
chr17	chr17	65	1625000	0.0006842972648877443	3266	2703	1.9082346175646008	0.0007059691518921941	0.0006842972648877443	0.0006842972648877443	1408.0	0.43110838946723823
chr17	chr17	66	1650000	0.0006703906452441748	3265	2706	1.8857377883233344	0.0006968727968674554	0.0006703906452441748	0.0006703906452441748	1359.0	0.41623277182235835
chr17	chr17	67	1675000	0.0006569694578704636	3264	2706	1.8530001806316123	0.0006847746417707362	0.0006569694578704636	0.0006569694578704636	1347.0	0.41268382352941174
chr17	chr17	68	1700000	0.0006440182333825448	3263	2706	1.7632151567475547	0.0006515946625083351	0.0006440182333825448	0.0006440182333825448	1284.0	0.3935029114311983
chr17	chr17	69	1725000	0.0006315058599669405	3262	2706	1.7420752650256208	0.0006437824334906212	0.0006315058599669405	0.0006315058599669405	1251.0	0.38350705088902515
chr17	chr17	70	1750000	0.0006194272590293836	3261	2704	1.7151900384785361	0.0006343158426325948	0.0006194272590293836	0.0006194272590293836	1245.0	0.38178472861085555
chr17	chr17	71	1775000	0.0006077461431395761	3260	2701	1.6649874163454659	0.0006164336972771069	0.0006077461431395761	0.0006077461431395761	1198.0	0.3674846625766871
chr17	chr17	72	1800000	0.0005964668407000114	3259	2699	1.688639520269878	0.0006256537681622372	0.0005964668407000114	0.0005964668407000114	1229.0	0.3771095428045413
chr17	chr17	73	1825000	0.0005855481612995608	3258	2697	1.5216537577481422	0.0005642023573408017	0.0005855481612995608	0.0005855481612995608	1099.0	0.33732351135666055
chr17	chr17	74	1850000	0.0005750026399623304	3257	2696	1.6237275584546849	0.0006022728332547051	0.0005750026399623304	0.0005750026399623304	1172.0	0.35984034387473135
chr17	chr17	75	1875000	0.0005647848028892402	3256	2693	1.6681255912560093	0.0006194302232662493	0.0005647848028892402	0.0005647848028892402	1197.0	0.3676289926289926
chr17	chr17	76	1900000	0.0005549138650931171	3255	2692	1.4516539170519418	0.000539247368890023	0.0005549138650931171	0.0005549138650931171	1057.0	0.3247311827956989
chr17	chr17	77	1925000	0.0005453411255109117	3254	2689	1.5564411262773685	0.0005788178230856707	0.0005453411255109117	0.0005453411255109117	1127.0	0.34634296250768287
chr17	chr17	78	1950000	0.0005360915047085028	3253	2688	1.406092283911189	0.0005230998080026745	0.0005360915047085028	0.0005360915047085028	1017.0	0.31263449123885645
chr17	chr17	79	1975000	0.0005271136270133476	3252	2685	1.414911061151602	0.0005269687378590697	0.0005271136270133476	0.0005271136270133476	1018.0	0.3130381303813038
chr17	chr17	80	2000000	0.0005184365751609407	3251	2682	1.4340028522387824	0.0005346766786870926	0.0005184365751609407	0.0005184365751609407	1028.0	0.31621039680098434
chr17	chr17	81	2025000	0.0005100075113651003	3250	2679	1.4130864694988454	0.0005274678870843022	0.0005100075113651003	0.0005100075113651003	1024.0	0.3150769230769231
chr17	chr17	82	2050000	0.0005018587068167305	3249	2676	1.3427331574459713	0.0005017687434401986	0.0005018587068167305	0.0005018587068167305	987.0	0.30378578024007385
chr17	chr17	83	2075000	0.0004939365286838379	3248	2670	1.3249038311341703	0.0004962186633461312	0.0004939365286838379	0.0004939365286838379	981.0	0.3020320197044335
chr17	chr17	84	2100000	0.0004862752921641932	3247	2665	1.2310028013658263	0.0004619147472292031	0.0004862752921641932	0.0004862752921641932	903.0	0.27810286418232216
chr17	chr17	85	2125000	0.00047882145946260543	3246	2662	1.229005303970851	0.00046168493762992153	0.00047882145946260543	0.00047882145946260543	887.0	0.27325939617991374
chr17	chr17	86	2150000	0.0004716101755558063	3245	2657	1.269666711599207	0.00047785724937870046	0.0004716101755558063	0.0004716101755558063	919.0	0.2832049306625578
chr17	chr17	87	2175000	0.0004645889965039606	3244	2655	1.2431925107021242	0.0004682457667427963	0.0004645889965039606	0.0004645889965039606	893.0	0.2752774352651048
chr17	chr17	88	2200000	0.0004578038949102608	3243	2655	1.1605864194672897	0.0004371323613812767	0.0004578038949102608	0.0004578038949102608	843.0	0.2599444958371878
chr17	chr17	89	2225000	0.00045119288808119533	3242	2656	1.2293512421444788	0.0004628581483977706	0.00045119288808119533	0.00045119288808119533	896.0	0.27637260950030845
chr17	chr17	90	2250000	0.00044474962731373224	3241	2655	1.1165268610953094	0.0004205374241413595	0.00044474962731373224	0.00044474962731373224	833.0	0.2570194384449244
chr17	chr17	91	2275000	0.00043852799326195237	3240	2654	1.1859336357905987	0.0004468476397100975	0.00043852799326195237	0.00043852799326195237	857.0	0.26450617283950617
chr17	chr17	92	2300000	0.0004324599741982545	3239	2651	1.1357171622897024	0.00042841084960003865	0.0004324599741982545	0.0004324599741982545	826.0	0.25501698054955235
chr17	chr17	93	2325000	0.0004265401687136541	3238	2650	1.203492959787067	0.0004541482867121007	0.0004265401687136541	0.0004265401687136541	879.0	0.2714638665843113
chr17	chr17	94	2350000	0.00042081822963102014	3237	2645	1.1387964007698008	0.00043054684339122906	0.00042081822963102014	0.00042081822963102014	826.0	0.2551745443311708
chr17	chr17	95	2375000	0.0004152323892850671	3236	2646	1.1129737796905657	0.0004206250112209243	0.0004152323892850671	0.0004152323892850671	806.0	0.24907292954264523
chr17	chr17	96	2400000	0.00040977802844848713	3235	2642	1.0977740937023908	0.0004155087409925779	0.00040977802844848713	0.00040977802844848713	801.0	0.24760432766615148
chr17	chr17	97	2425000	0.0004044994054056356	3234	2640	1.0997694955555588	0.0004165793543771056	0.0004044994054056356	0.0004044994054056356	802.0	0.24799010513296227
chr17	chr17	98	2450000	0.00039934188089289937	3233	2636	1.0637060799749118	0.0004035303793531532	0.00039934188089289937	0.00039934188089289937	774.0	0.23940612434271574
chr17	chr17	99	2475000	0.0003943014831269698	3232	2632	0.9907110234212713	0.0003764099633059541	0.0003943014831269698	0.0003943014831269698	707.0	0.21875
chr17	chr17	100	2500000	0.0003894165302177027	3231	2631	1.0343266282420853	0.00039313060746563487	0.0003894165302177027	0.0003894165302177027	732.0	0.2265552460538533
chr17	chr17	101	2525000	0.00038463980586468346	3230	2630	1.0882849391131468	0.0004137965547958733	0.00038463980586468346	0.00038463980586468346	780.0	0.24148606811145512
chr17	chr17	102	2550000	0.00037996787588900313	3229	2629	0.917552781820502	0.00034901208893895093	0.00037996787588900313	0.00037996787588900313	665.0	0.2059461133477857
chr17	chr17	103	2575000	0.0003754330093576016	3228	2629	0.9424491530415748	0.0003584819905064948	0.0003754330093576016	0.0003754330093576016	701.0	0.2171623296158612
chr17	chr17	104	2600000	0.00037099530186008824	3227	2628	1.0020139389516158	0.0003812838428278599	0.00037099530186008824	0.00037099530186008824	727.0	0.22528664394174155
chr17	chr17	105	2625000	0.0003666517672792483	3226	2625	0.9761748398675024	0.0003718761294733343	0.0003666517672792483	0.0003666517672792483	702.0	0.217606943583385
chr17	chr17	106	2650000	0.0003624289150967028	3225	2625	0.9701455172278808	0.0003695792446582403	0.0003624289150967028	0.0003624289150967028	696.0	0.2158139534883721
chr17	chr17	107	2675000	0.0003582936695613408	3224	2623	0.9008487429015538	0.0003434421436910232	0.0003582936695613408	0.0003582936695613408	663.0	0.2056451612903226
chr17	chr17	108	2700000	0.0003542434196791102	3223	2621	0.9812733431178828	0.00037438891381834523	0.0003542434196791102	0.0003542434196791102	709.0	0.2199813838039094
chr17	chr17	109	2725000	0.0003502994271279084	3222	2618	1.0065245097457471	0.0003844631435239676	0.0003502994271279084	0.0003502994271279084	714.0	0.22160148975791433
chr17	chr17	110	2750000	0.00034643476575686646	3221	2618	0.9265032966397873	0.00035389736311680186	0.00034643476575686646	0.00034643476575686646	679.0	0.2108040981061782
chr17	chr17	111	2775000	0.00034264714022799834	3220	2619	0.8777699890117925	0.000335154634979684	0.00034264714022799834	0.00034264714022799834	637.0	0.19782608695652174
chr17	chr17	112	2800000	0.00033895326753722677	3219	2619	0.8751452704165311	0.00033415245147633873	0.00033895326753722677	0.00033895326753722677	643.0	0.1997514756135446
chr17	chr17	113	2825000	0.00033533152299650306	3218	2619	0.8656701899562074	0.0003305346277037829	0.00033533152299650306	0.00033533152299650306	628.0	0.19515226848974518
chr17	chr17	114	2850000	0.0003317798784241214	3217	2619	0.8856197359803333	0.0003381518655900471	0.0003317798784241214	0.0003317798784241214	645.0	0.20049735778675784
chr17	chr17	115	2875000	0.00032831127352019783	3216	2617	0.9311002280091792	0.00035578915858203256	0.00032831127352019783	0.00032831127352019783	657.0	0.2042910447761194
chr17	chr17	116	2900000	0.0003249084943540351	3215	2617	0.8274739839395255	0.00031619181656076633	0.0003249084943540351	0.0003249084943540351	589.0	0.18320373250388802
chr17	chr17	117	2925000	0.0003215697402597649	3214	2615	0.8611602663018925	0.0003293155894079895	0.0003215697402597649	0.0003215697402597649	632.0	0.19663970130678282
chr17	chr17	118	2950000	0.0003183048795463903	3213	2615	0.8724862491116336	0.00033364674918226906	0.0003183048795463903	0.0003183048795463903	630.0	0.19607843137254902
chr17	chr17	119	2975000	0.00031510030100581816	3212	2611	0.8566420448284371	0.00032808963800399734	0.00031510030100581816	0.00031510030100581816	607.0	0.1889788293897883
chr17	chr17	120	3000000	0.00031195439892823623	3211	2609	0.8077031082984338	0.0003095834067836082	0.00031195439892823623	0.00031195439892823623	590.0	0.18374338212394892
chr17	chr17	121	3025000	0.0003088747766776068	3210	2607	0.8232090128616604	0.0003157687045882855	0.0003088747766776068	0.0003088747766776068	578.0	0.18006230529595016
chr17	chr17	122	3050000	0.0003058505300196077	3209	2604	0.8792412089404406	0.00033765023384809545	0.0003058505300196077	0.0003058505300196077	635.0	0.19788095980056092
chr17	chr17	123	3075000	0.0003028802214708234	3208	2602	0.7885653823559984	0.00030306125378785486	0.0003028802214708234	0.0003028802214708234	575.0	0.17923940149625936
chr17	chr17	124	3100000	0.0002999698194180671	3207	2600	0.8333512848609005	0.0003205197249465002	0.0002999698194180671	0.0002999698194180671	600.0	0.18709073900841908
chr17	chr17	125	3125000	0.00029711042531188863	3206	2600	0.8115837913572113	0.00031214761206046587	0.00029711042531188863	0.00029711042531188863	577.0	0.17997504678727386
chr17	chr17	126	3150000	0.0002943007477589512	3205	2599	0.8169785735748452	0.00031434342961710087	0.0002943007477589512	0.0002943007477589512	596.0	0.1859594383775351
chr17	chr17	127	3175000	0.00029154570824553523	3204	2598	0.7498059311941214	0.0002886089034619405	0.00029154570824553523	0.00029154570824553523	549.0	0.17134831460674158
chr17	chr17	128	3200000	0.00028883776587159765	3203	2599	0.7345671600489516	0.0002826345363789733	0.00028883776587159765	0.00028883776587159765	530.0	0.16546987199500468
chr17	chr17	129	3225000	0.00028617575692911997	3202	2596	0.7479556256561861	0.0002881184998675601	0.00028617575692911997	0.00028617575692911997	548.0	0.1711430356027483
chr17	chr17	130	3250000	0.0002835649093091534	3201	2593	0.7865760771692735	0.00030334596111425893	0.0002835649093091534	0.0002835649093091534	562.0	0.17557013433302093
chr17	chr17	131	3275000	0.0002809976152084116	3200	2590	0.7704427423989817	0.00029746824030848714	0.0002809976152084116	0.0002809976152084116	550.0	0.171875
chr17	chr17	132	3300000	0.0002784728238624079	3199	2586	0.6502150696265945	0.00025143660851763126	0.0002784728238624079	0.0002784728238624079	480.0	0.15004688965301657
chr17	chr17	133	3325000	0.00027598951756162217	3198	2584	0.7160331838985425	0.00027710262534773317	0.00027598951756162217	0.00027598951756162217	522.0	0.16322701688555347
chr17	chr17	134	3350000	0.0002735536144451452	3197	2583	0.7568769442524439	0.00029302243292777543	0.0002735536144451452	0.0002735536144451452	537.0	0.16796997184860807
chr17	chr17	135	3375000	0.0002711570830414335	3196	2579	0.738303716601328	0.00028627519061703296	0.0002711570830414335	0.0002711570830414335	536.0	0.1677096370463079
chr17	chr17	136	3400000	0.0002687990023569239	3195	2577	0.7357524176179047	0.0002855073409460243	0.0002687990023569239	0.0002687990023569239	533.0	0.16682316118935836
chr17	chr17	137	3425000	0.00026647847950306454	3194	2575	0.6650312309193294	0.00025826455569682695	0.00026647847950306454	0.00026647847950306454	490.0	0.15341264871634314
chr17	chr17	138	3450000	0.00026420175712791265	3193	2575	0.6795176213381274	0.0002638903383837388	0.00026420175712791265	0.00026420175712791265	495.0	0.15502662073285312
chr17	chr17	139	3475000	0.00026196071527808686	3192	2574	0.696884591339697	0.00027073993447540676	0.00026196071527808686	0.00026196071527808686	511.0	0.1600877192982456
chr17	chr17	140	3500000	0.0002597545440680752	3191	2573	0.6535654160382749	0.0002540091006755829	0.0002597545440680752	0.0002597545440680752	465.0	0.14572234409276089
chr17	chr17	141	3525000	0.0002575824576052302	3190	2570	0.6707084104859703	0.00026097603520854875	0.0002575824576052302	0.0002575824576052302	493.0	0.15454545454545454
chr17	chr17	142	3550000	0.00025545142129279673	3189	2568	0.6979001585376723	0.00027176797450843935	0.00025545142129279673	0.00025545142129279673	502.0	0.15741611790529947
chr17	chr17	143	3575000	0.00025335278546271124	3188	2567	0.6494156789420829	0.0002529862403358328	0.00025335278546271124	0.00025335278546271124	472.0	0.1480552070263488
chr17	chr17	144	3600000	0.00025128583604849683	3187	2565	0.7223529521185208	0.0002816190846465968	0.00025128583604849683	0.00025128583604849683	522.0	0.16379039849388138
chr17	chr17	145	3625000	0.00024924987953394	3186	2564	0.6650864967204342	0.00025939410948534877	0.00024924987953394	0.00024924987953394	477.0	0.1497175141242938
chr17	chr17	146	3650000	0.00024725278779465584	3185	2560	0.6270821704074645	0.0002449539728154158	0.00024725278779465584	0.00024725278779465584	459.0	0.14411302982731555
chr17	chr17	147	3675000	0.00024528516652384515	3184	2555	0.6647169115380716	0.0002601631747702824	0.00024528516652384515	0.00024528516652384515	476.0	0.14949748743718594
chr17	chr17	148	3700000	0.00024334638476226211	3183	2554	0.5747147695707422	0.00022502536005119115	0.00024334638476226211	0.00024334638476226211	412.0	0.12943763744894754
chr17	chr17	149	3725000	0.00024143582920099435	3182	2553	0.61648787809049	0.00024147586294182921	0.00024143582920099435	0.00024143582920099435	445.0	0.13984915147705845
chr17	chr17	150	3750000	0.0002395623401541378	3181	2552	0.607970742417452	0.0002382330495366191	0.0002395623401541378	0.0002395623401541378	441.0	0.13863564916692864
chr17	chr17	151	3775000	0.0002377156931672847	3180	2550	0.6014712126843087	0.0002358710637977681	0.0002377156931672847	0.0002377156931672847	431.0	0.13553459119496855
chr17	chr17	152	3800000	0.0002358953296983534	3179	2550	0.6074852192579208	0.0002382294977482042	0.0002358953296983534	0.0002358953296983534	437.0	0.13746461151305442
chr17	chr17	153	3825000	0.00023410070640036471	3178	2546	0.6278853839347143	0.00024661641160043766	0.00023410070640036471	0.00023410070640036471	462.0	0.14537444933920704
chr17	chr17	154	3850000	0.00023234152484234594	3177	2546	0.5970900582183077	0.00023452083983437066	0.00023234152484234594	0.00023234152484234594	426.0	0.13408876298394712
chr17	chr17	155	3875000	0.00023060682140421996	3176	2541	0.6135226043818376	0.00024144927366463503	0.00023060682140421996	0.00023060682140421996	457.0	0.14389168765743074
chr17	chr17	156	3900000	0.00022889610083644057	3175	2541	0.6035287015911065	0.00023751621471511473	0.00022889610083644057	0.00022889610083644057	436.0	0.1373228346456693
chr17	chr17	157	3925000	0.0002272088809985844	3174	2538	0.5778228419311568	0.00022766857444096015	0.0002272088809985844	0.0002272088809985844	421.0	0.13264020163831128
chr17	chr17	158	3950000	0.00022555559608645353	3173	2535	0.5518791585073632	0.00021770381006207623	0.00022555559608645353	0.00022555559608645353	410.0	0.12921525370312006
chr17	chr17	159	3975000	0.00022392465875894346	3172	2532	0.5548717790207379	0.00021914367259902762	0.00022392465875894346	0.00022392465875894346	404.0	0.1273644388398487
chr17	chr17	160	4000000	0.0002223156292226079	3171	2531	0.6075332915530929	0.00024003685956266018	0.0002223156292226079	0.0002223156292226079	438.0	0.13812677388836328
chr17	chr17	161	4025000	0.00022072807901561646	3170	2528	0.5752208662511764	0.00022753989962467423	0.00022072807901561646	0.00022072807901561646	425.0	0.13406940063091483
chr17	chr17	162	4050000	0.00021917298154695486	3169	2527	0.5056499896402429	0.00020009892743974786	0.00021917298154695486	0.00021917298154695486	374.0	0.11801830230356579
chr17	chr17	163	4075000	0.00021763830934163407	3168	2527	0.553313060412493	0.0002189604512910538	0.00021763830934163407	0.00021763830934163407	399.0	0.1259469696969697
chr17	chr17	164	4100000	0.00021612367127118868	3167	2527	0.5558932448925011	0.00021998149778096603	0.00021612367127118868	0.00021612367127118868	408.0	0.12882854436375119
chr17	chr17	165	4125000	0.00021462868602104386	3166	2526	0.5634728751752779	0.00022306923007730717	0.00021462868602104386	0.00021462868602104386	404.0	0.12760581174984206
chr17	chr17	166	4150000	0.00021316468528296688	3165	2525	0.594521633784654	0.00023545411238996196	0.00021316468528296688	0.00021316468528296688	429.0	0.13554502369668248
chr17	chr17	167	4175000	0.00021171937382046782	3164	2523	0.48890859104055007	0.00019378065439577886	0.00021171937382046782	0.00021171937382046782	370.0	0.11694058154235146
chr17	chr17	168	4200000	0.00021029240326637981	3163	2523	0.49752629546393745	0.00019719631211412503	0.00021029240326637981	0.00021029240326637981	355.0	0.11223521972810623
chr17	chr17	169	4225000	0.00020888343376920262	3162	2521	0.5255633216240106	0.00020847414582467698	0.00020888343376920262	0.00020888343376920262	379.0	0.11986084756483238
chr17	chr17	170	4250000	0.0002075039408094467	3161	2520	0.5120995290636505	0.00020321409883478195	0.0002075039408094467	0.0002075039408094467	370.0	0.1170515659601392
chr17	chr17	171	4275000	0.00020614156923560078	3160	2518	0.5382122973712882	0.0002137459481220366	0.00020614156923560078	0.00020614156923560078	388.0	0.12278481012658228
chr17	chr17	172	4300000	0.0002047960082758605	3159	2516	0.5290210001876297	0.00021026271867552847	0.0002047960082758605	0.0002047960082758605	380.0	0.12029123140234252
chr17	chr17	173	4325000	0.00020346695456239833	3158	2513	0.5130130172905256	0.00020414365988480923	0.00020346695456239833	0.00020346695456239833	376.0	0.11906269791006967
chr17	chr17	174	4350000	0.00020216734052163525	3157	2512	0.4599224693178088	0.00018309015498320412	0.00020216734052163525	0.00020216734052163525	338.0	0.10706366803927779
chr17	chr17	175	4375000	0.00020088340413297763	3156	2508	0.5433380075028926	0.00021664194876510871	0.00020088340413297763	0.00020088340413297763	404.0	0.12801013941698353
chr17	chr17	176	4400000	0.00019961486829708715	3155	2504	0.5006638574299027	0.00019994562996401865	0.00019961486829708715	0.00019961486829708715	361.0	0.1144215530903328
chr17	chr17	177	4425000	0.00019836146234967271	3154	2501	0.5039523044544749	0.0002015003216531287	0.00019836146234967271	0.00019836146234967271	379.0	0.12016487000634116
chr17	chr17	178	4450000	0.00019712292187675033	3153	2500	0.5129368644424621	0.00020517474577698484	0.00019712292187675033	0.00019712292187675033	362.0	0.11481129083412622
chr17	chr17	179	4475000	0.00019591329081108925	3152	2498	0.4480872669444447	0.00017937840950538216	0.00019591329081108925	0.00019591329081108925	332.0	0.10532994923857868
chr17	chr17	180	4500000	0.0001947177596585779	3151	2499	0.5335757231073498	0.00021351569552114838	0.0001947177596585779	0.0001947177596585779	380.0	0.12059663598857505
chr17	chr17	181	4525000	0.00019353608709441521	3150	2497	0.46899961738905793	0.00018782523724031154	0.00019353608709441521	0.00019353608709441521	350.0	0.1111111111111111
chr17	chr17	182	4550000	0.00019236803722706683	3149	2497	0.5006614087401008	0.00020050516969967992	0.00019236803722706683	0.00019236803722706683	374.0	0.11876786281359161
chr17	chr17	183	4575000	0.00019121337944692362	3148	2498	0.46186800629261204	0.00018489511861193437	0.00019121337944692362	0.00019121337944692362	346.0	0.10991105463786531
chr17	chr17	184	4600000	0.00019008558082576207	3147	2498	0.4588188353672945	0.00018367447372589853	0.00019008558082576207	0.00019008558082576207	331.0	0.10517953606609469
chr17	chr17	185	4625000	0.00018897049293841006	3146	2497	0.47773520604793274	0.00019132367082416209	0.00018897049293841006	0.00018897049293841006	351.0	0.1115702479338843
chr17	chr17	186	4650000	0.0001878679049784235	3145	2497	0.4361829460182994	0.00017468279776463731	0.0001878679049784235	0.0001878679049784235	318.0	0.10111287758346582
chr17	chr17	187	4675000	0.00018677761074392207	3144	2492	0.47556050692118024	0.00019083487436644472	0.00018677761074392207	0.00018677761074392207	355.0	0.11291348600508906
chr17	chr17	188	4700000	0.00018569940851306002	3143	2493	0.4414119351487379	0.00017706054358152342	0.00018569940851306002	0.00018569940851306002	329.0	0.10467706013363029
chr17	chr17	189	4725000	0.00018464603096710167	3142	2492	0.45213687045465456	0.00018143534127393842	0.00018464603096710167	0.00018464603096710167	331.0	0.10534691279439848
chr17	chr17	190	4750000	0.00018360414028293091	3141	2491	0.4298821715547273	0.00017257413550972594	0.00018360414028293091	0.00018360414028293091	320.0	0.10187838268067495
chr17	chr17	191	4775000	0.00018257355172522413	3140	2490	0.4361045931110865	0.0001751424068719223	0.00018257355172522413	0.00018257355172522413	324.0	0.10318471337579618
chr17	chr17	192	4800000	0.00018155408447613952	3139	2492	0.40763797238423505	0.00016357864060362562	0.00018155408447613952	0.00018155408447613952	305.0	0.09716470213443772
chr17	chr17	193	4825000	0.0001805455615323795	3138	2491	0.457654216726471	0.0001837230898139185	0.0001805455615323795	0.0001805455615323795	335.0	0.10675589547482472
chr17	chr17	194	4850000	0.00017955987893596772	3137	2489	0.4688058794528054	0.0001883510966061894	0.00017955987893596772	0.00017955987893596772	347.0	0.1106152374880459
chr17	chr17	195	4875000	0.00017858460406065704	3136	2488	0.4970239736731914	0.000199768478164466	0.00017858460406065704	0.00017858460406065704	367.0	0.11702806122448979
chr17	chr17	196	4900000	0.00017761957448044613	3135	2487	0.4527093483810969	0.0001820302968962995	0.00017761957448044613	0.00017761957448044613	335.0	0.10685805422647528
chr17	chr17	197	4925000	0.00017666463111570892	3134	2484	0.43386017368659757	0.000174661905670933	0.00017666463111570892	0.00017666463111570892	322.0	0.10274409700063816
chr17	chr17	198	4950000	0.00017571961814770177	3133	2483	0.4328328365976817	0.0001743185004420788	0.00017571961814770177	0.00017571961814770177	323.0	0.10309607405043089
chr17	chr17	199	4975000	0.00017479553610708412	3132	2477	0.47030141159889005	0.00018986734420625356	0.00017479553610708412	0.00017479553610708412	340.0	0.10855683269476372
chr17	chr17	200	5000000	0.0001738809092442488	3131	2479	0.433272694838822	0.00017477720646987577	0.0001738809092442488	0.0001738809092442488	320.0	0.10220376876397318
chr17	chr17	201	5025000	0.00017297559426018128	3130	2478	0.41772514673344985	0.00016857350554215088	0.00017297559426018128	0.00017297559426018128	303.0	0.09680511182108627
chr17	chr17	202	5050000	0.00017207945072622005	3129	2475	0.40461756053324904	0.0001634818426396966	0.00017207945072622005	0.00017207945072622005	315.0	0.10067114093959731
chr17	chr17	203	5075000	0.000171192341012707	3128	2473	0.42154659923389787	0.00017045960341039137	0.000171192341012707	0.000171192341012707	310.0	0.09910485933503836
chr17	chr17	204	5100000	0.0001703243881151604	3127	2471	0.4075980010427076	0.00016495265117066272	0.0001703243881151604	0.0001703243881151604	303.0	0.09689798528941478
chr17	chr17	205	5125000	0.00016946504787407457	3126	2470	0.3890881805290073	0.00015752557916154142	0.00016946504787407457	0.00016946504787407457	293.0	0.09373000639795266
chr17	chr17	206	5150000	0.00016861419343578576	3125	2467	0.4550553217001453	0.00018445696055944275	0.00016861419343578576	0.00016861419343578576	337.0	0.10784
chr17	chr17	207	5175000	0.00016777170041876885	3124	2463	0.48148006706308377	0.00019548520790218585	0.00016777170041876885	0.00016777170041876885	354.0	0.11331626120358515
chr17	chr17	208	5200000	0.00016693744685380757	3123	2462	0.41400856233331673	0.00016815944855130656	0.00016693744685380757	0.00016693744685380757	306.0	0.09798270893371758
chr17	chr17	209	5225000	0.00016612070472716135	3122	2461	0.4524557045912856	0.0001838503472536715	0.00016612070472716135	0.00016612070472716135	335.0	0.10730301089045484
chr17	chr17	210	5250000	0.0001653118285258857	3121	2461	0.4450006482868045	0.00018082106797513389	0.0001653118285258857	0.0001653118285258857	328.0	0.10509452098686319
chr17	chr17	211	5275000	0.00016451070557613998	3120	2459	0.35548117701846027	0.00014456330907623436	0.00016451070557613998	0.00016451070557613998	266.0	0.08525641025641026
chr17	chr17	212	5300000	0.0001637172253418966	3119	2455	0.39052956300084535	0.00015907517841174963	0.0001637172253418966	0.0001637172253418966	290.0	0.09297851875601154
chr17	chr17	213	5325000	0.00016293127937453233	3118	2452	0.40849596376035646	0.0001665970488419072	0.00016293127937453233	0.00016293127937453233	289.0	0.09268762026940347
chr17	chr17	214	5350000	0.0001621613697578544	3117	2449	0.4617430547048097	0.00018854350947521833	0.0001621613697578544	0.0001621613697578544	335.0	0.10747513634905358
chr17	chr17	215	5375000	0.0001613986622044088	3116	2443	0.42538013670805835	0.00017412203712978237	0.0001613986622044088	0.0001613986622044088	317.0	0.10173299101412067
chr17	chr17	216	5400000	0.00016064305631290448	3115	2443	0.42737001715698375	0.00017493656044084477	0.00016064305631290448	0.00016064305631290448	314.0	0.10080256821829855
chr17	chr17	217	5425000	0.00015989445353792415	3114	2436	0.3282766846339384	0.00013476054377419474	0.00015989445353792415	0.00015989445353792415	243.0	0.07803468208092486
chr17	chr17	218	5450000	0.00015915275714726388	3113	2434	0.3517144151217121	0.00014450058139758097	0.00015915275714726388	0.00015915275714726388	268.0	0.08609058785737231
chr17	chr17	219	5475000	0.00015842653751933382	3112	2435	0.3703167482444976	0.0001520808001004097	0.00015842653751933382	0.00015842653751933382	282.0	0.09061696658097686
chr17	chr17	220	5500000	0.0001577069175980634	3111	2436	0.3772126182752202	0.00015484918648408055	0.0001577069175980634	0.0001577069175980634	290.0	0.09321761491481839
chr17	chr17	221	5525000	0.00015699380781534393	3110	2436	0.3721118036100639	0.00015275525599756318	0.00015699380781534393	0.00015699380781534393	278.0	0.08938906752411575
chr17	chr17	222	5550000	0.00015628712021662774	3109	2435	0.37822948269622547	0.00015533038303746426	0.00015628712021662774	0.00015628712021662774	278.0	0.08941781923448054
chr17	chr17	223	5575000	0.0001555867684247553	3108	2435	0.3774939906911749	0.0001550283329327207	0.0001555867684247553	0.0001555867684247553	284.0	0.09137709137709138
chr17	chr17	224	5600000	0.0001548926676047495	3107	2435	0.3768914469475749	0.00015478088170331618	0.0001548926676047495	0.0001548926676047495	276.0	0.08883167042162858
chr17	chr17	225	5625000	0.00015421336617803372	3106	2432	0.3411037343265396	0.00014025646970663636	0.00015421336617803372	0.00015421336617803372	264.0	0.0849967804249839
chr17	chr17	226	5650000	0.00015354003657829069	3105	2429	0.35392583199154853	0.00014570845285778036	0.00015354003657829069	0.00015354003657829069	263.0	0.08470209339774556
chr17	chr17	227	5675000	0.00015287260022931552	3104	2428	0.3405339996714003	0.00014025288289596388	0.00015287260022931552	0.00015287260022931552	258.0	0.08311855670103092
chr17	chr17	228	5700000	0.00015221097992890214	3103	2428	0.40790509523062063	0.00016800045108345167	0.00015221097992890214	0.00015221097992890214	299.0	0.09635836287463745
chr17	chr17	229	5725000	0.00015155509981892246	3102	2424	0.3803818329187124	0.00015692319839880875	0.00015155509981892246	0.00015155509981892246	294.0	0.09477756286266925
chr17	chr17	230	5750000	0.00015090488535618376	3101	2423	0.36541825324395716	0.00015081232077753082	0.00015090488535618376	0.00015090488535618376	263.0	0.08481135117703967
chr17	chr17	231	5775000	0.00015026821619270464	3100	2425	0.36025951637674847	0.00014856062530999936	0.00015026821619270464	0.00015026821619270464	266.0	0.08580645161290322
chr17	chr17	232	5800000	0.00014963696597850926	3099	2425	0.40051443904783274	0.0001651605934217867	0.00014963696597850926	0.00014963696597850926	296.0	0.09551468215553405
chr17	chr17	233	5825000	0.000149011065530118	3098	2423	0.39360919315365234	0.00016244704628710373	0.000149011065530118	0.000149011065530118	286.0	0.09231762427372499
chr17	chr17	234	5850000	0.00014839044683921036	3097	2425	0.3823984810984238	0.00015769009529831908	0.00014839044683921036	0.00014839044683921036	283.0	0.09137875363254763
chr17	chr17	235	5875000	0.00014777504304774855	3096	2423	0.39319611552193356	0.00016227656439204852	0.00014777504304774855	0.00014777504304774855	292.0	0.09431524547803617
chr17	chr17	236	5900000	0.00014716478842372868	3095	2424	0.35809537879312525	0.00014772911666383054	0.00014716478842372868	0.00014716478842372868	249.0	0.08045234248788369
chr17	chr17	237	5925000	0.00014656706145225437	3094	2420	0.34453662852070155	0.00014237050765318247	0.00014656706145225437	0.00014656706145225437	253.0	0.08177117000646413
chr17	chr17	238	5950000	0.00014597426367342134	3093	2419	0.32136323229177327	0.00013284962062495793	0.00014597426367342134	0.00014597426367342134	241.0	0.0779178790817976
chr17	chr17	239	5975000	0.00014538633398256785	3092	2419	0.3847099878809379	0.00015903678705288875	0.00014538633398256785	0.00014538633398256785	282.0	0.09120310478654592
chr17	chr17	240	6000000	0.0001448032122839813	3091	2419	0.30099361709536127	0.00012442894464463053	0.0001448032122839813	0.0001448032122839813	235.0	0.07602717567130378
chr17	chr17	241	6025000	0.000144224839470121	3090	2421	0.3425319638310291	0.00014148366948824002	0.000144224839470121	0.000144224839470121	259.0	0.08381877022653722
chr17	chr17	242	6050000	0.0001436511574013531	3089	2420	0.32934842882902954	0.00013609439207811137	0.0001436511574013531	0.0001436511574013531	254.0	0.08222725801230171
chr17	chr17	243	6075000	0.0001430891984784258	3088	2419	0.3632840399899445	0.00015017942951217218	0.0001430891984784258	0.0001430891984784258	271.0	0.08775906735751296
chr17	chr17	244	6100000	0.00014253173225550913	3087	2418	0.35656131417464015	0.00014746125482822175	0.00014253173225550913	0.00014253173225550913	252.0	0.08163265306122448
chr17	chr17	245	6125000	0.00014197870462196604	3086	2417	0.36855824408244153	0.0001524858270924458	0.00014197870462196604	0.00014197870462196604	271.0	0.08781594296824369
chr17	chr17	246	6150000	0.000141430062336209	3085	2418	0.32995749115469497	0.0001364588466313875	0.000141430062336209	0.000141430062336209	246.0	0.07974068071312804
chr17	chr17	247	6175000	0.0001408857530082808	3084	2416	0.36244932308624844	0.0001500204151847055	0.0001408857530082808	0.0001408857530082808	267.0	0.08657587548638132
chr17	chr17	248	6200000	0.00014034572508285278	3083	2414	0.3430730628237565	0.00014211808733378479	0.00014034572508285278	0.00014034572508285278	268.0	0.08692831657476484
chr17	chr17	249	6225000	0.00013981680056893343	3082	2412	0.34413544679030716	0.00014267638755817048	0.00013981680056893343	0.00013981680056893343	259.0	0.08403634003893576
chr17	chr17	250	6250000	0.00013929197741170828	3081	2411	0.3448684030653263	0.00014303956991510838	0.00013929197741170828	0.00013929197741170828	261.0	0.08471275559883155
chr17	chr17	251	6275000	0.00013877120759330395	3080	2408	0.3270894719182038	0.0001358344983049019	0.00013877120759330395	0.00013877120759330395	237.0	0.07694805194805195
chr17	chr17	252	6300000	0.00013825444384637004	3079	2407	0.376718372634997	0.00015650950254881473	0.00013825444384637004	0.00013825444384637004	267.0	0.08671646638519
chr17	chr17	253	6325000	0.0001377416396394284	3078	2405	0.3348277609294852	0.00013922152221600216	0.0001377416396394284	0.0001377416396394284	257.0	0.08349577647823261
chr17	chr17	254	6350000	0.0001372327491625639	3077	2404	0.341130326870129	0.00014190113430537812	0.0001372327491625639	0.0001372327491625639	252.0	0.08189795255118622
chr17	chr17	255	6375000	0.00013673449670599397	3076	2401	0.33425079423749704	0.0001392131587827976	0.00013673449670599397	0.00013673449670599397	242.0	0.07867360208062418
chr17	chr17	256	6400000	0.00013623999277450637	3075	2398	0.3118415082911846	0.00013004233039665746	0.00013623999277450637	0.00013623999277450637	236.0	0.0767479674796748
chr17	chr17	257	6425000	0.00013574919468858562	3074	2397	0.3655980368374268	0.00015252316931056603	0.00013574919468858562	0.00013574919468858562	266.0	0.08653220559531555
chr17	chr17	258	6450000	0.0001352620604182163	3073	2397	0.3281595231839004	0.0001369042649911975	0.0001352620604182163	0.0001352620604182163	238.0	0.0774487471526196
chr17	chr17	259	6475000	0.00013477854857052912	3072	2396	0.2859938941462647	0.00011936306099593685	0.00013477854857052912	0.00013477854857052912	223.0	0.07259114583333333
chr17	chr17	260	6500000	0.000134298618377728	3071	2393	0.3549456238040146	0.0001483266292536626	0.000134298618377728	0.000134298618377728	252.0	0.08205796157603387
chr17	chr17	261	6525000	0.0001338295658721444	3070	2389	0.3053591393453052	0.00012781881094403732	0.0001338295658721444	0.0001338295658721444	234.0	0.0762214983713355
chr17	chr17	262	6550000	0.0001333639359097489	3069	2389	0.3110742405170123	0.000130211067608628	0.0001333639359097489	0.0001333639359097489	246.0	0.0801564027370479
chr17	chr17	263	6575000	0.00013290169059651264	3068	2384	0.3402425456974596	0.00014271918863148473	0.00013290169059651264	0.00013290169059651264	260.0	0.0847457627118644
chr17	chr17	264	6600000	0.0001324427925999391	3067	2383	0.33618668831917786	0.00014107708280284426	0.0001324427925999391	0.0001324427925999391	246.0	0.08020867297032931
chr17	chr17	265	6625000	0.00013198720513865356	3066	2380	0.3241879680095595	0.0001362134319367897	0.00013198720513865356	0.00013198720513865356	245.0	0.07990867579908675
chr17	chr17	266	6650000	0.00013153489197222592	3065	2380	0.33305823637727117	0.00013994043545263493	0.00013153489197222592	0.00013153489197222592	249.0	0.08123980424143556
chr17	chr17	267	6675000	0.00013108581739121878	3064	2378	0.3163758964613247	0.00013304284964731904	0.00013108581739121878	0.00013108581739121878	242.0	0.07898172323759792
chr17	chr17	268	6700000	0.0001306479101231567	3063	2377	0.30276921489054043	0.00012737451194385377	0.0001306479101231567	0.0001306479101231567	226.0	0.07378387202089455
chr17	chr17	269	6725000	0.00013021308852172685	3062	2374	0.300983725761875	0.00012678337226700715	0.00013021308852172685	0.00013021308852172685	221.0	0.07217504898758981
chr17	chr17	270	6750000	0.00012978131949403142	3061	2373	0.33381458309121537	0.00014067196927569127	0.00012978131949403142	0.00012978131949403142	244.0	0.0797125122508984
chr17	chr17	271	6775000	0.00012935257042291266	3060	2373	0.303210797412296	0.00012777530442996038	0.00012935257042291266	0.00012935257042291266	228.0	0.07450980392156863
chr17	chr17	272	6800000	0.0001289268091583886	3059	2372	0.32615980380349485	0.00013750413313806697	0.0001289268091583886	0.0001289268091583886	238.0	0.07780320366132723
chr17	chr17	273	6825000	0.00012850400400927597	3058	2371	0.2882170873577335	0.00012155929454143125	0.00012850400400927597	0.00012850400400927597	214.0	0.06998037933289732
chr17	chr17	274	6850000	0.0001280841237349905	3057	2371	0.3144670940165065	0.00013263057529165184	0.0001280841237349905	0.0001280841237349905	243.0	0.07948969578017664
chr17	chr17	275	6875000	0.00012767524660878033	3056	2368	0.31809329779620943	0.00013432993994772359	0.00012767524660878033	0.00012767524660878033	233.0	0.07624345549738219
chr17	chr17	276	6900000	0.00012726915176023145	3055	2367	0.2932184964774256	0.00012387769179443412	0.00012726915176023145	0.00012726915176023145	219.0	0.07168576104746317
chr17	chr17	277	6925000	0.00012686581027865042	3054	2368	0.31114211463773617	0.00013139447408688182	0.00012686581027865042	0.00012686581027865042	234.0	0.07662082514734773
chr17	chr17	278	6950000	0.0001264651936566933	3053	2367	0.3033792103021226	0.00012817034655771974	0.0001264651936566933	0.0001264651936566933	218.0	0.07140517523747134
chr17	chr17	279	6975000	0.0001260672737833119	3052	2368	0.3120870990819046	0.00013179353846364214	0.0001260672737833119	0.0001260672737833119	235.0	0.07699868938401049
chr17	chr17	280	7000000	0.00012567202293684845	3051	2368	0.2749298355010096	0.00011610212647846688	0.00012567202293684845	0.00012567202293684845	199.0	0.06522451655195018
chr17	chr17	281	7025000	0.0001252794137782751	3050	2366	0.3072998101371659	0.00012988157655839642	0.0001252794137782751	0.0001252794137782751	228.0	0.07475409836065573
chr17	chr17	282	7050000	0.00012489770511117586	3049	2365	0.3174890913235682	0.00013424485891059965	0.00012489770511117586	0.00012489770511117586	228.0	0.07477861593965235
chr17	chr17	283	7075000	0.0001245185044765338	3048	2363	0.2990964295321003	0.0001265748749606857	0.0001245185044765338	0.0001245185044765338	222.0	0.07283464566929133
chr17	chr17	284	7100000	0.00012414178661995787	3047	2361	0.2866795500819757	0.0001214229352316712	0.00012414178661995787	0.00012414178661995787	214.0	0.07023301608139153
chr17	chr17	285	7125000	0.00012376752662909512	3046	2362	0.29842577416129	0.000126344527587337	0.00012376752662909512	0.00012376752662909512	220.0	0.07222586999343401
chr17	chr17	286	7150000	0.00012339569992781823	3045	2361	0.28389328894308985	0.00012024281615548066	0.00012339569992781823	0.00012339569992781823	207.0	0.06798029556650247
chr17	chr17	287	7175000	0.0001230262822705316	3044	2360	0.2838600916336014	0.00012027969984474634	0.0001230262822705316	0.0001230262822705316	212.0	0.06964520367936924
chr17	chr17	288	7200000	0.00012265924973659372	3043	2361	0.2745848742808731	0.00011630024323628678	0.00012265924973659372	0.00012265924973659372	206.0	0.06769635228393033
chr17	chr17	289	7225000	0.00012230304732088848	3042	2363	0.3124811052795535	0.00013223914738872344	0.00012230304732088848	0.00012230304732088848	219.0	0.07199211045364892
chr17	chr17	290	7250000	0.0001219491043748561	3041	2364	0.29208501378526996	0.00012355542038293993	0.0001219491043748561	0.0001219491043748561	198.0	0.06511016113120684
chr17	chr17	291	7275000	0.00012159739884879695	3040	2363	0.2738417108441684	0.00011588730886338063	0.00012159739884879695	0.00012159739884879695	210.0	0.06907894736842106
chr17	chr17	292	7300000	0.00012124790898298673	3039	2362	0.34481305743797863	0.0001459835128865278	0.00012124790898298673	0.00012124790898298673	245.0	0.08061862454754853
chr17	chr17	293	7325000	0.00012090061330288506	3038	2362	0.26856004867699446	0.00011370027463039563	0.00012090061330288506	0.00012090061330288506	193.0	0.06352863726135616
chr17	chr17	294	7350000	0.0001205554906144414	3037	2361	0.27131206183408674	0.00011491404567305665	0.0001205554906144414	0.0001205554906144414	207.0	0.06815936779716826
chr17	chr17	295	7375000	0.0001202125199994919	3036	2360	0.26522339820281643	0.00011238279584865103	0.0001202125199994919	0.0001202125199994919	201.0	0.06620553359683795
chr17	chr17	296	7400000	0.00011988031008778052	3035	2360	0.28867918360483225	0.00012232168796814927	0.00011988031008778052	0.00011988031008778052	208.0	0.0685337726523888
chr17	chr17	297	7425000	0.00011955013404917869	3034	2359	0.27708787904349685	0.00011745988937833694	0.00011955013404917869	0.00011955013404917869	198.0	0.06526038233355307
chr17	chr17	298	7450000	0.0001192219726464266	3033	2359	0.29794261324431487	0.00012630038713196899	0.0001192219726464266	0.0001192219726464266	209.0	0.06890867128255852
chr17	chr17	299	7475000	0.00011889580688796857	3032	2357	0.3023756719591183	0.00012828836315618086	0.00011889580688796857	0.00011889580688796857	219.0	0.07222955145118734
chr17	chr17	300	7500000	0.0001185716180240059	3031	2355	0.2773836195379713	0.00011778497644924471	0.0001185716180240059	0.0001185716180240059	203.0	0.06697459584295612
chr17	chr17	301	7525000	0.0001182493875426261	3030	2355	0.2790758112890653	0.00011850352920979418	0.0001182493875426261	0.0001182493875426261	200.0	0.066006600660066
chr17	chr17	302	7550000	0.00011792909716600686	3029	2353	0.25377818446240147	0.00010785303207071886	0.00011792909716600686	0.00011792909716600686	189.0	0.06239683063717399
chr17	chr17	303	7575000	0.00011762012649192416	3028	2351	0.3100759025925336	0.00013189106873353194	0.00011762012649192416	0.00011762012649192416	215.0	0.07100396301188903
chr17	chr17	304	7600000	0.00011731297934472236	3027	2349	0.23497144815171844	0.00010003041641197039	0.00011731297934472236	0.00011731297934472236	171.0	0.05649157581764123
chr17	chr17	305	7625000	0.00011700763901654394	3026	2346	0.2681757953060093	0.00011431193320801761	0.00011700763901654394	0.00011700763901654394	187.0	0.06179775280898876
chr17	chr17	306	7650000	0.00011670408900673407	3025	2344	0.25454565956100783	0.00010859456465913303	0.00011670408900673407	0.00011670408900673407	183.0	0.060495867768595044
chr17	chr17	307	7675000	0.00011640231301860427	3024	2341	0.26897605683157455	0.00011489793115402587	0.00011640231301860427	0.00011640231301860427	203.0	0.06712962962962964
chr17	chr17	308	7700000	0.000116102294956257	3023	2338	0.2794139910628656	0.00011950983364536594	0.000116102294956257	0.000116102294956257	192.0	0.06351306649024148
chr17	chr17	309	7725000	0.00011580401892146913	3022	2338	0.28419981956570983	0.00012155680905291268	0.00011580401892146913	0.00011580401892146913	203.0	0.0671740569159497
chr17	chr17	310	7750000	0.00011550746921063538	3021	2337	0.2756219465656124	0.00011793835967719828	0.00011550746921063538	0.00011550746921063538	188.0	0.06223104932141675
chr17	chr17	311	7775000	0.00011522273186800739	3020	2334	0.24775308721716205	0.0001061495660741911	0.00011522273186800739	0.00011522273186800739	174.0	0.0576158940397351
chr17	chr17	312	7800000	0.00011493960714273868	3019	2334	0.28519140127474796	0.00012218997483922365	0.00011493960714273868	0.00011493960714273868	208.0	0.06889698575687314
chr17	chr17	313	7825000	0.00011465808077685756	3018	2334	0.22332336894284494	9.5682677353404e-05	0.00011465808077685756	0.00011465808077685756	169.0	0.0559973492379059
chr17	chr17	314	7850000	0.00011437813868347704	3017	2332	0.268626428015702	0.0001151914356842633	0.00011437813868347704	0.00011437813868347704	198.0	0.06562810739144846
chr17	chr17	315	7875000	0.00011409976694420532	3016	2330	0.23047197465501212	9.891501058155027e-05	0.00011409976694420532	0.00011409976694420532	156.0	0.05172413793103448
chr17	chr17	316	7900000	0.00011382295180660378	3015	2327	0.2636126022193927	0.00011328431552187052	0.00011382295180660378	0.00011382295180660378	189.0	0.0626865671641791
chr17	chr17	317	7925000	0.00011354767968169006	3014	2326	0.26286479661919626	0.00011301152047256933	0.00011354767968169006	0.00011354767968169006	195.0	0.06469807564698075
chr17	chr17	318	7950000	0.0001132739371414874	3013	2324	0.26469444855332824	0.0001138960622002273	0.0001132739371414874	0.0001132739371414874	179.0	0.05940922668436774
chr17	chr17	319	7975000	0.0001130118259941614	3012	2324	0.30501128736448957	0.00013124409955442753	0.0001130118259941614	0.0001130118259941614	215.0	0.07138114209827358
chr17	chr17	320	8000000	0.00011275113889851379	3011	2324	0.2713078793715188	0.00011674177253507694	0.00011275113889851379	0.00011275113889851379	190.0	0.0631019594818997
chr17	chr17	321	8025000	0.0001124918637036588	3010	2321	0.2449760070486101	0.00010554761182619996	0.0001124918637036588	0.0001124918637036588	177.0	0.05880398671096346
chr17	chr17	322	8050000	0.00011223398839981833	3009	2322	0.2614294360280055	0.00011258804307838308	0.00011223398839981833	0.00011223398839981833	187.0	0.062146892655367235
chr17	chr17	323	8075000	0.00011197750111625189	3008	2322	0.2852962769057572	0.00012286661365450353	0.00011197750111625189	0.00011197750111625189	187.0	0.06216755319148936
chr17	chr17	324	8100000	0.0001117223901192216	3007	2321	0.2392749449707542	0.00010309131623039818	0.0001117223901192216	0.0001117223901192216	175.0	0.05819753907549052
chr17	chr17	325	8125000	0.00011146864380999511	3006	2319	0.25091704102850215	0.00010820053515674952	0.00011146864380999511	0.00011146864380999511	176.0	0.05854956753160346
chr17	chr17	326	8150000	0.00011121625072288229	3005	2318	0.25957552799423445	0.00011198254011830648	0.00011121625072288229	0.00011121625072288229	186.0	0.06189683860232945
chr17	chr17	327	8175000	0.00011097524716592141	3004	2317	0.23860971641622986	0.00010298218231170905	0.00011097524716592141	0.00011097524716592141	173.0	0.05758988015978695
chr17	chr17	328	8200000	0.00011073549936066896	3003	2318	0.21631762931030651	9.332080643240143e-05	0.00011073549936066896	0.00011073549936066896	166.0	0.05527805527805528
chr17	chr17	329	8225000	0.00011049699696534157	3002	2316	0.3103103888858968	0.0001339854874291437	0.00011049699696534157	0.00011049699696534157	212.0	0.07061958694203864
chr17	chr17	330	8250000	0.00011025972975442014	3001	2314	0.24628737698404715	0.00010643361148835227	0.00011025972975442014	0.00011025972975442014	185.0	0.06164611796067977
chr17	chr17	331	8275000	0.00011002368761699562	3000	2314	0.2236820540346857	9.666467330798864e-05	0.00011002368761699562	0.00011002368761699562	164.0	0.05466666666666667
chr17	chr17	332	8300000	0.00010978886055514289	2999	2314	0.27673500537693374	0.00011959161857257292	0.00010978886055514289	0.00010978886055514289	197.0	0.06568856285428476
chr17	chr17	333	8325000	0.00010955523868232258	2998	2313	0.24895297432636632	0.00010763206845065556	0.00010955523868232258	0.00010955523868232258	179.0	0.05970647098065377
chr17	chr17	334	8350000	0.00010932281222181034	2997	2315	0.25608313019542767	0.0001106190627194072	0.00010932281222181034	0.00010932281222181034	186.0	0.062062062062062065
chr17	chr17	335	8375000	0.00010910146786378776	2996	2313	0.23479602753886072	0.00010151146888839634	0.00010910146786378776	0.00010910146786378776	166.0	0.05540720961281709
chr17	chr17	336	8400000	0.00010888122940350272	2995	2311	0.23762999512928717	0.00010282561450856216	0.00010888122940350272	0.00010888122940350272	166.0	0.05542570951585977
chr17	chr17	337	8425000	0.00010866208804881852	2994	2309	0.23170685869843774	0.00010034944075289638	0.00010866208804881852	0.00010866208804881852	169.0	0.05644622578490314
chr17	chr17	338	8450000	0.00010844403510331604	2993	2305	0.24738669552242207	0.00010732611519410936	0.00010844403510331604	0.00010844403510331604	175.0	0.05846976277981958
chr17	chr17	339	8475000	0.00010822706196497179	2992	2301	0.23443040739295948	0.00010188196757625357	0.00010822706196497179	0.00010822706196497179	171.0	0.0571524064171123
chr17	chr17	340	8500000	0.00010801116012485861	2991	2298	0.21824280997820847	9.497076152228393e-05	0.00010801116012485861	0.00010801116012485861	152.0	0.05081912403878302
chr17	chr17	341	8525000	0.00010779632116586839	2990	2294	0.24753685266179878	0.00010790621301734907	0.00010779632116586839	0.00010779632116586839	177.0	0.059197324414715716
chr17	chr17	342	8550000	0.00010758253676145485	2989	2294	0.2549080700906965	0.00011111947257658957	0.00010758253676145485	0.00010758253676145485	191.0	0.06390097022415524
chr17	chr17	343	8575000	0.0001073794716119861	2988	2290	0.27041477236289874	0.00011808505343358024	0.0001073794716119861	0.0001073794716119861	188.0	0.06291834002677377
chr17	chr17	344	8600000	0.00010717737924817415	2987	2286	0.18066874705861913	7.903269775092701e-05	0.00010717737924817415	0.00010717737924817415	134.0	0.044861064613324404
chr17	chr17	345	8625000	0.00010697625220227895	2986	2285	0.2034322639868918	8.902943719338809e-05	0.00010697625220227895	0.00010697625220227895	147.0	0.049229738780977896
chr17	chr17	346	8650000	0.00010677608308531593	2985	2283	0.20818183569759896	9.118783867612744e-05	0.00010677608308531593	0.00010677608308531593	147.0	0.04924623115577889
chr17	chr17	347	8675000	0.00010657686458600097	2984	2280	0.22922764783766383	0.00010053844203406309	0.00010657686458600097	0.00010657686458600097	168.0	0.05630026809651475
chr17	chr17	348	8700000	0.00010637858946971206	2983	2278	0.23426166847003516	0.00010283655332310586	0.00010637858946971206	0.00010637858946971206	165.0	0.05531344284277573
chr17	chr17	349	8725000	0.0001061812505774682	2982	2276	0.2400791629338893	0.00010548293626269302	0.0001061812505774682	0.0001061812505774682	170.0	0.05700871898054997
chr17	chr17	350	8750000	0.00010598484082492463	2981	2274	0.21888673914206627	9.625626171594822e-05	0.00010598484082492463	0.00010598484082492463	159.0	0.05333780610533378
chr17	chr17	351	8775000	0.0001057993167008437	2980	2270	0.22639415751247818	9.9733109036334e-05	0.0001057993167008437	0.0001057993167008437	160.0	0.053691275167785234
chr17	chr17	352	8800000	0.00010561464375623352	2979	2268	0.19784015602318958	8.723110935766736e-05	0.00010561464375623352	0.00010561464375623352	149.0	0.050016784155756965
chr17	chr17	353	8825000	0.00010543081568438027	2978	2264	0.19783419607660385	8.738259544019605e-05	0.00010543081568438027	0.00010543081568438027	153.0	0.05137676292813969
chr17	chr17	354	8850000	0.00010524782624299189	2977	2264	0.26077977518881723	0.00011518541306926556	0.00010524782624299189	0.00010524782624299189	180.0	0.06046355391333557
chr17	chr17	355	8875000	0.00010506566925336106	2976	2263	0.21144994801350825	9.343789130071067e-05	0.00010506566925336106	0.00010506566925336106	162.0	0.05443548387096774
chr17	chr17	356	8900000	0.00010488433859954011	2975	2262	0.2218427730011292	9.807372811721007e-05	0.00010488433859954011	0.00010488433859954011	161.0	0.05411764705882353
chr17	chr17	357	8925000	0.00010470382822752927	2974	2260	0.23031316159057202	0.00010190847857989913	0.00010470382822752927	0.00010470382822752927	165.0	0.0554808338937458
chr17	chr17	358	8950000	0.00010452413214447832	2973	2259	0.2573876683521975	0.00011393876421080013	0.00010452413214447832	0.00010452413214447832	188.0	0.06323578876555667
chr17	chr17	359	8975000	0.00010434524441790027	2972	2260	0.252726685465005	0.00011182596701991371	0.00010434524441790027	0.00010434524441790027	181.0	0.060901749663526246
chr17	chr17	360	9000000	0.0001041772715285131	2971	2260	0.21963023401958154	9.718151947769094e-05	0.0001041772715285131	0.0001041772715285131	162.0	0.05452709525412319
chr17	chr17	361	9025000	0.00010401003385967807	2970	2261	0.20669344306848556	9.141682577111259e-05	0.00010401003385967807	0.00010401003385967807	157.0	0.05286195286195286
chr17	chr17	362	9050000	0.00010384352617003555	2969	2260	0.21775113158199402	9.635005822212125e-05	0.00010384352617003555	0.00010384352617003555	165.0	0.05557426743011115
chr17	chr17	363	9075000	0.00010367774326993623	2968	2258	0.23947152969165686	0.00010605470756937859	0.00010367774326993623	0.00010367774326993623	170.0	0.05727762803234501
chr17	chr17	364	9100000	0.00010351268002078904	2967	2259	0.2378691450994506	0.00010529842633884488	0.00010351268002078904	0.00010351268002078904	168.0	0.056622851365015166
chr17	chr17	365	9125000	0.00010334833133442133	2966	2260	0.23466794574050923	0.00010383537422146425	0.00010334833133442133	0.00010334833133442133	173.0	0.05832771409305462
chr17	chr17	366	9150000	0.0001031846921724475	2965	2259	0.20350199365007698	9.008499054894953e-05	0.0001031846921724475	0.0001031846921724475	152.0	0.051264755480607084
chr17	chr17	367	9175000	0.00010302175754564691	2964	2258	0.24232258735087298	0.00010731735489409786	0.00010302175754564691	0.00010302175754564691	179.0	0.06039136302294197
chr17	chr17	368	9200000	0.00010285952251335226	2963	2259	0.223732409345246	9.90404645175945e-05	0.00010285952251335226	0.00010285952251335226	168.0	0.056699291258859266
chr17	chr17	369	9225000	0.00010270759322154755	2962	2259	0.2220231353845168	9.828381380456697e-05	0.00010270759322154755	0.00010270759322154755	164.0	0.05536799459824443
chr17	chr17	370	9250000	0.00010255629860381734	2961	2259	0.20921809492509175	9.261535853257713e-05	0.00010255629860381734	0.00010255629860381734	156.0	0.05268490374873354
chr17	chr17	371	9275000	0.00010240563430424106	2960	2258	0.21418236466277835	9.485490020495055e-05	0.00010240563430424106	0.00010240563430424106	166.0	0.056081081081081084
chr17	chr17	372	9300000	0.00010225559600842995	2959	2260	0.2443688686153005	0.0001081278179713719	0.00010225559600842995	0.00010225559600842995	172.0	0.05812774586008787
chr17	chr17	373	9325000	0.00010210617944302083	2958	2258	0.19935257010930252	8.828723211218004e-05	0.00010210617944302083	0.00010210617944302083	142.0	0.048005409060175794
chr17	chr17	374	9350000	0.00010195738037517758	2957	2253	0.22359456472666034	9.924303805000459e-05	0.00010195738037517758	0.00010195738037517758	164.0	0.05546161650321271
chr17	chr17	375	9375000	0.00010180919461209914	2956	2253	0.22566762746918018	0.00010016317242307154	0.00010180919461209914	0.00010180919461209914	158.0	0.05345060893098782
chr17	chr17	376	9400000	0.00010166161800053563	2955	2254	0.24984013896616322	0.00011084300752713542	0.00010166161800053563	0.00010166161800053563	174.0	0.05888324873096447
chr17	chr17	377	9425000	0.0001015146464263115	2954	2252	0.25901409419855237	0.00011501513951978347	0.0001015146464263115	0.0001015146464263115	182.0	0.061611374407582936
chr17	chr17	378	9450000	0.0001013773414876601	2953	2251	0.21686275925954995	9.634063050179918e-05	0.0001013773414876601	0.0001013773414876601	149.0	0.05045716220792414
chr17	chr17	379	9475000	0.00010124058428860826	2952	2248	0.21897706260719924	9.740972535907439e-05	0.00010124058428860826	0.00010124058428860826	161.0	0.05453929539295393
chr17	chr17	380	9500000	0.0001011043712075057	2951	2247	0.2121962696344577	9.443536699352812e-05	0.0001011043712075057	0.0001011043712075057	159.0	0.05388004066418163
chr17	chr17	381	9525000	0.00010096869865609775	2950	2245	0.21128287722902472	9.411264019110233e-05	0.00010096869865609775	0.00010096869865609775	153.0	0.05186440677966102
chr17	chr17	382	9550000	0.00010083356307912987	2949	2243	0.24415674742489152	0.00010885276300708494	0.00010083356307912987	0.00010083356307912987	171.0	0.05798575788402848
chr17	chr17	383	9575000	0.00010069896095395965	2948	2241	0.24002002848546805	0.00010710398415237307	0.00010069896095395965	0.00010069896095395965	169.0	0.057327001356852106
chr17	chr17	384	9600000	0.00010056488879017257	2947	2241	0.21327344327788966	9.516887250240502e-05	0.00010056488879017257	0.00010056488879017257	148.0	0.050220563284696304
chr17	chr17	385	9625000	0.0001004313431292049	2946	2240	0.2403748814676091	0.00010731021494089692	0.0001004313431292049	0.0001004313431292049	171.0	0.05804480651731161
chr17	chr17	386	9650000	0.0001002983205439708	2945	2238	0.225573218055244	0.00010079232263415729	0.0001002983205439708	0.0001002983205439708	161.0	0.05466893039049236
chr17	chr17	387	9675000	0.000100174308027212	2944	2237	0.179137719286598	8.007944536727671e-05	0.000100174308027212	0.000100174308027212	130.0	0.044157608695652176
chr17	chr17	388	9700000	0.00010005076828385069	2943	2236	0.23943517646335083	0.0001070819214952374	0.00010005076828385069	0.00010005076828385069	166.0	0.0564050288820931
chr17	chr17	389	9725000	9.992769829999406e-05	2942	2234	0.21785243405359084	9.751675651458856e-05	9.992769829999406e-05	9.992769829999406e-05	160.0	0.054384772263766146
chr17	chr17	390	9750000	9.980509508864658e-05	2941	2234	0.21942543539407583	9.82208752883061e-05	9.980509508864658e-05	9.980509508864658e-05	151.0	0.05134308058483509
chr17	chr17	391	9775000	9.968295568940169e-05	2940	2233	0.21416973791992577	9.591121268245669e-05	9.968295568940169e-05	9.968295568940169e-05	159.0	0.05408163265306123
chr17	chr17	392	9800000	9.956127716813766e-05	2939	2232	0.22382408508111973	0.00010027960801125436	9.956127716813766e-05	9.956127716813766e-05	157.0	0.05341953045253488
chr17	chr17	393	9825000	9.944005661671801e-05	2938	2229	0.2095851461887287	9.402653485362436e-05	9.944005661671801e-05	9.944005661671801e-05	146.0	0.049693669162695714
chr17	chr17	394	9850000	9.931929115269596e-05	2937	2230	0.20894336851524387	9.36965778095264e-05	9.931929115269596e-05	9.931929115269596e-05	156.0	0.05311542390194075
chr17	chr17	395	9875000	9.919897791902291e-05	2936	2230	0.23061399225898466	0.00010341434630447743	9.919897791902291e-05	9.919897791902291e-05	161.0	0.05483651226158038
chr17	chr17	396	9900000	9.908743172468279e-05	2935	2230	0.2064750792251221	9.258972162561529e-05	9.908743172468279e-05	9.908743172468279e-05	150.0	0.05110732538330494
chr17	chr17	397	9925000	9.897629181399915e-05	2934	2230	0.20557784319074063	9.218737362813481e-05	9.897629181399915e-05	9.897629181399915e-05	148.0	0.050443081117927745
chr17	chr17	398	9950000	9.886555568936259e-05	2933	2231	0.23104639204269412	0.00010356180728045455	9.886555568936259e-05	9.886555568936259e-05	166.0	0.05659734060688715
chr17	chr17	399	9975000	9.875522087474311e-05	2932	2233	0.22282752912446502	9.97884142966704e-05	9.875522087474311e-05	9.875522087474311e-05	160.0	0.054570259208731244
chr17	chr17	400	10000000	9.864528491545049e-05	2931	2232	0.22806455829449152	0.0001021794616014747	9.864528491545049e-05	9.864528491545049e-05	169.0	0.057659501876492665
chr17	chr17	401	10025000	9.853574537789682e-05	2930	2231	0.203049452726342	9.101275335111699e-05	9.853574537789682e-05	9.853574537789682e-05	147.0	0.050170648464163824
chr17	chr17	402	10050000	9.842659984936387e-05	2929	2232	0.19692893516408633	8.8229809661329e-05	9.842659984936387e-05	9.842659984936387e-05	141.0	0.04813929668828952
chr17	chr17	403	10075000	9.831784593777239e-05	2928	2234	0.21056118622739972	9.42529929397492e-05	9.831784593777239e-05	9.831784593777239e-05	165.0	0.05635245901639344
chr17	chr17	404	10100000	9.820948127145446e-05	2927	2232	0.25333562642864693	0.00011350162474401745	9.820948127145446e-05	9.820948127145446e-05	186.0	0.06354629313290058
chr17	chr17	405	10125000	9.810150349893027e-05	2926	2231	0.2074394719011243	9.29804894222879e-05	9.810150349893027e-05	9.810150349893027e-05	149.0	0.05092276144907724
chr17	chr17	406	10150000	9.800194119121352e-05	2925	2231	0.16512541295434058	7.401408021261343e-05	9.800194119121352e-05	9.800194119121352e-05	127.0	0.04341880341880342
chr17	chr17	407	10175000	9.790272448186465e-05	2924	2231	0.20581336894878977	9.225162211958304e-05	9.790272448186465e-05	9.790272448186465e-05	148.0	0.0506155950752394
chr17	chr17	408	10200000	9.780385132652593e-05	2923	2230	0.19965283856560398	8.953042088143676e-05	9.780385132652593e-05	9.780385132652593e-05	146.0	0.04994868286007526
chr17	chr17	409	10225000	9.770531969790522e-05	2922	2226	0.20101263574818407	9.030217239361368e-05	9.770531969790522e-05	9.770531969790522e-05	142.0	0.0485968514715948
chr17	chr17	410	10250000	9.760712758559246e-05	2921	2225	0.24306116134875366	0.00010924097139269827	9.760712758559246e-05	9.760712758559246e-05	172.0	0.05888394385484423
chr17	chr17	411	10275000	9.750927299587815e-05	2920	2223	0.21346364236782026	9.602503030491239e-05	9.750927299587815e-05	9.750927299587815e-05	160.0	0.0547945205479452
chr17	chr17	412	10300000	9.74117539515741e-05	2919	2220	0.19974446870148393	8.997498590156934e-05	9.74117539515741e-05	9.74117539515741e-05	144.0	0.04933196300102775
chr17	chr17	413	10325000	9.73145684918374e-05	2918	2216	0.20815257457897687	9.393166722878018e-05	9.73145684918374e-05	9.73145684918374e-05	148.0	0.05071967100753941
chr17	chr17	414	10350000	9.721771467199576e-05	2917	2214	0.21561127039514405	9.738539764911656e-05	9.721771467199576e-05	9.721771467199576e-05	154.0	0.052793966403839564
chr17	chr17	415	10375000	9.712119056337553e-05	2916	2210	0.21485425121100304	9.7219118195024e-05	9.712119056337553e-05	9.712119056337553e-05	160.0	0.05486968449931413
chr17	chr17	416	10400000	9.703228263032428e-05	2915	2209	0.19633775610340257	8.88808311921243e-05	9.703228263032428e-05	9.703228263032428e-05	144.0	0.049399656946826756
chr17	chr17	417	10425000	9.694366925832555e-05	2914	2206	0.18804922861929108	8.524443727075751e-05	9.694366925832555e-05	9.694366925832555e-05	133.0	0.0456417295813315
chr17	chr17	418	10450000	9.685534876858998e-05	2913	2203	0.23834120307326234	0.00010818937951577955	9.685534876858998e-05	9.685534876858998e-05	179.0	0.061448678338482665
chr17	chr17	419	10475000	9.676731949588287e-05	2912	2199	0.16793329140917668	7.636802701645142e-05	9.676731949588287e-05	9.676731949588287e-05	127.0	0.04361263736263736
chr17	chr17	420	10500000	9.667957978838243e-05	2911	2197	0.21361702659046883	9.72312364999858e-05	9.667957978838243e-05	9.667957978838243e-05	153.0	0.052559257986946065
chr17	chr17	421	10525000	9.65921280075409e-05	2910	2194	0.22157266291925795	0.00010099027480367272	9.65921280075409e-05	9.65921280075409e-05	156.0	0.05360824742268041
chr17	chr17	422	10550000	9.650496252794588e-05	2909	2192	0.2135745773158157	9.743365753458745e-05	9.650496252794588e-05	9.650496252794588e-05	154.0	0.052939154348573395
chr17	chr17	423	10575000	9.64180817371846e-05	2908	2191	0.21197355299768275	9.674739981637734e-05	9.64180817371846e-05	9.64180817371846e-05	159.0	0.0546767537826685
chr17	chr17	424	10600000	9.633148403570923e-05	2907	2192	0.1951555281797044	8.903080665132501e-05	9.633148403570923e-05	9.633148403570923e-05	147.0	0.05056759545923633
chr17	chr17	425	10625000	9.624516783670467e-05	2906	2192	0.1640590146558113	7.484444099261465e-05	9.624516783670467e-05	9.624516783670467e-05	120.0	0.04129387474191328
chr17	chr17	426	10650000	9.616568500099912e-05	2905	2191	0.20310964743715076	9.270180166004143e-05	9.616568500099912e-05	9.616568500099912e-05	142.0	0.048881239242685025
chr17	chr17	427	10675000	9.608645393540397e-05	2904	2189	0.1922825316892148	8.78403525304773e-05	9.608645393540397e-05	9.608645393540397e-05	140.0	0.048209366391184574
chr17	chr17	428	10700000	9.600747325558131e-05	2903	2189	0.20133788875636216	9.197710770048523e-05	9.600747325558131e-05	9.600747325558131e-05	155.0	0.05339304168101963
chr17	chr17	429	10725000	9.592874158801648e-05	2902	2187	0.24169610049545157	0.00011051490649083291	9.592874158801648e-05	9.592874158801648e-05	185.0	0.06374913852515507
chr17	chr17	430	10750000	9.585025756990877e-05	2901	2187	0.20934513180658249	9.572251111412093e-05	9.585025756990877e-05	9.585025756990877e-05	156.0	0.05377456049638056
chr17	chr17	431	10775000	9.577201984906242e-05	2900	2186	0.19090820426440952	8.733220689131269e-05	9.577201984906242e-05	9.577201984906242e-05	138.0	0.04758620689655172
chr17	chr17	432	10800000	9.569402708378036e-05	2899	2185	0.22001106023441902	0.00010069156074801786	9.569402708378036e-05	9.569402708378036e-05	164.0	0.056571231459123836
chr17	chr17	433	10825000	9.561627794275863e-05	2898	2183	0.19531920181838136	8.947283638038541e-05	9.561627794275863e-05	9.561627794275863e-05	151.0	0.05210489993098689
chr17	chr17	434	10850000	9.553877110498151e-05	2897	2183	0.219143429349024	0.00010038636250527898	9.553877110498151e-05	9.553877110498151e-05	163.0	0.05626510182947877
chr17	chr17	435	10875000	9.546150525961907e-05	2896	2184	0.21333311642453817	9.767999836288378e-05	9.546150525961907e-05	9.546150525961907e-05	155.0	0.053522099447513814
chr17	chr17	436	10900000	9.539058174710868e-05	2895	2183	0.18350109604833387	8.405913698961699e-05	9.539058174710868e-05	9.539058174710868e-05	133.0	0.0459412780656304
chr17	chr17	437	10925000	9.531987322901828e-05	2894	2183	0.19438707098526703	8.904584103768531e-05	9.531987322901828e-05	9.531987322901828e-05	142.0	0.04906703524533518
chr17	chr17	438	10950000	9.524937856387755e-05	2893	2184	0.1990542225052181	9.114204327162e-05	9.524937856387755e-05	9.524937856387755e-05	147.0	0.05081230556515728
chr17	chr17	439	10975000	9.517909661886496e-05	2892	2183	0.23983393750837784	0.00010986437815317353	9.517909661886496e-05	9.517909661886496e-05	159.0	0.054979253112033194
chr17	chr17	440	11000000	9.510902626972271e-05	2891	2183	0.18886790332456396	8.651759199476132e-05	9.510902626972271e-05	9.510902626972271e-05	141.0	0.0487720511933587
chr17	chr17	441	11025000	9.503916640067259e-05	2890	2183	0.24238777307001497	0.00011103425243702013	9.503916640067259e-05	9.503916640067259e-05	166.0	0.057439446366782006
chr17	chr17	442	11050000	9.496951590433308e-05	2889	2184	0.21617459124281815	9.898103994634531e-05	9.496951590433308e-05	9.496951590433308e-05	155.0	0.05365178262374524
chr17	chr17	443	11075000	9.490007368163756e-05	2888	2185	0.21719793130767417	9.940408755499963e-05	9.490007368163756e-05	9.490007368163756e-05	152.0	0.05263157894736842
chr17	chr17	444	11100000	9.483083864175264e-05	2887	2186	0.17918694955083858	8.197024224649523e-05	9.483083864175264e-05	9.483083864175264e-05	125.0	0.04329754069968826
chr17	chr17	445	11125000	9.476180970199883e-05	2886	2187	0.20590484923422736	9.414945095300748e-05	9.476180970199883e-05	9.476180970199883e-05	150.0	0.05197505197505198
chr17	chr17	446	11150000	9.469298578777095e-05	2885	2189	0.22446644894136603	0.00010254291865754501	9.469298578777095e-05	9.469298578777095e-05	168.0	0.058232235701906415
chr17	chr17	447	11175000	9.462992950058492e-05	2884	2190	0.1876808540599096	8.56990201186802e-05	9.462992950058492e-05	9.462992950058492e-05	134.0	0.046463245492371706
chr17	chr17	448	11200000	9.456705597013328e-05	2883	2190	0.2214083418088301	0.0001010996994560868	9.456705597013328e-05	9.456705597013328e-05	154.0	0.053416579951439475
chr17	chr17	449	11225000	9.450436426056065e-05	2882	2187	0.19718321818031143	9.016150808427591e-05	9.450436426056065e-05	9.450436426056065e-05	144.0	0.04996530187369882
chr17	chr17	450	11250000	9.444185344287526e-05	2881	2185	0.1924399156454968	8.807318793844247e-05	9.444185344287526e-05	9.444185344287526e-05	137.0	0.047552933009371745
chr17	chr17	451	11275000	9.437952259488226e-05	2880	2182	0.19902801032945688	9.121357027014523e-05	9.437952259488226e-05	9.437952259488226e-05	147.0	0.051041666666666666
chr17	chr17	452	11300000	9.431737080111991e-05	2879	2180	0.21381396936648034	9.807980246168822e-05	9.431737080111991e-05	9.431737080111991e-05	152.0	0.05279610976033345
chr17	chr17	453	11325000	9.425539715279527e-05	2878	2177	0.21060947055483395	9.674298142160494e-05	9.425539715279527e-05	9.425539715279527e-05	150.0	0.05211952744961779
chr17	chr17	454	11350000	9.419360074772127e-05	2877	2176	0.20193279589063984	9.279999811150728e-05	9.419360074772127e-05	9.419360074772127e-05	143.0	0.04970455335418839
chr17	chr17	455	11375000	9.413198069025392e-05	2876	2175	0.19463211614924597	8.948603041344642e-05	9.413198069025392e-05	9.413198069025392e-05	143.0	0.04972183588317107
chr17	chr17	456	11400000	9.407053609123095e-05	2875	2174	0.19841326177730473	9.126644975956979e-05	9.407053609123095e-05	9.407053609123095e-05	142.0	0.049391304347826084
chr17	chr17	457	11425000	9.400926606791065e-05	2874	2173	0.18653879903750314	8.584390199608981e-05	9.400926606791065e-05	9.400926606791065e-05	132.0	0.04592901878914405
chr17	chr17	458	11450000	9.39529056036609e-05	2873	2171	0.1726039497204282	7.950435270402036e-05	9.39529056036609e-05	9.39529056036609e-05	115.0	0.04002784545770971
chr17	chr17	459	11475000	9.389670174188994e-05	2872	2169	0.21219071231797398	9.782882080127893e-05	9.389670174188994e-05	9.389670174188994e-05	151.0	0.05257660167130919
chr17	chr17	460	11500000	9.384065370770152e-05	2871	2169	0.21671699899051944	9.991562885685543e-05	9.384065370770152e-05	9.384065370770152e-05	154.0	0.05363984674329502
chr17	chr17	461	11525000	9.378476073170741e-05	2870	2167	0.1697731671215355	7.834479331865967e-05	9.378476073170741e-05	9.378476073170741e-05	122.0	0.04250871080139373
chr17	chr17	462	11550000	9.372902204997686e-05	2869	2168	0.19018316598793655	8.772286254056114e-05	9.372902204997686e-05	9.372902204997686e-05	144.0	0.050191704426629485
chr17	chr17	463	11575000	9.367343690398579e-05	2868	2167	0.1922687770060133	8.8725785420403e-05	9.367343690398579e-05	9.367343690398579e-05	136.0	0.04741980474198047
chr17	chr17	464	11600000	9.361800454056699e-05	2867	2164	0.15016042083101933	6.93902129533361e-05	9.361800454056699e-05	9.361800454056699e-05	117.0	0.040809208231600974
chr17	chr17	465	11625000	9.356272421186101e-05	2866	2161	0.19274878918184687	8.919425690969315e-05	9.356272421186101e-05	9.356272421186101e-05	143.0	0.04989532449406839
chr17	chr17	466	11650000	9.350759517526753e-05	2865	2159	0.21901439126750297	0.00010144251564034413	9.350759517526753e-05	9.350759517526753e-05	155.0	0.05410122164048865
chr17	chr17	467	11675000	9.345261669339668e-05	2864	2157	0.20093389779044712	9.315433369979005e-05	9.345261669339668e-05	9.345261669339668e-05	138.0	0.04818435754189944
chr17	chr17	468	11700000	9.339778803402204e-05	2863	2156	0.2249169271835146	0.00010432139479754851	9.339778803402204e-05	9.339778803402204e-05	158.0	0.05518686692280824
chr17	chr17	469	11725000	9.334704302152537e-05	2862	2153	0.21019062284566797	9.762685687211703e-05	9.334704302152537e-05	9.334704302152537e-05	154.0	0.05380852550663871
chr17	chr17	470	11750000	9.329643357504037e-05	2861	2150	0.22420105798988038	0.00010427956185575831	9.329643357504037e-05	9.329643357504037e-05	156.0	0.05452638937434463
chr17	chr17	471	11775000	9.324595904511582e-05	2860	2149	0.18461679156471456	8.59082324638039e-05	9.324595904511582e-05	9.324595904511582e-05	141.0	0.0493006993006993
chr17	chr17	472	11800000	9.319561878678224e-05	2859	2149	0.2053583604712968	9.555996299269279e-05	9.319561878678224e-05	9.319561878678224e-05	149.0	0.05211612451906261
chr17	chr17	473	11825000	9.31454121595117e-05	2858	2150	0.20256082987297735	9.421433947580341e-05	9.31454121595117e-05	9.31454121595117e-05	145.0	0.050734779566130164
chr17	chr17	474	11850000	9.309533852717758e-05	2857	2149	0.16868416598473884	7.84942605792177e-05	9.309533852717758e-05	9.309533852717758e-05	124.0	0.043402170108505424
chr17	chr17	475	11875000	9.304539725801548e-05	2856	2148	0.21412580693395827	9.968612985752247e-05	9.304539725801548e-05	9.304539725801548e-05	142.0	0.04971988795518207
chr17	chr17	476	11900000	9.299558772458398e-05	2855	2148	0.2039968650283049	9.497060755507677e-05	9.299558772458398e-05	9.299558772458398e-05	138.0	0.04833625218914186
chr17	chr17	477	11925000	9.294590930372608e-05	2854	2148	0.1791266301754937	8.33922859290008e-05	9.294590930372608e-05	9.294590930372608e-05	132.0	0.046250875963559916
chr17	chr17	478	11950000	9.289636137653101e-05	2853	2147	0.18156796070146908	8.456821644223059e-05	9.289636137653101e-05	9.289636137653101e-05	129.0	0.0452155625657203
chr17	chr17	479	11975000	9.284694332829675e-05	2852	2146	0.2100473115739803	9.787852356662641e-05	9.284694332829675e-05	9.284694332829675e-05	155.0	0.05434782608695652
chr17	chr17	480	12000000	9.280093677373912e-05	2851	2146	0.17795118021718404	8.292226477967569e-05	9.280093677373912e-05	9.280093677373912e-05	125.0	0.04384426517011575
chr17	chr17	481	12025000	9.275504869208506e-05	2850	2144	0.20820703174049165	9.71114886849308e-05	9.275504869208506e-05	9.275504869208506e-05	143.0	0.05017543859649123
chr17	chr17	482	12050000	9.270927853289557e-05	2849	2143	0.18956064123046729	8.845573552518306e-05	9.270927853289557e-05	9.270927853289557e-05	139.0	0.048789048789048786
chr17	chr17	483	12075000	9.266362574942419e-05	2848	2142	0.19346115722301438	9.031800057096843e-05	9.266362574942419e-05	9.266362574942419e-05	140.0	0.04915730337078652
chr17	chr17	484	12100000	9.261808979858485e-05	2847	2141	0.21307999425830787	9.952358442704711e-05	9.261808979858485e-05	9.261808979858485e-05	151.0	0.05303828591499824
chr17	chr17	485	12125000	9.257267014091969e-05	2846	2139	0.18119199935469765	8.470874210130792e-05	9.257267014091969e-05	9.257267014091969e-05	127.0	0.044624033731553055
chr17	chr17	486	12150000	9.252736624056746e-05	2845	2138	0.16823742696612193	7.868916134991671e-05	9.252736624056746e-05	9.252736624056746e-05	121.0	0.042530755711775045
chr17	chr17	487	12175000	9.248217756523221e-05	2844	2137	0.19399018824066927	9.077687797878768e-05	9.248217756523221e-05	9.248217756523221e-05	135.0	0.04746835443037975
chr17	chr17	488	12200000	9.243710358615223e-05	2843	2138	0.18342157173103504	8.579119351311274e-05	9.243710358615223e-05	9.243710358615223e-05	127.0	0.04467112205416813
chr17	chr17	489	12225000	9.239214377806971e-05	2842	2137	0.1990701766022419	9.315403678158255e-05	9.239214377806971e-05	9.239214377806971e-05	142.0	0.04996481351161154
chr17	chr17	490	12250000	9.234729761919978e-05	2841	2135	0.20798018621044234	9.741460712432896e-05	9.234729761919978e-05	9.234729761919978e-05	148.0	0.052094332981344596
chr17	chr17	491	12275000	9.230256459120118e-05	2840	2132	0.21964723226908156	0.00010302403014497259	9.230256459120118e-05	9.230256459120118e-05	157.0	0.05528169014084507
chr17	chr17	492	12300000	9.226050821284698e-05	2839	2131	0.20469242220884015	9.605463266487103e-05	9.226050821284698e-05	9.226050821284698e-05	153.0	0.05389221556886228
chr17	chr17	493	12325000	9.221855633229904e-05	2838	2130	0.17036042403191975	7.998141973329567e-05	9.221855633229904e-05	9.221855633229904e-05	124.0	0.04369274136715997
chr17	chr17	494	12350000	9.217670847873639e-05	2837	2129	0.21621431482625048	0.00010155674721759065	9.217670847873639e-05	9.217670847873639e-05	153.0	0.053930207966161436
chr17	chr17	495	12375000	9.213496418440682e-05	2836	2127	0.1833666608169558	8.620905539114047e-05	9.213496418440682e-05	9.213496418440682e-05	135.0	0.04760225669957687
chr17	chr17	496	12400000	9.209332298460109e-05	2835	2126	0.20062376597607195	9.436677609410722e-05	9.209332298460109e-05	9.209332298460109e-05	143.0	0.05044091710758378
chr17	chr17	497	12425000	9.205178441762667e-05	2834	2125	0.22694122324542643	0.00010679586976255362	9.205178441762667e-05	9.205178441762667e-05	165.0	0.05822159491884263
chr17	chr17	498	12450000	9.201034802478252e-05	2833	2125	0.19151543109333466	9.012490874980454e-05	9.201034802478252e-05	9.201034802478252e-05	140.0	0.049417578538651606
chr17	chr17	499	12475000	9.19690133503332e-05	2832	2126	0.20824724286390103	9.79526071796336e-05	9.19690133503332e-05	9.19690133503332e-05	146.0	0.05155367231638418
chr17	chr17	500	12500000	9.192777994148446e-05	2831	2126	0.1803900911512643	8.484952547096157e-05	9.192777994148446e-05	9.192777994148446e-05	134.0	0.047333097845284354
chr17	chr17	501	12525000	9.188664734835795e-05	2830	2125	0.1959176936941614	9.21965617384289e-05	9.188664734835795e-05	9.188664734835795e-05	143.0	0.05053003533568905
chr17	chr17	502	12550000	9.184561512396688e-05	2829	2122	0.16630143575126535	7.83701393738291e-05	9.184561512396688e-05	9.184561512396688e-05	125.0	0.04418522446094026
chr17	chr17	503	12575000	9.180468282419152e-05	2828	2121	0.17401236320008817	8.204260405473276e-05	9.180468282419152e-05	9.180468282419152e-05	129.0	0.045615275813295615
chr17	chr17	504	12600000	9.176557046936347e-05	2827	2120	0.2093289611852449	9.87400760307759e-05	9.176557046936347e-05	9.176557046936347e-05	144.0	0.050937389458790235
chr17	chr17	505	12625000	9.172655225542609e-05	2826	2122	0.2139009177774056	0.00010080156351432875	9.172655225542609e-05	9.172655225542609e-05	161.0	0.05697098372257608
chr17	chr17	506	12650000	9.168762777004274e-05	2825	2118	0.19636215939393858	9.271112341545731e-05	9.168762777004274e-05	9.168762777004274e-05	141.0	0.04991150442477876
chr17	chr17	507	12675000	9.164879660349301e-05	2824	2115	0.1910164489601756	9.031510589133599e-05	9.164879660349301e-05	9.164879660349301e-05	137.0	0.04851274787535411
chr17	chr17	508	12700000	9.161005834865124e-05	2823	2113	0.22795932666562485	0.00010788420571018687	9.161005834865124e-05	9.161005834865124e-05	161.0	0.057031526744597945
chr17	chr17	509	12725000	9.15714126009649e-05	2822	2111	0.17604191716619944	8.339266564007552e-05	9.15714126009649e-05	9.15714126009649e-05	121.0	0.04287739192062367
chr17	chr17	510	12750000	9.153285895843323e-05	2821	2110	0.1892011782822861	8.966880487312138e-05	9.153285895843323e-05	9.153285895843323e-05	139.0	0.049273307337823466
chr17	chr17	511	12775000	9.149439702158652e-05	2820	2109	0.1947968818781744	9.236457177722826e-05	9.149439702158652e-05	9.149439702158652e-05	140.0	0.04964539007092199
chr17	chr17	512	12800000	9.145602639346487e-05	2819	2108	0.2306752831325909	0.00010942850243481542	9.145602639346487e-05	9.145602639346487e-05	158.0	0.056048244058176655
chr17	chr17	513	12825000	9.141774667959769e-05	2818	2107	0.18844469258235713	8.943744308607363e-05	9.141774667959769e-05	9.141774667959769e-05	135.0	0.047906316536550746
chr17	chr17	514	12850000	9.137955748798344e-05	2817	2107	0.17275566897722716	8.199129994173098e-05	9.137955748798344e-05	9.137955748798344e-05	131.0	0.04650337238196663
chr17	chr17	515	12875000	9.134145842906923e-05	2816	2106	0.20285634434952055	9.632305049834783e-05	9.134145842906923e-05	9.134145842906923e-05	147.0	0.052201704545454544
chr17	chr17	516	12900000	9.130436974092947e-05	2815	2106	0.17977151731016883	8.536159416437266e-05	9.130436974092947e-05	9.130436974092947e-05	119.0	0.04227353463587922
chr17	chr17	517	12925000	9.126736787650697e-05	2814	2106	0.18053531889035446	8.572427297737628e-05	9.126736787650697e-05	9.126736787650697e-05	127.0	0.045131485429992894
chr17	chr17	518	12950000	9.12304524652004e-05	2813	2106	0.17811706784050876	8.457600562227387e-05	9.12304524652004e-05	9.12304524652004e-05	125.0	0.04443654461429079
chr17	chr17	519	12975000	9.119362313870228e-05	2812	2104	0.18224173593891851	8.661679464777496e-05	9.119362313870228e-05	9.119362313870228e-05	129.0	0.04587482219061166
chr17	chr17	520	13000000	9.115687953097987e-05	2811	2103	0.17280136910938204	8.216898198258775e-05	9.115687953097987e-05	9.115687953097987e-05	122.0	0.04340092493774458
chr17	chr17	521	13025000	9.112022127825673e-05	2810	2100	0.21523800346749405	0.00010249428736547336	9.112022127825673e-05	9.112022127825673e-05	146.0	0.05195729537366548
chr17	chr17	522	13050000	9.10836480189949e-05	2809	2098	0.2148003557026321	0.00010238339165997717	9.10836480189949e-05	9.10836480189949e-05	148.0	0.05268778924884301
chr17	chr17	523	13075000	9.104715939387672e-05	2808	2097	0.17450288600718344	8.321549165817046e-05	9.104715939387672e-05	9.104715939387672e-05	127.0	0.04522792022792023
chr17	chr17	524	13100000	9.101075504578659e-05	2807	2095	0.18197562653771013	8.686187424234374e-05	9.101075504578659e-05	9.101075504578659e-05	133.0	0.04738154613466334
chr17	chr17	525	13125000	9.097443461979397e-05	2806	2094	0.19532574769615074	9.32787715836441e-05	9.097443461979397e-05	9.097443461979397e-05	145.0	0.05167498218104063
chr17	chr17	526	13150000	9.093819776313537e-05	2805	2093	0.14897331218471938	7.117692889857591e-05	9.093819776313537e-05	9.093819776313537e-05	105.0	0.0374331550802139
chr17	chr17	527	13175000	9.090204412519714e-05	2804	2093	0.17737682019749257	8.474764462374226e-05	9.090204412519714e-05	9.090204412519714e-05	128.0	0.0456490727532097
chr17	chr17	528	13200000	9.086612967807513e-05	2803	2092	0.17221329711732536	8.231993170044234e-05	9.086612967807513e-05	9.086612967807513e-05	125.0	0.04459507670353193
chr17	chr17	529	13225000	9.083029733560682e-05	2802	2092	0.2296191910678509	0.00010976060758501476	9.083029733560682e-05	9.083029733560682e-05	163.0	0.05817273376159886
chr17	chr17	530	13250000	9.079454675541546e-05	2801	2092	0.16725042273068233	7.994762080816555e-05	9.079454675541546e-05	9.079454675541546e-05	118.0	0.04212781149589433
chr17	chr17	531	13275000	9.075887759719442e-05	2800	2091	0.15528829480304296	7.426508598902102e-05	9.075887759719442e-05	9.075887759719442e-05	114.0	0.04071428571428572
chr17	chr17	532	13300000	9.072328952269113e-05	2799	2091	0.14348082185533564	6.86182792230204e-05	9.072328952269113e-05	9.072328952269113e-05	111.0	0.03965702036441586
chr17	chr17	533	13325000	9.068778219569037e-05	2798	2090	0.19018487553276725	9.099754810180251e-05	9.068778219569037e-05	9.068778219569037e-05	134.0	0.04789135096497498
chr17	chr17	534	13350000	9.065235528199886e-05	2797	2090	0.23697939340430385	0.00011338726957143725	9.065235528199886e-05	9.065235528199886e-05	157.0	0.05613156953879156
chr17	chr17	535	13375000	9.061700844942881e-05	2796	2089	0.21504421008759395	0.00010294122072168212	9.061700844942881e-05	9.061700844942881e-05	146.0	0.05221745350500715
chr17	chr17	536	13400000	9.058174136778236e-05	2795	2089	0.18255624742807391	8.738929986982954e-05	9.058174136778236e-05	9.058174136778236e-05	134.0	0.047942754919499106
chr17	chr17	537	13425000	9.054655370883612e-05	2794	2090	0.16062402103920165	7.685359858335007e-05	9.054655370883612e-05	9.054655370883612e-05	116.0	0.04151753758052971
chr17	chr17	538	13450000	9.05114451463253e-05	2793	2089	0.2082381753451477	9.968318590002283e-05	9.05114451463253e-05	9.05114451463253e-05	148.0	0.052989616899391336
chr17	chr17	539	13475000	9.047641535592883e-05	2792	2089	0.17053819485115068	8.163628283922962e-05	9.047641535592883e-05	9.047641535592883e-05	114.0	0.04083094555873926
chr17	chr17	540	13500000	9.0441464015254e-05	2791	2087	0.18606023611604372	8.915200580548333e-05	9.0441464015254e-05	9.0441464015254e-05	129.0	0.04621999283410964
chr17	chr17	541	13525000	9.04059591287291e-05	2790	2086	0.1756702868064459	8.42139438190057e-05	9.04059591287291e-05	9.04059591287291e-05	123.0	0.04408602150537634
chr17	chr17	542	13550000	9.037053370957957e-05	2789	2084	0.16760624582975509	8.042526191446981e-05	9.037053370957957e-05	9.037053370957957e-05	124.0	0.044460380064539264
chr17	chr17	543	13575000	9.033518743381349e-05	2788	2082	0.20460144350401166	9.827158669741193e-05	9.033518743381349e-05	9.033518743381349e-05	149.0	0.05344332855093257
chr17	chr17	544	13600000	9.029991997935317e-05	2787	2081	0.21104655485566348	0.00010141593217475419	9.029991997935317e-05	9.029991997935317e-05	155.0	0.05561535701471116
chr17	chr17	545	13625000	9.026473102602102e-05	2786	2080	0.17508753835354962	8.417670113151424e-05	9.026473102602102e-05	9.026473102602102e-05	129.0	0.04630294328786791
chr17	chr17	546	13650000	9.022962025552429e-05	2785	2078	0.18446741316780607	8.877161365149474e-05	9.022962025552429e-05	9.022962025552429e-05	132.0	0.0473967684021544
chr17	chr17	547	13675000	9.019458735144072e-05	2784	2076	0.1364314703704579	6.571843466785063e-05	9.019458735144072e-05	9.019458735144072e-05	101.0	0.03627873563218391
chr17	chr17	548	13700000	9.015963199920408e-05	2783	2074	0.17248326097622707	8.316454241862443e-05	9.015963199920408e-05	9.015963199920408e-05	131.0	0.047071505569529284
chr17	chr17	549	13725000	9.012475388609025e-05	2782	2071	0.1934435025657601	9.340584382702081e-05	9.012475388609025e-05	9.012475388609025e-05	134.0	0.04816678648454349
chr17	chr17	550	13750000	9.008995270120276e-05	2781	2069	0.1760626507273804	8.509552959274064e-05	9.008995270120276e-05	9.008995270120276e-05	123.0	0.04422869471413161
chr17	chr17	551	13775000	9.005522813545873e-05	2780	2069	0.1963778368956992	9.491437259337806e-05	9.005522813545873e-05	9.005522813545873e-05	139.0	0.05
chr17	chr17	552	13800000	9.002057988157533e-05	2779	2065	0.17156212166102663	8.308093058645357e-05	9.002057988157533e-05	9.002057988157533e-05	123.0	0.04426052536883771
chr17	chr17	553	13825000	8.998600763405608e-05	2778	2065	0.1550099051394011	7.506532936532741e-05	8.998600763405608e-05	8.998600763405608e-05	114.0	0.04103671706263499
chr17	chr17	554	13850000	8.995013746248086e-05	2777	2063	0.16821406844586084	8.15385692902864e-05	8.995013746248086e-05	8.995013746248086e-05	121.0	0.043572200216060494
chr17	chr17	555	13875000	8.991434624005371e-05	2776	2064	0.18450429832901732	8.939161740746963e-05	8.991434624005371e-05	8.991434624005371e-05	138.0	0.04971181556195965
chr17	chr17	556	13900000	8.987863365122814e-05	2775	2062	0.18383885954236145	8.915560598562631e-05	8.987863365122814e-05	8.987863365122814e-05	131.0	0.047207207207207204
chr17	chr17	557	13925000	8.984299938228342e-05	2774	2062	0.18478069387755713	8.961236366515865e-05	8.984299938228342e-05	8.984299938228342e-05	126.0	0.04542177361211247
chr17	chr17	558	13950000	8.980744312131102e-05	2773	2059	0.19213725189717984	9.331580956638166e-05	8.980744312131102e-05	8.980744312131102e-05	130.0	0.04688063469166967
chr17	chr17	559	13975000	8.977196455820051e-05	2772	2061	0.16961292097994246	8.229641968944322e-05	8.977196455820051e-05	8.977196455820051e-05	120.0	0.04329004329004329
chr17	chr17	560	14000000	8.973656338462637e-05	2771	2057	0.19084080774416612	9.277627989507346e-05	8.973656338462637e-05	8.973656338462637e-05	134.0	0.048357993504150126
chr17	chr17	561	14025000	8.970123929403421e-05	2770	2057	0.19796195132709565	9.623818732479128e-05	8.970123929403421e-05	8.970123929403421e-05	142.0	0.051263537906137184
chr17	chr17	562	14050000	8.966599198162784e-05	2769	2057	0.16367274530038362	7.95686656783586e-05	8.966599198162784e-05	8.966599198162784e-05	122.0	0.04405922715781871
chr17	chr17	563	14075000	8.963082114435586e-05	2768	2055	0.1796096615976318	8.740129518132934e-05	8.963082114435586e-05	8.963082114435586e-05	117.0	0.04226878612716763
chr17	chr17	564	14100000	8.959572648089845e-05	2767	2052	0.19262115804534963	9.386996006108656e-05	8.959572648089845e-05	8.959572648089845e-05	137.0	0.049512106975063246
chr17	chr17	565	14125000	8.956070769165483e-05	2766	2051	0.15891254996987927	7.748052168204742e-05	8.956070769165483e-05	8.956070769165483e-05	116.0	0.04193781634128706
chr17	chr17	566	14150000	8.95257644787301e-05	2765	2050	0.19794508169982186	9.65585764389375e-05	8.95257644787301e-05	8.95257644787301e-05	141.0	0.050994575045207956
chr17	chr17	567	14175000	8.948876613352917e-05	2764	2049	0.15915497160003927	7.767446149343059e-05	8.948876613352917e-05	8.948876613352917e-05	113.0	0.040882778581765554
chr17	chr17	568	14200000	8.945184823361596e-05	2763	2051	0.17358921530600074	8.46363799639204e-05	8.945184823361596e-05	8.945184823361596e-05	128.0	0.04632645674990952
chr17	chr17	569	14225000	8.9415010462911e-05	2762	2049	0.168749611857152	8.235705800739484e-05	8.9415010462911e-05	8.9415010462911e-05	121.0	0.04380883417813179
chr17	chr17	570	14250000	8.937825250712922e-05	2761	2051	0.18600917368223369	9.069194231215684e-05	8.937825250712922e-05	8.937825250712922e-05	138.0	0.049981890619340816
chr17	chr17	571	14275000	8.934157405376706e-05	2760	2050	0.1718439976625085	8.382634032317487e-05	8.934157405376706e-05	8.934157405376706e-05	124.0	0.04492753623188406
chr17	chr17	572	14300000	8.930497479208913e-05	2759	2050	0.1927702932657437	9.403428939792374e-05	8.930497479208913e-05	8.930497479208913e-05	131.0	0.047480971366437114
chr17	chr17	573	14325000	8.926845441311478e-05	2758	2050	0.20466234112107778	9.983528835174525e-05	8.926845441311478e-05	8.926845441311478e-05	139.0	0.05039883973894126
chr17	chr17	574	14350000	8.923201260960587e-05	2757	2048	0.1865548790651535	9.109124954353198e-05	8.923201260960587e-05	8.923201260960587e-05	137.0	0.04969169387014871
chr17	chr17	575	14375000	8.919564907605319e-05	2756	2048	0.18023650124665996	8.800610412434569e-05	8.919564907605319e-05	8.919564907605319e-05	132.0	0.047895500725689405
chr17	chr17	576	14400000	8.91593635086643e-05	2755	2047	0.1766270179035758	8.6285792820506e-05	8.91593635086643e-05	8.91593635086643e-05	131.0	0.047549909255898366
chr17	chr17	577	14425000	8.912315560535042e-05	2754	2046	0.1743689466605276	8.522431410582972e-05	8.912315560535042e-05	8.912315560535042e-05	118.0	0.042846768336964415
chr17	chr17	578	14450000	8.90870250657145e-05	2753	2046	0.1689312930374754	8.256661438781789e-05	8.90870250657145e-05	8.90870250657145e-05	119.0	0.043225572103160186
chr17	chr17	579	14475000	8.905097159103828e-05	2752	2044	0.173106002240258	8.468982497077201e-05	8.905097159103828e-05	8.905097159103828e-05	123.0	0.04469476744186047
chr17	chr17	580	14500000	8.901499488427065e-05	2751	2045	0.17185205055508082	8.40352325452718e-05	8.901499488427065e-05	8.901499488427065e-05	123.0	0.04471101417666303
chr17	chr17	581	14525000	8.897623925197324e-05	2750	2043	0.19020859275227442	9.310259067659052e-05	8.897623925197324e-05	8.897623925197324e-05	134.0	0.04872727272727273
chr17	chr17	582	14550000	8.893756709745369e-05	2749	2040	0.19700968665870688	9.657337581309161e-05	8.893756709745369e-05	8.893756709745369e-05	132.0	0.04801746089487086
chr17	chr17	583	14575000	8.889897809793488e-05	2748	2039	0.15855778688119693	7.776252421834082e-05	8.889897809793488e-05	8.889897809793488e-05	119.0	0.04330422125181951
chr17	chr17	584	14600000	8.886047193243874e-05	2747	2037	0.19296134726225367	9.47282018960499e-05	8.886047193243874e-05	8.886047193243874e-05	138.0	0.050236621769202766
chr17	chr17	585	14625000	8.882204828177316e-05	2746	2034	0.19505204824788286	9.589579559876246e-05	8.882204828177316e-05	8.882204828177316e-05	140.0	0.05098324836125273
chr17	chr17	586	14650000	8.878370682851879e-05	2745	2035	0.18300292934796158	8.992772940931773e-05	8.878370682851879e-05	8.878370682851879e-05	125.0	0.04553734061930783
chr17	chr17	587	14675000	8.874544725701648e-05	2744	2032	0.19076489790607623	9.388036314275406e-05	8.874544725701648e-05	8.874544725701648e-05	130.0	0.047376093294460644
chr17	chr17	588	14700000	8.870726925335436e-05	2743	2032	0.1890414758207848	9.303222235274842e-05	8.870726925335436e-05	8.870726925335436e-05	129.0	0.04702880058330295
chr17	chr17	589	14725000	8.866917250535527e-05	2742	2032	0.1883688806807831	9.2701220807472e-05	8.866917250535527e-05	8.866917250535527e-05	132.0	0.04814004376367615
chr17	chr17	590	14750000	8.86311567025642e-05	2741	2031	0.17743313705245017	8.736245054281151e-05	8.86311567025642e-05	8.86311567025642e-05	132.0	0.04815760671287851
chr17	chr17	591	14775000	8.859322153623591e-05	2740	2028	0.20302035899986698	0.00010010865828395808	8.859322153623591e-05	8.859322153623591e-05	145.0	0.05291970802919708
chr17	chr17	592	14800000	8.855536669932283e-05	2739	2028	0.16710629687702727	8.239955467309037e-05	8.855536669932283e-05	8.855536669932283e-05	122.0	0.04454180357794816
chr17	chr17	593	14825000	8.851759188646248e-05	2738	2026	0.1746964332670004	8.622726222458066e-05	8.851759188646248e-05	8.851759188646248e-05	119.0	0.043462381300219136
chr17	chr17	594	14850000	8.847989679396583e-05	2737	2025	0.17297118113760945	8.541786722844911e-05	8.847989679396583e-05	8.847989679396583e-05	125.0	0.04567044208987943
chr17	chr17	595	14875000	8.84388722142141e-05	2736	2024	0.17685398368851502	8.737845043898963e-05	8.84388722142141e-05	8.84388722142141e-05	119.0	0.04349415204678363
chr17	chr17	596	14900000	8.839793549904791e-05	2735	2026	0.19000327752994878	9.378246669790167e-05	8.839793549904791e-05	8.839793549904791e-05	128.0	0.04680073126142596
chr17	chr17	597	14925000	8.835708631333184e-05	2734	2025	0.17316384768466803	8.55130112023052e-05	8.835708631333184e-05	8.835708631333184e-05	123.0	0.044989027066569126
chr17	chr17	598	14950000	8.831632432376758e-05	2733	2024	0.18281350662226542	9.032287876594141e-05	8.831632432376758e-05	8.831632432376758e-05	124.0	0.045371386754482254
chr17	chr17	599	14975000	8.827564919888057e-05	2732	2021	0.1898058853411917	9.391681610152978e-05	8.827564919888057e-05	8.827564919888057e-05	132.0	0.048316251830161056
chr17	chr17	600	15000000	8.823506060900704e-05	2731	2021	0.20130100260849934	9.960465245348805e-05	8.823506060900704e-05	8.823506060900704e-05	144.0	0.05272793848407177
chr17	chr17	601	15025000	8.819455822628099e-05	2730	2017	0.17430643420868314	8.641865850703179e-05	8.819455822628099e-05	8.819455822628099e-05	128.0	0.046886446886446886
chr17	chr17	602	15050000	8.815414172462178e-05	2729	2014	0.1936258975815917	9.613996900774166e-05	8.815414172462178e-05	8.815414172462178e-05	139.0	0.05093440820813485
chr17	chr17	603	15075000	8.811381077972087e-05	2728	2012	0.18524976650092434	9.207244855910752e-05	8.811381077972087e-05	8.811381077972087e-05	127.0	0.04655425219941349
chr17	chr17	604	15100000	8.80735650690299e-05	2727	2010	0.1721444655137899	8.56440126934278e-05	8.80735650690299e-05	8.80735650690299e-05	123.0	0.045104510451045104
chr17	chr17	605	15125000	8.803340427174793e-05	2726	2008	0.1771848538643711	8.823946905596171e-05	8.803340427174793e-05	8.803340427174793e-05	125.0	0.045854732208363905
chr17	chr17	606	15150000	8.799332806880918e-05	2725	2007	0.1666900817999693	8.305435067263044e-05	8.799332806880918e-05	8.799332806880918e-05	117.0	0.04293577981651376
chr17	chr17	607	15175000	8.79533361428704e-05	2724	2006	0.16594973108461303	8.272668548584897e-05	8.79533361428704e-05	8.79533361428704e-05	123.0	0.04515418502202643
chr17	chr17	608	15200000	8.79134281782996e-05	2723	2007	0.15769981574860567	7.857489573921559e-05	8.79134281782996e-05	8.79134281782996e-05	113.0	0.04149834741094381
chr17	chr17	609	15225000	8.786960784698769e-05	2722	2005	0.15552203596602698	7.75671002324324e-05	8.786960784698769e-05	8.786960784698769e-05	120.0	0.0440852314474651
chr17	chr17	610	15250000	8.782588119971432e-05	2721	2004	0.20067279826494488	0.00010013612687871502	8.782588119971432e-05	8.782588119971432e-05	145.0	0.05328923190003675
chr17	chr17	611	15275000	8.778224788310259e-05	2720	2004	0.2252085298583326	0.00011237950591733163	8.778224788310259e-05	8.778224788310259e-05	154.0	0.05661764705882353
chr17	chr17	612	15300000	8.773870754568412e-05	2719	2004	0.1833338468021166	9.148395549007814e-05	8.773870754568412e-05	8.773870754568412e-05	126.0	0.04634056638470026
chr17	chr17	613	15325000	8.769525983788567e-05	2718	2003	0.19007606596846294	9.489568945005638e-05	8.769525983788567e-05	8.769525983788567e-05	136.0	0.05003679175864607
chr17	chr17	614	15350000	8.76519044120157e-05	2717	2003	0.18415295678592603	9.193857053715727e-05	8.76519044120157e-05	8.76519044120157e-05	135.0	0.049687154950312847
chr17	chr17	615	15375000	8.760864092225142e-05	2716	2000	0.15835259001417118	7.917629500708559e-05	8.760864092225142e-05	8.760864092225142e-05	112.0	0.041237113402061855
chr17	chr17	616	15400000	8.756546902462543e-05	2715	2001	0.1906388640958892	9.527179614986967e-05	8.756546902462543e-05	8.756546902462543e-05	134.0	0.04935543278084715
chr17	chr17	617	15425000	8.752238837701316e-05	2714	1998	0.16129237959056875	8.072691671199636e-05	8.752238837701316e-05	8.752238837701316e-05	119.0	0.04384672070744289
chr17	chr17	618	15450000	8.747939863911978e-05	2713	1999	0.1763690823870709	8.822865552129611e-05	8.747939863911978e-05	8.747939863911978e-05	122.0	0.04496866936970144
chr17	chr17	619	15475000	8.743649947246737e-05	2712	2001	0.16406583125383406	8.199191966708349e-05	8.743649947246737e-05	8.743649947246737e-05	112.0	0.04129793510324484
chr17	chr17	620	15500000	8.739369054038261e-05	2711	2001	0.19542655405928222	9.766444480723749e-05	8.739369054038261e-05	8.739369054038261e-05	133.0	0.049059387679822944
chr17	chr17	621	15525000	8.735097150798397e-05	2710	1998	0.18819237602010103	9.419037838843895e-05	8.735097150798397e-05	8.735097150798397e-05	135.0	0.04981549815498155
chr17	chr17	622	15550000	8.73083420421696e-05	2709	1998	0.18081222472630976	9.049660897212701e-05	8.73083420421696e-05	8.73083420421696e-05	133.0	0.04909560723514212
chr17	chr17	623	15575000	8.726580181160475e-05	2708	2000	0.1689034713684715	8.445173568423575e-05	8.726580181160475e-05	8.726580181160475e-05	122.0	0.045051698670605614
chr17	chr17	624	15600000	8.721886042557231e-05	2707	2002	0.1945971561255963	9.720137668611204e-05	8.721886042557231e-05	8.721886042557231e-05	138.0	0.05097894347986701
chr17	chr17	625	15625000	8.717201939568223e-05	2706	2000	0.17345498590745295	8.672749295372648e-05	8.717201939568223e-05	8.717201939568223e-05	121.0	0.044715447154471545
chr17	chr17	626	15650000	8.712527834732707e-05	2705	2001	0.17569511221341255	8.780365427956649e-05	8.712527834732707e-05	8.712527834732707e-05	126.0	0.046580406654343806
chr17	chr17	627	15675000	8.707863690789342e-05	2704	2000	0.1880953890483773	9.404769452418865e-05	8.707863690789342e-05	8.707863690789342e-05	127.0	0.04696745562130177
chr17	chr17	628	15700000	8.703209470674782e-05	2703	2001	0.1825687567954775	9.123875901822963e-05	8.703209470674782e-05	8.703209470674782e-05	129.0	0.04772475027746948
chr17	chr17	629	15725000	8.698565137522329e-05	2702	2001	0.1495850347626944	7.475513981144149e-05	8.698565137522329e-05	8.698565137522329e-05	109.0	0.04034048852701702
chr17	chr17	630	15750000	8.69393065466059e-05	2701	2002	0.18711220806329792	9.34626413902587e-05	8.69393065466059e-05	8.69393065466059e-05	134.0	0.04961125509070714
chr17	chr17	631	15775000	8.689305985612102e-05	2700	2000	0.18958564654028953	9.479282327014476e-05	8.689305985612102e-05	8.689305985612102e-05	138.0	0.051111111111111114
chr17	chr17	632	15800000	8.684691094092018e-05	2699	2002	0.21450978449126185	0.0001071477445011298	8.684691094092018e-05	8.684691094092018e-05	153.0	0.05668766209707299
chr17	chr17	633	15825000	8.6800859440068e-05	2698	2003	0.16944042062793924	8.459332033346942e-05	8.6800859440068e-05	8.6800859440068e-05	122.0	0.0452186805040771
chr17	chr17	634	15850000	8.675490499452892e-05	2697	2004	0.19094097961519713	9.527992994770316e-05	8.675490499452892e-05	8.675490499452892e-05	129.0	0.047830923248053395
chr17	chr17	635	15875000	8.670904724715432e-05	2696	2004	0.17724551263974087	8.844586459068905e-05	8.670904724715432e-05	8.670904724715432e-05	129.0	0.0478486646884273
chr17	chr17	636	15900000	8.666328584266958e-05	2695	2003	0.17135290185617785	8.554812873498644e-05	8.666328584266958e-05	8.666328584266958e-05	116.0	0.043042671614100185
chr17	chr17	637	15925000	8.661762042766134e-05	2694	2001	0.17636715526246238	8.813950787729254e-05	8.661762042766134e-05	8.661762042766134e-05	126.0	0.0467706013363029
chr17	chr17	638	15950000	8.657205065056488e-05	2693	1998	0.1773797251075583	8.877864119497413e-05	8.657205065056488e-05	8.657205065056488e-05	123.0	0.04567396955068696
chr17	chr17	639	15975000	8.652185402964618e-05	2692	1994	0.1949145718229784	9.775053752406138e-05	8.652185402964618e-05	8.652185402964618e-05	138.0	0.0512630014858841
chr17	chr17	640	16000000	8.64717649393234e-05	2691	1992	0.18910615183966073	9.493280714842406e-05	8.64717649393234e-05	8.64717649393234e-05	123.0	0.045707915273132664
chr17	chr17	641	16025000	8.642178298176836e-05	2690	1988	0.18533160690338787	9.322515437796171e-05	8.642178298176836e-05	8.642178298176836e-05	129.0	0.04795539033457249
chr17	chr17	642	16050000	8.637190776124239e-05	2689	1987	0.1900729420408424	9.565824964310137e-05	8.637190776124239e-05	8.637190776124239e-05	133.0	0.049460766084046114
chr17	chr17	643	16075000	8.632213888408219e-05	2688	1983	0.2004313680271932	0.00010107481998345597	8.632213888408219e-05	8.632213888408219e-05	134.0	0.04985119047619048
chr17	chr17	644	16100000	8.627247595868557e-05	2687	1982	0.1545595291037538	7.798159894235812e-05	8.627247595868557e-05	8.627247595868557e-05	115.0	0.042798660215854115
chr17	chr17	645	16125000	8.622291859549767e-05	2686	1980	0.14989236574409442	7.570321502226992e-05	8.622291859549767e-05	8.622291859549767e-05	110.0	0.04095309009679821
chr17	chr17	646	16150000	8.617346640699688e-05	2685	1980	0.17851623942246814	9.015971688003441e-05	8.617346640699688e-05	8.617346640699688e-05	125.0	0.04655493482309125
chr17	chr17	647	16175000	8.612411900768136e-05	2684	1978	0.16149404914038004	8.164512090009103e-05	8.612411900768136e-05	8.612411900768136e-05	116.0	0.043219076005961254
chr17	chr17	648	16200000	8.607487601405534e-05	2683	1978	0.18706624775070047	9.45734316232055e-05	8.607487601405534e-05	8.607487601405534e-05	133.0	0.049571375326127466
chr17	chr17	649	16225000	8.602573704461535e-05	2682	1977	0.19644271078569864	9.936404187440498e-05	8.602573704461535e-05	8.602573704461535e-05	143.0	0.05331841909023117
chr17	chr17	650	16250000	8.597670171983724e-05	2681	1977	0.20871210242818755	0.00010557010744976609	8.597670171983724e-05	8.597670171983724e-05	142.0	0.05296531145095114
chr17	chr17	651	16275000	8.592776966216249e-05	2680	1975	0.1890776721424723	9.573553019872015e-05	8.592776966216249e-05	8.592776966216249e-05	137.0	0.05111940298507463
chr17	chr17	652	16300000	8.58789404959853e-05	2679	1976	0.17718704101862542	8.966955517136915e-05	8.58789404959853e-05	8.58789404959853e-05	123.0	0.04591265397536394
chr17	chr17	653	16325000	8.583021384763941e-05	2678	1972	0.21693104954055575	0.00011000560321529197	8.583021384763941e-05	8.583021384763941e-05	147.0	0.05489171023151606
chr17	chr17	654	16350000	8.577660244978364e-05	2677	1969	0.181005226410637	9.192748928930268e-05	8.577660244978364e-05	8.577660244978364e-05	125.0	0.04669406051550243
chr17	chr17	655	16375000	8.572310637408647e-05	2676	1968	0.1778752335648594	9.038375689271312e-05	8.572310637408647e-05	8.572310637408647e-05	114.0	0.042600896860986545
chr17	chr17	656	16400000	8.5669725196984e-05	2675	1965	0.156115654143397	7.944817004753029e-05	8.5669725196984e-05	8.5669725196984e-05	114.0	0.04261682242990654
chr17	chr17	657	16425000	8.561645849711103e-05	2674	1964	0.1828466595164558	9.309911380674938e-05	8.561645849711103e-05	8.561645849711103e-05	128.0	0.04786836200448766
chr17	chr17	658	16450000	8.55633058552855e-05	2673	1964	0.15899263550867482	8.095348040156558e-05	8.55633058552855e-05	8.55633058552855e-05	113.0	0.04227459783015339
chr17	chr17	659	16475000	8.55102668544948e-05	2672	1963	0.15530195820269693	7.911459918629492e-05	8.55102668544948e-05	8.55102668544948e-05	112.0	0.041916167664670656
chr17	chr17	660	16500000	8.545734107988034e-05	2671	1961	0.15712369283738697	8.012426967740284e-05	8.545734107988034e-05	8.545734107988034e-05	108.0	0.040434294271808315
chr17	chr17	661	16525000	8.540452811872395e-05	2670	1958	0.1909264839135128	9.751097237666639e-05	8.540452811872395e-05	8.540452811872395e-05	137.0	0.05131086142322097
chr17	chr17	662	16550000	8.535182756043299e-05	2669	1957	0.19659120829181545	0.00010045539514144887	8.535182756043299e-05	8.535182756043299e-05	138.0	0.0517047583364556
chr17	chr17	663	16575000	8.529923899652682e-05	2668	1954	0.16827928812621396	8.61204135753398e-05	8.529923899652682e-05	8.529923899652682e-05	118.0	0.04422788605697151
chr17	chr17	664	16600000	8.524676202062239e-05	2667	1952	0.1907027009901805	9.769605583513345e-05	8.524676202062239e-05	8.524676202062239e-05	134.0	0.050243719535058115
chr17	chr17	665	16625000	8.519439622842023e-05	2666	1953	0.2063370645674712	0.00010565133874422489	8.519439622842023e-05	8.519439622842023e-05	149.0	0.05588897224306077
chr17	chr17	666	16650000	8.514214121769099e-05	2665	1952	0.1669849402111772	8.554556363277521e-05	8.514214121769099e-05	8.514214121769099e-05	122.0	0.04577861163227017
chr17	chr17	667	16675000	8.508999658826162e-05	2664	1951	0.21606833182336527	0.00011074747915087917	8.508999658826162e-05	8.508999658826162e-05	147.0	0.05518018018018018
chr17	chr17	668	16700000	8.503796194200167e-05	2663	1951	0.1697195491162622	8.699105541581866e-05	8.503796194200167e-05	8.503796194200167e-05	123.0	0.046188509200150205
chr17	chr17	669	16725000	8.498603688280997e-05	2662	1953	0.15157865763207104	7.76132399549775e-05	8.498603688280997e-05	8.498603688280997e-05	110.0	0.04132231404958678
chr17	chr17	670	16750000	8.492910329651406e-05	2661	1953	0.18003263648456963	9.218260956711195e-05	8.492910329651406e-05	8.492910329651406e-05	125.0	0.04697482149567832
chr17	chr17	671	16775000	8.487229267788746e-05	2660	1951	0.15652146014239945	8.022627377877984e-05	8.487229267788746e-05	8.487229267788746e-05	115.0	0.043233082706766915
chr17	chr17	672	16800000	8.481560457867192e-05	2659	1947	0.18803292784180187	9.657572051453614e-05	8.481560457867192e-05	8.481560457867192e-05	129.0	0.04851447912749154
chr17	chr17	673	16825000	8.475903855290689e-05	2658	1949	0.19476575464994195	9.993112090812824e-05	8.475903855290689e-05	8.475903855290689e-05	133.0	0.05003762227238525
chr17	chr17	674	16850000	8.470259415691477e-05	2657	1948	0.16371870096720542	8.404450768337034e-05	8.470259415691477e-05	8.470259415691477e-05	115.0	0.04328189687617614
chr17	chr17	675	16875000	8.464627094928555e-05	2656	1948	0.14998247354245597	7.699305623329362e-05	8.464627094928555e-05	8.464627094928555e-05	111.0	0.041792168674698794
chr17	chr17	676	16900000	8.459006849086221e-05	2655	1945	0.16925616266661073	8.702116332473559e-05	8.459006849086221e-05	8.459006849086221e-05	120.0	0.04519774011299435
chr17	chr17	677	16925000	8.453398634472557e-05	2654	1945	0.17378116324323195	8.93476417702992e-05	8.453398634472557e-05	8.453398634472557e-05	124.0	0.04672192916352675
chr17	chr17	678	16950000	8.447802407617987e-05	2653	1944	0.177493048838138	9.130300866159362e-05	8.447802407617987e-05	8.447802407617987e-05	120.0	0.04523181304183943
chr17	chr17	679	16975000	8.442218125273792e-05	2652	1941	0.16179505236360214	8.335654423678627e-05	8.442218125273792e-05	8.442218125273792e-05	117.0	0.04411764705882353
chr17	chr17	680	17000000	8.436645744410692e-05	2651	1937	0.19460124551403635	0.00010046527904699864	8.436645744410692e-05	8.436645744410692e-05	140.0	0.052810260279139945
chr17	chr17	681	17025000	8.431085222217394e-05	2650	1938	0.15238004950028514	7.862747652233496e-05	8.431085222217394e-05	8.431085222217394e-05	115.0	0.04339622641509434
chr17	chr17	682	17050000	8.425536516099186e-05	2649	1939	0.15708257356290956	8.101215758788528e-05	8.425536516099186e-05	8.425536516099186e-05	113.0	0.04265760664401661
chr17	chr17	683	17075000	8.419999583676518e-05	2648	1938	0.1738844218941542	8.972364390823231e-05	8.419999583676518e-05	8.419999583676518e-05	129.0	0.04871601208459214
chr17	chr17	684	17100000	8.414474382783575e-05	2647	1937	0.18065420112067954	9.326494637102712e-05	8.414474382783575e-05	8.414474382783575e-05	132.0	0.049867774839440875
chr17	chr17	685	17125000	8.40896087146693e-05	2646	1937	0.1635366982324937	8.442782562338343e-05	8.40896087146693e-05	8.40896087146693e-05	117.0	0.04421768707482993
chr17	chr17	686	17150000	8.40296299566278e-05	2645	1937	0.1869109856295824	9.649508808961403e-05	8.40296299566278e-05	8.40296299566278e-05	133.0	0.050283553875236295
chr17	chr17	687	17175000	8.396978125527752e-05	2644	1936	0.21221758971255278	0.00010961652361185578	8.396978125527752e-05	8.396978125527752e-05	150.0	0.056732223903177004
chr17	chr17	688	17200000	8.391006213991008e-05	2643	1937	0.17327382697941585	8.945473772814447e-05	8.391006213991008e-05	8.391006213991008e-05	126.0	0.04767309875141884
chr17	chr17	689	17225000	8.385047214220174e-05	2642	1938	0.1724367771275226	8.897666518448018e-05	8.385047214220174e-05	8.385047214220174e-05	124.0	0.046934140802422405
chr17	chr17	690	17250000	8.379101079619766e-05	2641	1938	0.2099157107071932	0.0001083156401997901	8.379101079619766e-05	8.379101079619766e-05	146.0	0.05528209011737978
chr17	chr17	691	17275000	8.373167763829685e-05	2640	1938	0.16663282182491326	8.598184820686958e-05	8.373167763829685e-05	8.373167763829685e-05	121.0	0.04583333333333333
chr17	chr17	692	17300000	8.367247220723659e-05	2639	1938	0.19390942881798812	0.00010005646481836332	8.367247220723659e-05	8.367247220723659e-05	139.0	0.05267146646456991
chr17	chr17	693	17325000	8.361339404407737e-05	2638	1939	0.20474644855908397	0.00010559383628627332	8.361339404407737e-05	8.361339404407737e-05	144.0	0.05458680818802123
chr17	chr17	694	17350000	8.355444269218795e-05	2637	1937	0.17252022692561825	8.906568246030885e-05	8.355444269218795e-05	8.355444269218795e-05	127.0	0.048160788775123246
chr17	chr17	695	17375000	8.349561769723039e-05	2636	1934	0.18365596181023086	9.496171758543477e-05	8.349561769723039e-05	8.349561769723039e-05	134.0	0.05083459787556904
chr17	chr17	696	17400000	8.3436918607145e-05	2635	1934	0.1663316235329958	8.600394184746422e-05	8.3436918607145e-05	8.3436918607145e-05	110.0	0.04174573055028463
chr17	chr17	697	17425000	8.337834497213623e-05	2634	1932	0.1626565192990055	8.41907449787813e-05	8.337834497213623e-05	8.337834497213623e-05	114.0	0.04328018223234624
chr17	chr17	698	17450000	8.331989634465759e-05	2633	1931	0.20310879564157142	0.00010518321887186505	8.331989634465759e-05	8.331989634465759e-05	141.0	0.05355108241549563
chr17	chr17	699	17475000	8.326157227939729e-05	2632	1930	0.18250984789254598	9.45646880272259e-05	8.326157227939729e-05	8.326157227939729e-05	126.0	0.047872340425531915
chr17	chr17	700	17500000	8.320337233326411e-05	2631	1931	0.16891215161528866	8.747392626374349e-05	8.320337233326411e-05	8.320337233326411e-05	124.0	0.04713036868110984
chr17	chr17	701	17525000	8.314529606537305e-05	2630	1932	0.18024516255218523	9.329459759429877e-05	8.314529606537305e-05	8.314529606537305e-05	128.0	0.048669201520912544
chr17	chr17	702	17550000	8.308251279527646e-05	2629	1932	0.1990236472930969	0.00010301431019311435	8.308251279527646e-05	8.308251279527646e-05	147.0	0.05591479650057056
chr17	chr17	703	17575000	8.301986620309268e-05	2628	1933	0.18082920316216639	9.354847551069135e-05	8.301986620309268e-05	8.301986620309268e-05	125.0	0.04756468797564688
chr17	chr17	704	17600000	8.29573557974897e-05	2627	1935	0.18228252193043215	9.420285371081765e-05	8.29573557974897e-05	8.29573557974897e-05	131.0	0.04986676817662733
chr17	chr17	705	17625000	8.289498108959641e-05	2626	1933	0.1856348510538478	9.603458409407543e-05	8.289498108959641e-05	8.289498108959641e-05	133.0	0.05064737242955065
chr17	chr17	706	17650000	8.283274159298698e-05	2625	1930	0.16141257765786482	8.363345992635483e-05	8.283274159298698e-05	8.283274159298698e-05	114.0	0.04342857142857143
chr17	chr17	707	17675000	8.277063682366486e-05	2624	1926	0.19223225149003437	9.980906100209468e-05	8.277063682366486e-05	8.277063682366486e-05	135.0	0.051448170731707314
chr17	chr17	708	17700000	8.270866630004748e-05	2623	1925	0.1991236275106324	0.00010344084546006877	8.270866630004748e-05	8.270866630004748e-05	135.0	0.05146778497903164
chr17	chr17	709	17725000	8.264682954295052e-05	2622	1923	0.177550880203688	9.233015091195424e-05	8.264682954295052e-05	8.264682954295052e-05	120.0	0.04576659038901602
chr17	chr17	710	17750000	8.258512607557303e-05	2621	1921	0.17214954548100844	8.961454736127456e-05	8.258512607557303e-05	8.258512607557303e-05	126.0	0.04807325448302175
chr17	chr17	711	17775000	8.252355542348206e-05	2620	1921	0.17630188899114468	9.177610046389625e-05	8.252355542348206e-05	8.252355542348206e-05	129.0	0.04923664122137405
chr17	chr17	712	17800000	8.246211711459719e-05	2619	1919	0.152202503555992	7.931344635538926e-05	8.246211711459719e-05	8.246211711459719e-05	110.0	0.042000763650248185
chr17	chr17	713	17825000	8.240081067917633e-05	2618	1917	0.18268321750054486	9.529640975510947e-05	8.240081067917633e-05	8.240081067917633e-05	124.0	0.04736440030557677
chr17	chr17	714	17850000	8.233963564980041e-05	2617	1915	0.1983576298600517	0.00010358100775981812	8.233963564980041e-05	8.233963564980041e-05	148.0	0.05655330531142529
chr17	chr17	715	17875000	8.227859156135847e-05	2616	1911	0.1871766491206147	9.794696447965187e-05	8.227859156135847e-05	8.227859156135847e-05	130.0	0.04969418960244648
chr17	chr17	716	17900000	8.221767795103363e-05	2615	1908	0.1619019623107316	8.485427794063501e-05	8.221767795103363e-05	8.221767795103363e-05	117.0	0.04474187380497132
chr17	chr17	717	17925000	8.21568943582881e-05	2614	1905	0.18409355784933235	9.663703824111934e-05	8.21568943582881e-05	8.21568943582881e-05	132.0	0.0504973221117062
chr17	chr17	718	17950000	8.20962403248491e-05	2613	1902	0.18803674486130992	9.886264188291794e-05	8.20962403248491e-05	8.20962403248491e-05	141.0	0.0539609644087256
chr17	chr17	719	17975000	8.203115109366011e-05	2612	1899	0.15943246791319532	8.395601259251992e-05	8.203115109366011e-05	8.203115109366011e-05	118.0	0.0451761102603369
chr17	chr17	720	18000000	8.19662038248998e-05	2611	1897	0.18979592612946897	0.00010005056727963572	8.19662038248998e-05	8.19662038248998e-05	138.0	0.05285331290693221
chr17	chr17	721	18025000	8.19013980124161e-05	2610	1895	0.16733364823482494	8.830271674660946e-05	8.19013980124161e-05	8.19013980124161e-05	119.0	0.04559386973180077
chr17	chr17	722	18050000	8.183673315256042e-05	2609	1893	0.16041846749394587	8.474298335654826e-05	8.183673315256042e-05	8.183673315256042e-05	120.0	0.04599463395937141
chr17	chr17	723	18075000	8.177220874417162e-05	2608	1891	0.1674287972546909	8.853981874917551e-05	8.177220874417162e-05	8.177220874417162e-05	120.0	0.046012269938650305
chr17	chr17	724	18100000	8.170782428856047e-05	2607	1891	0.18038129695839855	9.538936909486968e-05	8.170782428856047e-05	8.170782428856047e-05	122.0	0.04679708477176832
chr17	chr17	725	18125000	8.164357928949402e-05	2606	1890	0.1781996217523285	9.428551415467117e-05	8.164357928949402e-05	8.164357928949402e-05	126.0	0.04834996162701458
chr17	chr17	726	18150000	8.157947325318007e-05	2605	1890	0.18225476559109838	9.643109290534306e-05	8.157947325318007e-05	8.157947325318007e-05	128.0	0.049136276391554705
chr17	chr17	727	18175000	8.15155056882519e-05	2604	1890	0.19873913122490294	0.00010515297948407563	8.15155056882519e-05	8.15155056882519e-05	134.0	0.05145929339477726
chr17	chr17	728	18200000	8.145167610575307e-05	2603	1890	0.17478034449169425	9.247637274692817e-05	8.145167610575307e-05	8.145167610575307e-05	128.0	0.04917402996542451
chr17	chr17	729	18225000	8.138798401912206e-05	2602	1889	0.18929348072547836	0.000100208301072249	8.138798401912206e-05	8.138798401912206e-05	137.0	0.05265180630284397
chr17	chr17	730	18250000	8.132442894417769e-05	2601	1888	0.15309737922092914	8.108971357040739e-05	8.132442894417769e-05	8.132442894417769e-05	112.0	0.04306036139946175
chr17	chr17	731	18275000	8.126101039910391e-05	2600	1890	0.16935428485144963	8.960544172034371e-05	8.126101039910391e-05	8.126101039910391e-05	125.0	0.04807692307692308
chr17	chr17	732	18300000	8.119772790443497e-05	2599	1890	0.1708118025880593	9.037661512595731e-05	8.119772790443497e-05	8.119772790443497e-05	125.0	0.04809542131589073
chr17	chr17	733	18325000	8.113458098304114e-05	2598	1892	0.16310881135656174	8.620973116097344e-05	8.113458098304114e-05	8.113458098304114e-05	120.0	0.046189376443418015
chr17	chr17	734	18350000	8.107156916011387e-05	2597	1896	0.17287134873312876	9.117687169468816e-05	8.107156916011387e-05	8.107156916011387e-05	123.0	0.047362341162880246
chr17	chr17	735	18375000	8.100869196315135e-05	2596	1897	0.17089902814493063	9.008910287028499e-05	8.100869196315135e-05	8.100869196315135e-05	118.0	0.045454545454545456
chr17	chr17	736	18400000	8.094178024115174e-05	2595	1895	0.1712837054919308	9.038717967911916e-05	8.094178024115174e-05	8.094178024115174e-05	124.0	0.047784200385356454
chr17	chr17	737	18425000	8.087501452551468e-05	2594	1897	0.19895273508867667	0.00010487756198665085	8.087501452551468e-05	8.087501452551468e-05	137.0	0.0528141865844256
chr17	chr17	738	18450000	8.080839430018167e-05	2593	1895	0.18661049173206012	9.84751935261531e-05	8.080839430018167e-05	8.080839430018167e-05	131.0	0.05052063247204011
chr17	chr17	739	18475000	8.074191905161487e-05	2592	1897	0.19020581917033383	0.0001002666416290637	8.074191905161487e-05	8.074191905161487e-05	136.0	0.05246913580246913
chr17	chr17	740	18500000	8.067558826878027e-05	2591	1898	0.20057044089906736	0.00010567462639571516	8.067558826878027e-05	8.067558826878027e-05	137.0	0.052875337707448865
chr17	chr17	741	18525000	8.060940144313287e-05	2590	1899	0.17646865755478203	9.29271498445403e-05	8.060940144313287e-05	8.060940144313287e-05	119.0	0.04594594594594595
chr17	chr17	742	18550000	8.054335806860095e-05	2589	1898	0.173388274404148	9.135314773664279e-05	8.054335806860095e-05	8.054335806860095e-05	128.0	0.04943993820007725
chr17	chr17	743	18575000	8.047745764157075e-05	2588	1899	0.18943329172278048	9.975423471447102e-05	8.047745764157075e-05	8.047745764157075e-05	131.0	0.05061823802163833
chr17	chr17	744	18600000	8.041169966087126e-05	2587	1899	0.1831834158655225	9.646309418932202e-05	8.041169966087126e-05	8.041169966087126e-05	129.0	0.04986470815616544
chr17	chr17	745	18625000	8.034608362775894e-05	2586	1897	0.1871956202770403	9.867982091567754e-05	8.034608362775894e-05	8.034608362775894e-05	133.0	0.051430781129157
chr17	chr17	746	18650000	8.028060904590328e-05	2585	1897	0.18399511221579465	9.699267908054541e-05	8.028060904590328e-05	8.028060904590328e-05	131.0	0.05067698259187621
chr17	chr17	747	18675000	8.021527542137098e-05	2584	1898	0.18961975527362723	9.990503439074143e-05	8.021527542137098e-05	8.021527542137098e-05	129.0	0.04992260061919505
chr17	chr17	748	18700000	8.015008226261204e-05	2583	1898	0.1740857148467348	9.172060845454942e-05	8.015008226261204e-05	8.015008226261204e-05	124.0	0.048006194347657766
chr17	chr17	749	18725000	8.008502908044486e-05	2582	1899	0.16449675422212728	8.662283002744986e-05	8.008502908044486e-05	8.008502908044486e-05	116.0	0.044926413632842756
chr17	chr17	750	18750000	8.002011538804121e-05	2581	1898	0.1707350476304706	8.995524111194446e-05	8.002011538804121e-05	8.002011538804121e-05	119.0	0.046106160402944595
chr17	chr17	751	18775000	7.995534070091247e-05	2580	1898	0.1979493362397493	0.00010429364396193326	7.995534070091247e-05	7.995534070091247e-05	139.0	0.053875968992248065
chr17	chr17	752	18800000	7.989070453689493e-05	2579	1898	0.15028365821283501	7.918000959580348e-05	7.989070453689493e-05	7.989070453689493e-05	111.0	0.04303993796044979
chr17	chr17	753	18825000	7.982620641613557e-05	2578	1898	0.18682310896281437	9.843156425859556e-05	7.982620641613557e-05	7.982620641613557e-05	136.0	0.05275407292474787
chr17	chr17	754	18850000	7.97581907995514e-05	2577	1898	0.16220475845752838	8.546088432957238e-05	7.97581907995514e-05	7.97581907995514e-05	116.0	0.045013581684128834
chr17	chr17	755	18875000	7.969032316691001e-05	2576	1897	0.1808114433259424	9.53144139831009e-05	7.969032316691001e-05	7.969032316691001e-05	119.0	0.04619565217391304
chr17	chr17	756	18900000	7.962260300087141e-05	2575	1895	0.1931330209380474	0.00010191716144487989	7.962260300087141e-05	7.962260300087141e-05	137.0	0.05320388349514563
chr17	chr17	757	18925000	7.955502978658506e-05	2574	1895	0.16845205916948447	8.889290721344827e-05	7.955502978658506e-05	7.955502978658506e-05	119.0	0.04623154623154623
chr17	chr17	758	18950000	7.948760301167515e-05	2573	1897	0.1721182633769734	9.073182044120896e-05	7.948760301167515e-05	7.948760301167515e-05	122.0	0.04741546832491255
chr17	chr17	759	18975000	7.942032216622516e-05	2572	1897	0.19250656668272065	0.00010147947637465506	7.942032216622516e-05	7.942032216622516e-05	129.0	0.05015552099533437
chr17	chr17	760	19000000	7.935318674276293e-05	2571	1899	0.14979379273255106	7.888035425621435e-05	7.935318674276293e-05	7.935318674276293e-05	106.0	0.041229093737845196
chr17	chr17	761	19025000	7.928619623624574e-05	2570	1897	0.16496661182557842	8.696184070931915e-05	7.928619623624574e-05	7.928619623624574e-05	120.0	0.04669260700389105
chr17	chr17	762	19050000	7.92193501440454e-05	2569	1899	0.15903429582067258	8.374633797823727e-05	7.92193501440454e-05	7.92193501440454e-05	114.0	0.04437524328532503
chr17	chr17	763	19075000	7.915264796593382e-05	2568	1897	0.16480827843603113	8.687837555932057e-05	7.915264796593382e-05	7.915264796593382e-05	120.0	0.04672897196261682
chr17	chr17	764	19100000	7.908608920406813e-05	2567	1899	0.17670546520136124	9.305185108023236e-05	7.908608920406813e-05	7.908608920406813e-05	125.0	0.04869497467861317
chr17	chr17	765	19125000	7.901967336297632e-05	2566	1899	0.16865842300469586	8.881433544217791e-05	7.901967336297632e-05	7.901967336297632e-05	122.0	0.0475448168355417
chr17	chr17	766	19150000	7.895339994954298e-05	2565	1898	0.1938034629707224	0.00010210930609627102	7.895339994954298e-05	7.895339994954298e-05	129.0	0.050292397660818715
chr17	chr17	767	19175000	7.888726847299486e-05	2564	1899	0.1662917196276427	8.756804614409831e-05	7.888726847299486e-05	7.888726847299486e-05	116.0	0.0452418096723869
chr17	chr17	768	19200000	7.882127844488668e-05	2563	1899	0.16700642275367883	8.794440376707679e-05	7.882127844488668e-05	7.882127844488668e-05	122.0	0.04760046820132657
chr17	chr17	769	19225000	7.875542937908737e-05	2562	1900	0.17865916261673856	9.403113821933609e-05	7.875542937908737e-05	7.875542937908737e-05	127.0	0.04957064793130367
chr17	chr17	770	19250000	7.868972079176582e-05	2561	1903	0.1632508245418794	8.5786034966831e-05	7.868972079176582e-05	7.868972079176582e-05	117.0	0.04568527918781726
chr17	chr17	771	19275000	7.862415220137708e-05	2560	1904	0.15744782274706234	8.269318421589409e-05	7.862415220137708e-05	7.862415220137708e-05	121.0	0.047265625
chr17	chr17	772	19300000	7.855575738049066e-05	2559	1905	0.14769895557760626	7.753226014572507e-05	7.855575738049066e-05	7.855575738049066e-05	100.0	0.039077764751856196
chr17	chr17	773	19325000	7.848751047752757e-05	2558	1906	0.1907160579665994	0.00010006089085340998	7.848751047752757e-05	7.848751047752757e-05	126.0	0.04925723221266615
chr17	chr17	774	19350000	7.841941098184903e-05	2557	1907	0.1453239470726358	7.62055307145442e-05	7.841941098184903e-05	7.841941098184903e-05	105.0	0.041063746578021115
chr17	chr17	775	19375000	7.835145838523592e-05	2556	1906	0.15033261207048487	7.887335365712743e-05	7.835145838523592e-05	7.835145838523592e-05	102.0	0.03990610328638498
chr17	chr17	776	19400000	7.828365218187418e-05	2555	1907	0.12079248849588187	6.334163004503507e-05	7.828365218187418e-05	7.828365218187418e-05	81.0	0.031702544031311154
chr17	chr17	777	19425000	7.82159918683402e-05	2554	1907	0.15112024753071518	7.924501705858163e-05	7.82159918683402e-05	7.82159918683402e-05	108.0	0.042286609240407204
chr17	chr17	778	19450000	7.814847694358643e-05	2553	1908	0.16791967338249614	8.800821456105668e-05	7.814847694358643e-05	7.814847694358643e-05	120.0	0.04700352526439483
chr17	chr17	779	19475000	7.808110690892753e-05	2552	1908	0.16064769354273278	8.419690437250145e-05	7.808110690892753e-05	7.808110690892753e-05	112.0	0.0438871473354232
chr17	chr17	780	19500000	7.801388126802565e-05	2551	1910	0.1728455152020957	9.049503413722288e-05	7.801388126802565e-05	7.801388126802565e-05	119.0	0.046648373186985496
chr17	chr17	781	19525000	7.794679952687696e-05	2550	1909	0.1788534644561851	9.368960945845212e-05	7.794679952687696e-05	7.794679952687696e-05	130.0	0.050980392156862744
chr17	chr17	782	19550000	7.787986119379721e-05	2549	1908	0.15344799636892278	8.042347818077715e-05	7.787986119379721e-05	7.787986119379721e-05	106.0	0.04158493526873284
chr17	chr17	783	19575000	7.781306577940819e-05	2548	1905	0.1639704106862602	8.607370639698698e-05	7.781306577940819e-05	7.781306577940819e-05	108.0	0.0423861852433281
chr17	chr17	784	19600000	7.774641279662381e-05	2547	1903	0.17634486841660088	9.266677268344766e-05	7.774641279662381e-05	7.774641279662381e-05	128.0	0.0502552021986651
chr17	chr17	785	19625000	7.767990176063661e-05	2546	1901	0.16807718650708786	8.841514282329713e-05	7.767990176063661e-05	7.767990176063661e-05	117.0	0.04595443833464258
chr17	chr17	786	19650000	7.761353218890418e-05	2545	1900	0.15514942618054123	8.165759272660065e-05	7.761353218890418e-05	7.761353218890418e-05	106.0	0.04165029469548134
chr17	chr17	787	19675000	7.754730360113563e-05	2544	1898	0.15772444281884926	8.310033868221773e-05	7.754730360113563e-05	7.754730360113563e-05	113.0	0.04441823899371069
chr17	chr17	788	19700000	7.748121551927827e-05	2543	1895	0.19760112093524523	0.00010427499785501068	7.748121551927827e-05	7.748121551927827e-05	135.0	0.05308690523004326
chr17	chr17	789	19725000	7.741526746750439e-05	2542	1892	0.14997940298418327	7.927029756035056e-05	7.741526746750439e-05	7.741526746750439e-05	109.0	0.04287962234461054
chr17	chr17	790	19750000	7.734715458562097e-05	2541	1889	0.158437650478322	8.387382238132451e-05	7.734715458562097e-05	7.734715458562097e-05	112.0	0.0440771349862259
chr17	chr17	791	19775000	7.727918768270925e-05	2540	1886	0.14793001781147075	7.84358524981287e-05	7.727918768270925e-05	7.727918768270925e-05	107.0	0.04212598425196851
chr17	chr17	792	19800000	7.721136626195099e-05	2539	1884	0.16736152569762022	8.883308158047783e-05	7.721136626195099e-05	7.721136626195099e-05	114.0	0.044899566758566364
chr17	chr17	793	19825000	7.714368982884321e-05	2538	1882	0.13933519258342245	7.40357027542096e-05	7.714368982884321e-05	7.714368982884321e-05	98.0	0.038613081166272656
chr17	chr17	794	19850000	7.707615789118456e-05	2537	1881	0.1775635044328096	9.439846062350325e-05	7.707615789118456e-05	7.707615789118456e-05	123.0	0.048482459597950334
chr17	chr17	795	19875000	7.700876995906201e-05	2536	1879	0.1514718690069906	8.061302235603545e-05	7.700876995906201e-05	7.700876995906201e-05	105.0	0.04140378548895899
chr17	chr17	796	19900000	7.69415255448367e-05	2535	1878	0.1680431348149477	8.947983749464734e-05	7.69415255448367e-05	7.69415255448367e-05	119.0	0.04694280078895464
chr17	chr17	797	19925000	7.68744241631312e-05	2534	1876	0.15155191200464457	8.078460128179348e-05	7.68744241631312e-05	7.68744241631312e-05	108.0	0.042620363062352014
chr17	chr17	798	19950000	7.680746533081583e-05	2533	1874	0.15237108971732788	8.130794542013228e-05	7.680746533081583e-05	7.680746533081583e-05	107.0	0.04224240031583103
chr17	chr17	799	19975000	7.674064856699567e-05	2532	1873	0.12057159075899092	6.437351348584673e-05	7.674064856699567e-05	7.674064856699567e-05	88.0	0.03475513428120063
chr17	chr17	800	20000000	7.667397339299708e-05	2531	1873	0.16777816461295939	8.95772368462143e-05	7.667397339299708e-05	7.667397339299708e-05	117.0	0.04622678783089688
chr17	chr17	801	20025000	7.660743933235514e-05	2530	1872	0.1721619141668042	9.196683449081421e-05	7.660743933235514e-05	7.660743933235514e-05	127.0	0.050197628458498025
chr17	chr17	802	20050000	7.654104591080029e-05	2529	1871	0.17242082828635574	9.21543710776888e-05	7.654104591080029e-05	7.654104591080029e-05	121.0	0.04784499802293397
chr17	chr17	803	20075000	7.647479265624599e-05	2528	1870	0.17307618940546532	9.255411198153225e-05	7.647479265624599e-05	7.647479265624599e-05	122.0	0.048259493670886076
chr17	chr17	804	20100000	7.640867909877529e-05	2527	1869	0.15724142793724316	8.413131510820929e-05	7.640867909877529e-05	7.640867909877529e-05	112.0	0.0443213296398892
chr17	chr17	805	20125000	7.634270477062894e-05	2526	1867	0.14918631585240338	7.990697153315661e-05	7.634270477062894e-05	7.634270477062894e-05	106.0	0.04196357878068092
chr17	chr17	806	20150000	7.627686920619224e-05	2525	1865	0.13822540039189923	7.411549618868591e-05	7.627686920619224e-05	7.627686920619224e-05	100.0	0.039603960396039604
chr17	chr17	807	20175000	7.621117194198267e-05	2524	1865	0.12914501023179145	6.924665427978094e-05	7.621117194198267e-05	7.621117194198267e-05	99.0	0.03922345483359747
chr17	chr17	808	20200000	7.614561251663791e-05	2523	1864	0.15259409949660657	8.186378728358721e-05	7.614561251663791e-05	7.614561251663791e-05	113.0	0.04478795085216013
chr17	chr17	809	20225000	7.60786007774822e-05	2522	1864	0.14121146498254972	7.575722370308461e-05	7.60786007774822e-05	7.60786007774822e-05	106.0	0.04203013481363997
chr17	chr17	810	20250000	7.6011730684277e-05	2521	1863	0.18301531001004567	9.823688137951996e-05	7.6011730684277e-05	7.6011730684277e-05	132.0	0.052360174533915116
chr17	chr17	811	20275000	7.59450017633005e-05	2520	1863	0.13931243133720572	7.477854607472127e-05	7.59450017633005e-05	7.59450017633005e-05	102.0	0.04047619047619048
chr17	chr17	812	20300000	7.587841354299707e-05	2519	1865	0.1432974589810032	7.683509864933148e-05	7.587841354299707e-05	7.587841354299707e-05	106.0	0.04208019055180627
chr17	chr17	813	20325000	7.581196555396427e-05	2518	1865	0.15104215444353675	8.098775037186957e-05	7.581196555396427e-05	7.581196555396427e-05	112.0	0.04447974583002383
chr17	chr17	814	20350000	7.574565732894045e-05	2517	1866	0.1688973797940114	9.051306527010257e-05	7.574565732894045e-05	7.574565732894045e-05	123.0	0.04886769964243146
chr17	chr17	815	20375000	7.567948840279244e-05	2516	1868	0.14475838543878258	7.749378235480866e-05	7.567948840279244e-05	7.567948840279244e-05	108.0	0.04292527821939587
chr17	chr17	816	20400000	7.561345831250346e-05	2515	1870	0.18387919843700662	9.833112215882707e-05	7.561345831250346e-05	7.561345831250346e-05	135.0	0.0536779324055666
chr17	chr17	817	20425000	7.55475665971603e-05	2514	1870	0.15436239165259014	8.25467335040589e-05	7.55475665971603e-05	7.55475665971603e-05	115.0	0.045743834526650755
chr17	chr17	818	20450000	7.548181279794205e-05	2513	1870	0.14588342733424173	7.801252798622553e-05	7.548181279794205e-05	7.548181279794205e-05	110.0	0.043772383605252686
chr17	chr17	819	20475000	7.541619645810725e-05	2512	1871	0.16695263882525851	8.923176847956094e-05	7.541619645810725e-05	7.541619645810725e-05	123.0	0.048964968152866245
chr17	chr17	820	20500000	7.535071712298257e-05	2511	1870	0.13064546457023987	6.986388479691972e-05	7.535071712298257e-05	7.535071712298257e-05	93.0	0.037037037037037035
chr17	chr17	821	20525000	7.528537433995036e-05	2510	1872	0.1465844759675011	7.830367305956255e-05	7.528537433995036e-05	7.528537433995036e-05	107.0	0.042629482071713146
chr17	chr17	822	20550000	7.522016765843751e-05	2509	1874	0.17300086752979243	9.231636474375263e-05	7.522016765843751e-05	7.522016765843751e-05	122.0	0.04862495017935432
chr17	chr17	823	20575000	7.515509662990324e-05	2508	1874	0.1669445657095805	8.908461350564595e-05	7.515509662990324e-05	7.515509662990324e-05	116.0	0.046251993620414676
chr17	chr17	824	20600000	7.509016080782752e-05	2507	1874	0.15826683329755378	8.445401990264343e-05	7.509016080782752e-05	7.509016080782752e-05	119.0	0.04746709214200239
chr17	chr17	825	20625000	7.502535974770001e-05	2506	1873	0.14754602691958477	7.877524128114509e-05	7.502535974770001e-05	7.502535974770001e-05	105.0	0.04189944134078212
chr17	chr17	826	20650000	7.496069300700789e-05	2505	1871	0.1438267999627245	7.687161943491421e-05	7.496069300700789e-05	7.496069300700789e-05	102.0	0.0407185628742515
chr17	chr17	827	20675000	7.489616014522485e-05	2504	1872	0.14069123732057542	7.515557549176037e-05	7.489616014522485e-05	7.489616014522485e-05	103.0	0.04113418530351438
chr17	chr17	828	20700000	7.483092465401708e-05	2503	1872	0.13418636175373377	7.168074880007146e-05	7.483092465401708e-05	7.483092465401708e-05	97.0	0.03875349580503396
chr17	chr17	829	20725000	7.476582462022041e-05	2502	1871	0.14499732211622496	7.749723255811062e-05	7.476582462022041e-05	7.476582462022041e-05	103.0	0.041167066346922465
chr17	chr17	830	20750000	7.470085959967585e-05	2501	1869	0.16097136236026907	8.612699965771486e-05	7.470085959967585e-05	7.470085959967585e-05	118.0	0.047181127548980406
chr17	chr17	831	20775000	7.463602915021357e-05	2500	1868	0.15498119653078596	8.296637929913595e-05	7.463602915021357e-05	7.463602915021357e-05	113.0	0.0452
chr17	chr17	832	20800000	7.457133283164159e-05	2499	1867	0.14037997592396254	7.519013172145823e-05	7.457133283164159e-05	7.457133283164159e-05	107.0	0.042817126850740295
chr17	chr17	833	20825000	7.450677020573473e-05	2498	1866	0.14546553337506207	7.795580566723584e-05	7.450677020573473e-05	7.450677020573473e-05	108.0	0.04323458767013611
chr17	chr17	834	20850000	7.444234083622329e-05	2497	1865	0.1673873197435256	8.97519140715955e-05	7.444234083622329e-05	7.444234083622329e-05	115.0	0.0460552663195835
chr17	chr17	835	20875000	7.437804428878217e-05	2496	1865	0.14755712194949988	7.91191002410187e-05	7.437804428878217e-05	7.437804428878217e-05	109.0	0.04366987179487179
chr17	chr17	836	20900000	7.431388013101956e-05	2495	1862	0.17375069834194146	9.331401629534987e-05	7.431388013101956e-05	7.431388013101956e-05	126.0	0.05050100200400802
chr17	chr17	837	20925000	7.424984793246666e-05	2494	1861	0.14157545848771763	7.607493739264784e-05	7.424984793246666e-05	7.424984793246666e-05	106.0	0.042502004811547714
chr17	chr17	838	20950000	7.418594726456615e-05	2493	1862	0.15603472163664006	8.379952826887221e-05	7.418594726456615e-05	7.418594726456615e-05	112.0	0.04492579221821099
chr17	chr17	839	20975000	7.41221777006618e-05	2492	1861	0.13300701964110034	7.147072522358966e-05	7.41221777006618e-05	7.41221777006618e-05	101.0	0.04052969502407704
chr17	chr17	840	21000000	7.405853881598773e-05	2491	1859	0.14636455049317398	7.87329480866993e-05	7.405853881598773e-05	7.405853881598773e-05	105.0	0.042151746286631875
chr17	chr17	841	21025000	7.399503018765791e-05	2490	1857	0.16001435138282355	8.616820214476228e-05	7.399503018765791e-05	7.399503018765791e-05	114.0	0.04578313253012048
chr17	chr17	842	21050000	7.393165139465525e-05	2489	1858	0.16164617361545258	8.700009344211657e-05	7.393165139465525e-05	7.393165139465525e-05	115.0	0.046203294495781436
chr17	chr17	843	21075000	7.386840201782163e-05	2488	1856	0.15422350811201996	8.309456256035559e-05	7.386840201782163e-05	7.386840201782163e-05	113.0	0.045418006430868164
chr17	chr17	844	21100000	7.380528163984699e-05	2487	1857	0.16699436571074666	8.992696053352001e-05	7.380528163984699e-05	7.380528163984699e-05	116.0	0.04664254121431444
chr17	chr17	845	21125000	7.374228984525946e-05	2486	1857	0.17070251768067624	9.192381135200658e-05	7.374228984525946e-05	7.374228984525946e-05	125.0	0.0502815768302494
chr17	chr17	846	21150000	7.367942622041481e-05	2485	1858	0.15733786521449133	8.468130528228812e-05	7.367942622041481e-05	7.367942622041481e-05	114.0	0.045875251509054325
chr17	chr17	847	21175000	7.361669035348637e-05	2484	1859	0.16978148006111807	9.132946748849815e-05	7.361669035348637e-05	7.361669035348637e-05	119.0	0.04790660225442834
chr17	chr17	848	21200000	7.355400170939217e-05	2483	1859	0.13423307879998764	7.220714298009018e-05	7.355400170939217e-05	7.355400170939217e-05	101.0	0.04067660088602497
chr17	chr17	849	21225000	7.349144023553808e-05	2482	1858	0.15696233024793688	8.447918743161296e-05	7.349144023553808e-05	7.349144023553808e-05	117.0	0.047139403706688156
chr17	chr17	850	21250000	7.34290055246134e-05	2481	1858	0.1491392518365275	8.026870389479412e-05	7.34290055246134e-05	7.34290055246134e-05	110.0	0.04433696090286175
chr17	chr17	851	21275000	7.336669717108942e-05	2480	1857	0.1428139906832721	7.690575696460533e-05	7.336669717108942e-05	7.336669717108942e-05	108.0	0.043548387096774194
chr17	chr17	852	21300000	7.330451477120888e-05	2479	1858	0.14551708975716754	7.831920869599975e-05	7.330451477120888e-05	7.330451477120888e-05	104.0	0.04195240016135539
chr17	chr17	853	21325000	7.324245792297683e-05	2478	1858	0.15911372499471638	8.563709633730698e-05	7.324245792297683e-05	7.324245792297683e-05	112.0	0.04519774011299435
chr17	chr17	854	21350000	7.318052622615055e-05	2477	1856	0.15836495758387942	8.532594697407296e-05	7.318052622615055e-05	7.318052622615055e-05	117.0	0.04723455793298345
chr17	chr17	855	21375000	7.311871928223006e-05	2476	1856	0.16132502201486326	8.69208092752496e-05	7.311871928223006e-05	7.311871928223006e-05	116.0	0.046849757673667204
chr17	chr17	856	21400000	7.305703669444824e-05	2475	1855	0.1711332170793925	9.225510354684231e-05	7.305703669444824e-05	7.305703669444824e-05	122.0	0.04929292929292929
chr17	chr17	857	21425000	7.299547806776142e-05	2474	1853	0.14853740945522206	8.016050159483112e-05	7.299547806776142e-05	7.299547806776142e-05	114.0	0.046079223928860144
chr17	chr17	858	21450000	7.293404300884005e-05	2473	1852	0.14180488770746455	7.656851388092038e-05	7.293404300884005e-05	7.293404300884005e-05	104.0	0.04205418520016175
chr17	chr17	859	21475000	7.287273112605911e-05	2472	1851	0.14809563074506965	8.000844448680154e-05	7.287273112605911e-05	7.287273112605911e-05	113.0	0.04571197411003236
chr17	chr17	860	21500000	7.281154202948852e-05	2471	1853	0.16016055510280058	8.643311122655186e-05	7.281154202948852e-05	7.281154202948852e-05	118.0	0.04775394577094294
chr17	chr17	861	21525000	7.275047533088451e-05	2470	1853	0.15018212047667218	8.10480952383552e-05	7.275047533088451e-05	7.275047533088451e-05	116.0	0.04696356275303644
chr17	chr17	862	21550000	7.268953064367964e-05	2469	1852	0.16935105550157178	9.144225459048152e-05	7.268953064367964e-05	7.268953064367964e-05	123.0	0.04981773997569866
chr17	chr17	863	21575000	7.26287075829741e-05	2468	1851	0.1499079571238211	8.098755112037877e-05	7.26287075829741e-05	7.26287075829741e-05	108.0	0.04376012965964344
chr17	chr17	864	21600000	7.256800576552636e-05	2467	1849	0.12961470602346184	7.00998950911097e-05	7.256800576552636e-05	7.256800576552636e-05	93.0	0.03769760843129307
chr17	chr17	865	21625000	7.250742480974427e-05	2466	1850	0.16708557089482942	9.03165248080159e-05	7.250742480974427e-05	7.250742480974427e-05	128.0	0.05190592051905921
chr17	chr17	866	21650000	7.244696433567592e-05	2465	1850	0.1702322134599641	9.201741268106167e-05	7.244696433567592e-05	7.244696433567592e-05	129.0	0.05233265720081136
chr17	chr17	867	21675000	7.23866239650009e-05	2464	1846	0.13583866325959942	7.35854080496205e-05	7.23866239650009e-05	7.23866239650009e-05	106.0	0.04301948051948052
chr17	chr17	868	21700000	7.232706722186928e-05	2463	1844	0.1411309732443027	7.653523494810342e-05	7.232706722186928e-05	7.232706722186928e-05	112.0	0.045473000406008934
chr17	chr17	869	21725000	7.226762796927255e-05	2462	1845	0.13728722355869052	7.4410419273003e-05	7.226762796927255e-05	7.226762796927255e-05	103.0	0.04183590576766856
chr17	chr17	870	21750000	7.220830584062882e-05	2461	1844	0.15099836970626906	8.188631762812856e-05	7.220830584062882e-05	7.220830584062882e-05	110.0	0.04469727752945957
chr17	chr17	871	21775000	7.214910047091981e-05	2460	1846	0.13918938740396408	7.540053488838791e-05	7.214910047091981e-05	7.214910047091981e-05	104.0	0.04227642276422764
chr17	chr17	872	21800000	7.209001149668205e-05	2459	1845	0.13044205829063474	7.070030259654999e-05	7.209001149668205e-05	7.209001149668205e-05	103.0	0.041886945912972755
chr17	chr17	873	21825000	7.20310385559988e-05	2458	1846	0.13470570120692874	7.297166912618025e-05	7.20310385559988e-05	7.20310385559988e-05	100.0	0.04068348250610252
chr17	chr17	874	21850000	7.19721812884913e-05	2457	1846	0.14242891030414248	7.715542269996885e-05	7.19721812884913e-05	7.19721812884913e-05	107.0	0.04354904354904355
chr17	chr17	875	21875000	7.191343933531085e-05	2456	1845	0.14019804433936583	7.59880999129354e-05	7.191343933531085e-05	7.191343933531085e-05	110.0	0.04478827361563518
chr17	chr17	876	21900000	7.185481233913044e-05	2455	1845	0.14883697163985296	8.067044533325364e-05	7.185481233913044e-05	7.185481233913044e-05	115.0	0.04684317718940937
chr17	chr17	877	21925000	7.17962999441365e-05	2454	1846	0.16215305911621766	8.784022704020459e-05	7.17962999441365e-05	7.17962999441365e-05	121.0	0.04930725346373268
chr17	chr17	878	21950000	7.173790179602098e-05	2453	1846	0.14257516351782423	7.723464979297087e-05	7.173790179602098e-05	7.173790179602098e-05	106.0	0.04321239298817774
chr17	chr17	879	21975000	7.167961754197286e-05	2452	1845	0.14608103352209775	7.917671193609634e-05	7.167961754197286e-05	7.167961754197286e-05	112.0	0.04567699836867863
chr17	chr17	880	22000000	7.162144683067063e-05	2451	1844	0.14654715856188105	7.947242872119362e-05	7.162144683067063e-05	7.162144683067063e-05	114.0	0.046511627906976744
chr17	chr17	881	22025000	7.156338931227395e-05	2450	1844	0.15223428755101232	8.25565550710479e-05	7.156338931227395e-05	7.156338931227395e-05	112.0	0.045714285714285714
chr17	chr17	882	22050000	7.150544463841611e-05	2449	1845	0.12798479977309327	6.936845516156816e-05	7.150544463841611e-05	7.150544463841611e-05	97.0	0.03960800326663944
chr17	chr17	883	22075000	7.144761246219565e-05	2448	1847	0.13889791838851082	7.520190492068804e-05	7.144761246219565e-05	7.144761246219565e-05	107.0	0.04370915032679738
chr17	chr17	884	22100000	7.138989243816887e-05	2447	1846	0.11321246389361496	6.132852865309586e-05	7.138989243816887e-05	7.138989243816887e-05	88.0	0.03596240294237842
chr17	chr17	885	22125000	7.1332284222342e-05	2446	1846	0.11125022800327956	6.026556229863465e-05	7.1332284222342e-05	7.1332284222342e-05	85.0	0.034750613246116106
chr17	chr17	886	22150000	7.127478747216378e-05	2445	1845	0.13258972406424002	7.186434908630896e-05	7.127478747216378e-05	7.127478747216378e-05	99.0	0.04049079754601227
chr17	chr17	887	22175000	7.121740184651715e-05	2444	1847	0.16501467266815073	8.934199927891215e-05	7.121740184651715e-05	7.121740184651715e-05	125.0	0.051145662847790506
chr17	chr17	888	22200000	7.11601270057121e-05	2443	1848	0.1244064315357865	6.731949758430005e-05	7.11601270057121e-05	7.11601270057121e-05	90.0	0.036839950880065496
chr17	chr17	889	22225000	7.110432118835134e-05	2442	1847	0.13084142951928807	7.083997266880783e-05	7.110432118835134e-05	7.110432118835134e-05	107.0	0.04381654381654382
chr17	chr17	890	22250000	7.104862180018053e-05	2441	1846	0.1410961526337634	7.64334521309661e-05	7.104862180018053e-05	7.104862180018053e-05	109.0	0.04465383039737812
chr17	chr17	891	22275000	7.099302851898332e-05	2440	1847	0.13328594031551427	7.216347607770129e-05	7.099302851898332e-05	7.099302851898332e-05	102.0	0.04180327868852459
chr17	chr17	892	22300000	7.093754102387906e-05	2439	1848	0.14227569007466578	7.69890097806633e-05	7.093754102387906e-05	7.093754102387906e-05	110.0	0.045100451004510045
chr17	chr17	893	22325000	7.088215899531571e-05	2438	1848	0.16314043750828583	8.827945752612869e-05	7.088215899531571e-05	7.088215899531571e-05	121.0	0.04963084495488105
chr17	chr17	894	22350000	7.082688211506304e-05	2437	1848	0.1402561877455114	7.589620548999535e-05	7.082688211506304e-05	7.082688211506304e-05	101.0	0.041444398851046366
chr17	chr17	895	22375000	7.077171006620542e-05	2436	1848	0.14625947327328256	7.914473661974164e-05	7.077171006620542e-05	7.077171006620542e-05	106.0	0.04351395730706076
chr17	chr17	896	22400000	7.071664253313528e-05	2435	1848	0.13959397622539746	7.553786592283412e-05	7.071664253313528e-05	7.071664253313528e-05	105.0	0.043121149897330596
chr17	chr17	897	22425000	7.066167920154598e-05	2434	1847	0.12211488439240734	6.611525955192601e-05	7.066167920154598e-05	7.066167920154598e-05	96.0	0.03944124897288414
chr17	chr17	898	22450000	7.060681975842509e-05	2433	1845	0.1242965046143501	6.73693791947697e-05	7.060681975842509e-05	7.060681975842509e-05	100.0	0.04110152075626798
chr17	chr17	899	22475000	7.055206389204767e-05	2432	1843	0.12476871414897506	6.769870545250952e-05	7.055206389204767e-05	7.055206389204767e-05	95.0	0.0390625
chr17	chr17	900	22500000	7.049741129196949e-05	2431	1842	0.13385782890467934	7.266983111003221e-05	7.049741129196949e-05	7.049741129196949e-05	102.0	0.04195804195804196
chr17	chr17	901	22525000	7.044286164902038e-05	2430	1842	0.15495966423469718	8.412576777127968e-05	7.044286164902038e-05	7.044286164902038e-05	123.0	0.050617283950617285
chr17	chr17	902	22550000	7.038841465529756e-05	2429	1842	0.15019584070490188	8.153954435662426e-05	7.038841465529756e-05	7.038841465529756e-05	108.0	0.044462741869081925
chr17	chr17	903	22575000	7.033407000415916e-05	2428	1842	0.10888979635910231	5.911498173675479e-05	7.033407000415916e-05	7.033407000415916e-05	80.0	0.032948929159802305
chr17	chr17	904	22600000	7.027982739021756e-05	2427	1841	0.14272200878650745	7.75241764185266e-05	7.027982739021756e-05	7.027982739021756e-05	110.0	0.04532344458178822
chr17	chr17	905	22625000	7.022568650933272e-05	2426	1840	0.12203164748474259	6.632154754605575e-05	7.022568650933272e-05	7.022568650933272e-05	98.0	0.0403957131079967
chr17	chr17	906	22650000	7.017164705860618e-05	2425	1840	0.14923536551792788	8.110617691191732e-05	7.017164705860618e-05	7.017164705860618e-05	113.0	0.046597938144329894
chr17	chr17	907	22675000	7.011770873637424e-05	2424	1839	0.08638645508597512	4.6974690095690656e-05	7.011770873637424e-05	7.011770873637424e-05	70.0	0.028877887788778877
chr17	chr17	908	22700000	7.006387124220152e-05	2423	1838	0.11123953800742178	6.052205549914134e-05	7.006387124220152e-05	7.006387124220152e-05	86.0	0.03549319026000825
chr17	chr17	909	22725000	7.001013427687506e-05	2422	1838	0.12982609566776535	7.063443725123251e-05	7.001013427687506e-05	7.001013427687506e-05	98.0	0.04046242774566474
chr17	chr17	910	22750000	6.995849099162355e-05	2421	1836	0.12104432807390919	6.592828326465642e-05	6.995849099162355e-05	6.995849099162355e-05	97.0	0.04006608839322594
chr17	chr17	911	22775000	6.990694245825338e-05	2420	1835	0.11971855566557281	6.524171970875903e-05	6.990694245825338e-05	6.990694245825338e-05	90.0	0.0371900826446281
chr17	chr17	912	22800000	6.985548839919713e-05	2419	1835	0.11246180932245453	6.128708954902154e-05	6.985548839919713e-05	6.985548839919713e-05	88.0	0.036378668871434476
chr17	chr17	913	22825000	6.980412853800344e-05	2418	1834	0.12493990554660236	6.812426692835461e-05	6.980412853800344e-05	6.980412853800344e-05	94.0	0.03887510339123242
chr17	chr17	914	22850000	6.975286259933169e-05	2417	1835	0.11514602410298187	6.274987689535797e-05	6.975286259933169e-05	6.975286259933169e-05	93.0	0.03847745138601572
chr17	chr17	915	22875000	6.970169030894608e-05	2416	1836	0.11635639314508028	6.337494180015266e-05	6.970169030894608e-05	6.970169030894608e-05	89.0	0.03683774834437086
chr17	chr17	916	22900000	6.965061139371009e-05	2415	1835	0.1206372102509899	6.57423489106212e-05	6.965061139371009e-05	6.965061139371009e-05	91.0	0.03768115942028986
chr17	chr17	917	22925000	6.9599625581581e-05	2414	1835	0.11683313671845155	6.366928431523245e-05	6.9599625581581e-05	6.9599625581581e-05	89.0	0.03686826843413422
chr17	chr17	918	22950000	6.954873260160409e-05	2413	1833	0.10760508659555022	5.870435711704867e-05	6.954873260160409e-05	6.954873260160409e-05	86.0	0.035640281806879406
chr17	chr17	919	22975000	6.949793218390727e-05	2412	1830	0.11717508440604534	6.403010076833078e-05	6.949793218390727e-05	6.949793218390727e-05	92.0	0.03814262023217247
chr17	chr17	920	23000000	6.944722405969545e-05	2411	1830	0.09782841271769534	5.3458149026063024e-05	6.944722405969545e-05	6.944722405969545e-05	77.0	0.03193695562007466
chr17	chr17	921	23025000	6.939660796124526e-05	2410	1829	0.11911952992414596	6.512822849871293e-05	6.939660796124526e-05	6.939660796124526e-05	94.0	0.03900414937759336
chr17	chr17	922	23050000	6.934608362189951e-05	2409	1829	0.09391809793760791	5.1349424788194595e-05	6.934608362189951e-05	6.934608362189951e-05	72.0	0.029887920298879204
chr17	chr17	923	23075000	6.92956507760618e-05	2408	1830	0.10944704327463928	5.980712747248048e-05	6.92956507760618e-05	6.92956507760618e-05	83.0	0.03446843853820598
chr17	chr17	924	23100000	6.924530915919102e-05	2407	1831	0.16252869144406815	8.876498713493618e-05	6.924530915919102e-05	6.924530915919102e-05	119.0	0.04943913585375987
chr17	chr17	925	23125000	6.919505850779638e-05	2406	1832	0.09700041877681281	5.2947826843238435e-05	6.919505850779638e-05	6.919505850779638e-05	76.0	0.03158769742310889
chr17	chr17	926	23150000	6.914489855943164e-05	2405	1834	0.12331864480302868	6.724026434189131e-05	6.914489855943164e-05	6.914489855943164e-05	83.0	0.03451143451143451
chr17	chr17	927	23175000	6.909482905269046e-05	2404	1834	0.1130927034833959	6.166450571613735e-05	6.909482905269046e-05	6.909482905269046e-05	83.0	0.034525790349417634
chr17	chr17	928	23200000	6.904484972720036e-05	2403	1835	0.09609005669763665	5.236515351369845e-05	6.904484972720036e-05	6.904484972720036e-05	75.0	0.031210986267166042
chr17	chr17	929	23225000	6.899496032361837e-05	2402	1836	0.10895110562481047	5.9341560797827053e-05	6.899496032361837e-05	6.899496032361837e-05	82.0	0.03413821815154038
chr17	chr17	930	23250000	6.89451605836251e-05	2401	1835	0.12270950456322048	6.687166461210925e-05	6.89451605836251e-05	6.89451605836251e-05	95.0	0.03956684714702208
chr17	chr17	931	23275000	6.88954502499202e-05	2400	1835	0.11875966253062087	6.471916214202772e-05	6.88954502499202e-05	6.88954502499202e-05	91.0	0.03791666666666667
chr17	chr17	932	23300000	6.884836559764581e-05	2399	1834	0.11637479672347968	6.345408763548511e-05	6.884836559764581e-05	6.884836559764581e-05	89.0	0.037098791162984576
chr17	chr17	933	23325000	6.880136356524774e-05	2398	1834	0.1131438927434564	6.169241698116489e-05	6.880136356524774e-05	6.880136356524774e-05	85.0	0.03544620517097581
chr17	chr17	934	23350000	6.875444391943208e-05	2397	1833	0.09726070503437254	5.306094109894846e-05	6.875444391943208e-05	6.875444391943208e-05	75.0	0.03128911138923655
chr17	chr17	935	23375000	6.870760642781243e-05	2396	1834	0.12470064567688008	6.799380898412218e-05	6.870760642781243e-05	6.870760642781243e-05	97.0	0.04048414023372287
chr17	chr17	936	23400000	6.866085085890578e-05	2395	1833	0.1196953244980186	6.530023158648042e-05	6.866085085890578e-05	6.866085085890578e-05	92.0	0.038413361169102295
chr17	chr17	937	23425000	6.861417698212721e-05	2394	1836	0.1220437136425288	6.647261091641003e-05	6.861417698212721e-05	6.861417698212721e-05	87.0	0.03634085213032581
chr17	chr17	938	23450000	6.856758456778659e-05	2393	1835	0.10486489195564994	5.7147080084822854e-05	6.856758456778659e-05	6.856758456778659e-05	79.0	0.03301295445048057
chr17	chr17	939	23475000	6.852107338708318e-05	2392	1835	0.10462043605492963	5.7013861610315875e-05	6.852107338708318e-05	6.852107338708318e-05	79.0	0.03302675585284281
chr17	chr17	940	23500000	6.847464321210189e-05	2391	1836	0.13698065668519133	7.460820080892774e-05	6.847464321210189e-05	6.847464321210189e-05	102.0	0.04265997490589712
chr17	chr17	941	23525000	6.842829381580842e-05	2390	1835	0.10407908548497091	5.671884767573347e-05	6.842829381580842e-05	6.842829381580842e-05	81.0	0.033891213389121336
chr17	chr17	942	23550000	6.838202497204537e-05	2389	1837	0.1346221899495111	7.328371799102401e-05	6.838202497204537e-05	6.838202497204537e-05	98.0	0.041021347844286314
chr17	chr17	943	23575000	6.833583645552763e-05	2388	1837	0.11530318648732231	6.276711294900507e-05	6.833583645552763e-05	6.833583645552763e-05	91.0	0.038107202680067
chr17	chr17	944	23600000	6.828972804183814e-05	2387	1837	0.10030449185592068	5.4602336339641085e-05	6.828972804183814e-05	6.828972804183814e-05	77.0	0.03225806451612903
chr17	chr17	945	23625000	6.824369950742374e-05	2386	1838	0.11771675082627181	6.404611035161687e-05	6.824369950742374e-05	6.824369950742374e-05	86.0	0.03604358759430008
chr17	chr17	946	23650000	6.819775062959078e-05	2385	1837	0.09256099209642754	5.038703979119627e-05	6.819775062959078e-05	6.819775062959078e-05	72.0	0.03018867924528302
chr17	chr17	947	23675000	6.815188118650113e-05	2384	1838	0.11005680009130228	5.987856370582279e-05	6.815188118650113e-05	6.815188118650113e-05	84.0	0.03523489932885906
chr17	chr17	948	23700000	6.810609095716781e-05	2383	1839	0.11160087900676996	6.068563295637301e-05	6.810609095716781e-05	6.810609095716781e-05	83.0	0.03483004616030214
chr17	chr17	949	23725000	6.806037972145077e-05	2382	1838	0.10449491542552355	5.6852511112907264e-05	6.806037972145077e-05	6.806037972145077e-05	82.0	0.03442485306465155
chr17	chr17	950	23750000	6.801474726005315e-05	2381	1839	0.12308628320966908	6.693109473065203e-05	6.801474726005315e-05	6.801474726005315e-05	91.0	0.03821923561528769
chr17	chr17	951	23775000	6.796919335451657e-05	2380	1838	0.12497746012578925	6.799644185298654e-05	6.796919335451657e-05	6.796919335451657e-05	97.0	0.040756302521008404
chr17	chr17	952	23800000	6.792371778721751e-05	2379	1835	0.10749333389623615	5.857947351293523e-05	6.792371778721751e-05	6.792371778721751e-05	76.0	0.031946195880622114
chr17	chr17	953	23825000	6.787832034136313e-05	2378	1835	0.08349540389100206	4.550158250190848e-05	6.787832034136313e-05	6.787832034136313e-05	64.0	0.02691337258200168
chr17	chr17	954	23850000	6.783598411101335e-05	2377	1834	0.1081708709116315	5.8980845644291985e-05	6.783598411101335e-05	6.783598411101335e-05	82.0	0.0344972654606647
chr17	chr17	955	23875000	6.77937185989815e-05	2376	1834	0.10471909866782159	5.709874518419934e-05	6.77937185989815e-05	6.77937185989815e-05	80.0	0.03367003367003367
chr17	chr17	956	23900000	6.775152361327472e-05	2375	1833	0.09952884563698164	5.429833368084105e-05	6.775152361327472e-05	6.775152361327472e-05	76.0	0.032
chr17	chr17	957	23925000	6.770939896262146e-05	2374	1830	0.11622137263979584	6.350894679770265e-05	6.770939896262146e-05	6.770939896262146e-05	90.0	0.037910699241786014
chr17	chr17	958	23950000	6.766734445646808e-05	2373	1834	0.12046822900412935	6.568605725415994e-05	6.766734445646808e-05	6.766734445646808e-05	91.0	0.038348082595870206
chr17	chr17	959	23975000	6.762535990497524e-05	2372	1830	0.12367024001570223	6.757936612879903e-05	6.762535990497524e-05	6.762535990497524e-05	90.0	0.03794266441821248
chr17	chr17	960	24000000	6.758344511901499e-05	2371	1831	0.10997159469485268	6.006094740297798e-05	6.758344511901499e-05	6.758344511901499e-05	84.0	0.035428089413749475
chr17	chr17	961	24025000	6.754159991016668e-05	2370	1831	0.1063796919725377	5.8099231006301314e-05	6.754159991016668e-05	6.754159991016668e-05	84.0	0.035443037974683546
chr17	chr17	962	24050000	6.749982409071398e-05	2369	1835	0.10812102207987534	5.89215379181882e-05	6.749982409071398e-05	6.749982409071398e-05	85.0	0.03588011819333052
chr17	chr17	963	24075000	6.745811747364166e-05	2368	1832	0.13067535978003558	7.132934485809803e-05	6.745811747364166e-05	6.745811747364166e-05	99.0	0.041807432432432436
chr17	chr17	964	24100000	6.741647987263179e-05	2367	1831	0.12079860590875728	6.597411573389256e-05	6.741647987263179e-05	6.741647987263179e-05	95.0	0.04013519222644698
chr17	chr17	965	24125000	6.737491110206082e-05	2366	1832	0.1102986439519848	6.020668337990437e-05	6.737491110206082e-05	6.737491110206082e-05	81.0	0.03423499577345731
chr17	chr17	966	24150000	6.733341097699611e-05	2365	1830	0.11985889382934692	6.549666329472509e-05	6.733341097699611e-05	6.733341097699611e-05	88.0	0.037209302325581395
chr17	chr17	967	24175000	6.729197931319258e-05	2364	1830	0.11969418787406318	6.540666004047168e-05	6.729197931319258e-05	6.729197931319258e-05	94.0	0.03976311336717428
chr17	chr17	968	24200000	6.725061592708967e-05	2363	1832	0.09276786127391161	5.063747886130546e-05	6.725061592708967e-05	6.725061592708967e-05	68.0	0.02877697841726619
chr17	chr17	969	24225000	6.72093206358078e-05	2362	1832	0.11356751158156089	6.199099977159438e-05	6.72093206358078e-05	6.72093206358078e-05	81.0	0.03429297205757832
chr17	chr17	970	24250000	6.716809325714543e-05	2361	1832	0.11235632783797443	6.13298732740035e-05	6.716809325714543e-05	6.716809325714543e-05	85.0	0.03600169419737399
chr17	chr17	971	24275000	6.712693360957555e-05	2360	1833	0.10414712592228659	5.681785374920163e-05	6.712693360957555e-05	6.712693360957555e-05	81.0	0.034322033898305085
chr17	chr17	972	24300000	6.708584151224296e-05	2359	1833	0.09265592967001206	5.054878869067761e-05	6.708584151224296e-05	6.708584151224296e-05	70.0	0.02967359050445104
chr17	chr17	973	24325000	6.704481678496044e-05	2358	1831	0.09555351432830933	5.218651792916949e-05	6.704481678496044e-05	6.704481678496044e-05	72.0	0.030534351145038167
chr17	chr17	974	24350000	6.700385924820614e-05	2357	1832	0.08556266118800324	4.6704509382097834e-05	6.700385924820614e-05	6.700385924820614e-05	65.0	0.027577428935086974
chr17	chr17	975	24375000	6.696296872312026e-05	2356	1831	0.11449776742415899	6.253291503230967e-05	6.696296872312026e-05	6.696296872312026e-05	85.0	0.03607809847198642
chr17	chr17	976	24400000	6.692214503150195e-05	2355	1831	0.08667728637992865	4.733876918619806e-05	6.692214503150195e-05	6.692214503150195e-05	64.0	0.027176220806794056
chr17	chr17	977	24425000	6.68847006608934e-05	2354	1830	0.12512141311277664	6.837235689222767e-05	6.68847006608934e-05	6.68847006608934e-05	97.0	0.041206457094307564
chr17	chr17	978	24450000	6.68473155153439e-05	2353	1833	0.11569863472738168	6.311982254630752e-05	6.68473155153439e-05	6.68473155153439e-05	89.0	0.037824054398640033
chr17	chr17	979	24475000	6.680998944076458e-05	2352	1832	0.08596388208213467	4.692351642037918e-05	6.680998944076458e-05	6.680998944076458e-05	65.0	0.027636054421768707
chr17	chr17	980	24500000	6.677272228362424e-05	2351	1833	0.09053160890485429	4.938985755856753e-05	6.677272228362424e-05	6.677272228362424e-05	69.0	0.029349213100808166
chr17	chr17	981	24525000	6.673551389094689e-05	2350	1832	0.09557536408710218	5.21699585628287e-05	6.673551389094689e-05	6.673551389094689e-05	69.0	0.029361702127659574
chr17	chr17	982	24550000	6.669836411030903e-05	2349	1832	0.109397063358732	5.9714554235115726e-05	6.669836411030903e-05	6.669836411030903e-05	83.0	0.035334184759472115
chr17	chr17	983	24575000	6.666127278983735e-05	2348	1834	0.09022951046572081	4.919820636080742e-05	6.666127278983735e-05	6.666127278983735e-05	69.0	0.02938671209540034
chr17	chr17	984	24600000	6.662423977820607e-05	2347	1834	0.11977645752378167	6.53088645167839e-05	6.662423977820607e-05	6.662423977820607e-05	90.0	0.03834682573498083
chr17	chr17	985	24625000	6.658726492463417e-05	2346	1835	0.11331100908235481	6.174986870973014e-05	6.658726492463417e-05	6.658726492463417e-05	83.0	0.035379369138959935
chr17	chr17	986	24650000	6.655034807888343e-05	2345	1834	0.08854394508687616	4.827914126874382e-05	6.655034807888343e-05	6.655034807888343e-05	70.0	0.029850746268656716
chr17	chr17	987	24675000	6.65134890912553e-05	2344	1832	0.12631981874806683	6.895186612885743e-05	6.65134890912553e-05	6.65134890912553e-05	93.0	0.03967576791808874
chr17	chr17	988	24700000	6.647668781258886e-05	2343	1831	0.09346113050141838	5.1043763244903544e-05	6.647668781258886e-05	6.647668781258886e-05	67.0	0.028595817328211693
chr17	chr17	989	24725000	6.643994409425813e-05	2342	1830	0.1300960327563268	7.10907282821458e-05	6.643994409425813e-05	6.643994409425813e-05	91.0	0.038855678906917164
chr17	chr17	990	24750000	6.640325778816975e-05	2341	1828	0.09010497036795202	4.9291559282249466e-05	6.640325778816975e-05	6.640325778816975e-05	72.0	0.030756087142246903
chr17	chr17	991	24775000	6.636662874676039e-05	2340	1826	0.11118311819101011	6.0888892766161064e-05	6.636662874676039e-05	6.636662874676039e-05	80.0	0.03418803418803419
chr17	chr17	992	24800000	6.633005682299454e-05	2339	1827	0.10469005167022169	5.730161558304417e-05	6.633005682299454e-05	6.633005682299454e-05	78.0	0.033347584437793926
chr17	chr17	993	24825000	6.629354187036176e-05	2338	1826	0.08974828355891162	4.915021005416847e-05	6.629354187036176e-05	6.629354187036176e-05	66.0	0.028229255774165955
chr17	chr17	994	24850000	6.625708374287453e-05	2337	1826	0.115685519718708	6.335461101791238e-05	6.625708374287453e-05	6.625708374287453e-05	84.0	0.03594351732991014
chr17	chr17	995	24875000	6.622068229506593e-05	2336	1825	0.10221616009817744	5.6008854848316405e-05	6.622068229506593e-05	6.622068229506593e-05	77.0	0.03296232876712329
chr17	chr17	996	24900000	6.618433738198704e-05	2335	1826	0.12157765305493443	6.658140912099367e-05	6.618433738198704e-05	6.618433738198704e-05	83.0	0.035546038543897214
chr17	chr17	997	24925000	6.614804885920458e-05	2334	1825	0.09483891014632853	5.196652610757728e-05	6.614804885920458e-05	6.614804885920458e-05	69.0	0.02956298200514139
chr17	chr17	998	24950000	6.611181658279874e-05	2333	1825	0.108982832721917	5.971662066954356e-05	6.611181658279874e-05	6.611181658279874e-05	83.0	0.03557651093013288
chr17	chr17	999	24975000	6.60756404093608e-05	2332	1824	0.1194044067297456	6.546294228604474e-05	6.60756404093608e-05	6.60756404093608e-05	86.0	0.03687821612349914
chr17	chr17	1000	25000000	6.60430470750671e-05	2331	1821	0.1089961207347677	5.985509101305201e-05	6.60430470750671e-05	6.60430470750671e-05	80.0	0.03432003432003432
chr17	chr17	1001	25025000	6.601050237114542e-05	2330	1821	0.10218300516109435	5.611367663981019e-05	6.601050237114542e-05	6.601050237114542e-05	77.0	0.03304721030042918
chr17	chr17	1002	25050000	6.597800617656438e-05	2329	1819	0.08984900551455227	4.939472540657079e-05	6.597800617656438e-05	6.597800617656438e-05	70.0	0.030055817947617004
chr17	chr17	1003	25075000	6.594555837071434e-05	2328	1818	0.1167455803697054	6.421649085242321e-05	6.594555837071434e-05	6.594555837071434e-05	84.0	0.03608247422680412
chr17	chr17	1004	25100000	6.591315883340519e-05	2327	1818	0.09768825653030401	5.3733914483115517e-05	6.591315883340519e-05	6.591315883340519e-05	76.0	0.03266007735281478
chr17	chr17	1005	25125000	6.588080744486486e-05	2326	1818	0.11600547843521385	6.38093940787755e-05	6.588080744486486e-05	6.588080744486486e-05	79.0	0.033963886500429925
chr17	chr17	1006	25150000	6.584850408573727e-05	2325	1818	0.1068531045337108	5.8775085002041144e-05	6.584850408573727e-05	6.584850408573727e-05	70.0	0.030107526881720432
chr17	chr17	1007	25175000	6.581624863708035e-05	2324	1818	0.10716506869042229	5.894668244797706e-05	6.581624863708035e-05	6.581624863708035e-05	76.0	0.03270223752151463
chr17	chr17	1008	25200000	6.578404098036443e-05	2323	1817	0.09644551133479357	5.3079532930541315e-05	6.578404098036443e-05	6.578404098036443e-05	72.0	0.030994403788204908
chr17	chr17	1009	25225000	6.57518809974702e-05	2322	1814	0.09738129435997983	5.3683183219393515e-05	6.57518809974702e-05	6.57518809974702e-05	72.0	0.031007751937984496
chr17	chr17	1010	25250000	6.571976857068703e-05	2321	1814	0.10763663397750996	5.933662292034728e-05	6.571976857068703e-05	6.571976857068703e-05	79.0	0.034037052994398964
chr17	chr17	1011	25275000	6.568770358271112e-05	2320	1812	0.08727158128659696	4.816312433035152e-05	6.568770358271112e-05	6.568770358271112e-05	67.0	0.028879310344827585
chr17	chr17	1012	25300000	6.565568591664364e-05	2319	1810	0.10005581584177592	5.527945626617454e-05	6.565568591664364e-05	6.565568591664364e-05	77.0	0.03320396722725313
chr17	chr17	1013	25325000	6.562371545598896e-05	2318	1809	0.09162772145074946	5.065103452224956e-05	6.562371545598896e-05	6.562371545598896e-05	64.0	0.027610008628127698
chr17	chr17	1014	25350000	6.559179208465283e-05	2317	1809	0.10760102453688257	5.948094225366643e-05	6.559179208465283e-05	6.559179208465283e-05	80.0	0.03452740612861459
chr17	chr17	1015	25375000	6.55599156869408e-05	2316	1809	0.09153483264891185	5.05996863730856e-05	6.55599156869408e-05	6.55599156869408e-05	66.0	0.02849740932642487
chr17	chr17	1016	25400000	6.552808614755614e-05	2315	1811	0.08708867634265202	4.808872244210493e-05	6.552808614755614e-05	6.552808614755614e-05	62.0	0.02678185745140389
chr17	chr17	1017	25425000	6.549630335159817e-05	2314	1811	0.11648473201847295	6.432066925371228e-05	6.549630335159817e-05	6.549630335159817e-05	83.0	0.035868625756266204
chr17	chr17	1018	25450000	6.546456718456086e-05	2313	1813	0.10886283235844925	6.00456880079698e-05	6.546456718456086e-05	6.546456718456086e-05	79.0	0.03415477734543882
chr17	chr17	1019	25475000	6.543287753233053e-05	2312	1813	0.11562933303290654	6.377790018362192e-05	6.543287753233053e-05	6.543287753233053e-05	86.0	0.037197231833910036
chr17	chr17	1020	25500000	6.540123428118455e-05	2311	1813	0.07368653415359157	4.0643427553001416e-05	6.540123428118455e-05	6.540123428118455e-05	55.0	0.023799221116399826
chr17	chr17	1021	25525000	6.536963731778929e-05	2310	1813	0.09931026092376412	5.477675726627916e-05	6.536963731778929e-05	6.536963731778929e-05	72.0	0.03116883116883117
chr17	chr17	1022	25550000	6.533808652919884e-05	2309	1814	0.09583118889976117	5.282865981243725e-05	6.533808652919884e-05	6.533808652919884e-05	71.0	0.030749242096145518
chr17	chr17	1023	25575000	6.530658180285284e-05	2308	1814	0.09998798473550116	5.512016799090472e-05	6.530658180285284e-05	6.530658180285284e-05	70.0	0.030329289428076257
chr17	chr17	1024	25600000	6.527874122199586e-05	2307	1816	0.11220456602574304	6.17866553005193e-05	6.527874122199586e-05	6.527874122199586e-05	81.0	0.035110533159947985
chr17	chr17	1025	25625000	6.525093966717537e-05	2306	1816	0.1053251618505212	5.7998437142357485e-05	6.525093966717537e-05	6.525093966717537e-05	73.0	0.03165654813529922
chr17	chr17	1026	25650000	6.52231770456918e-05	2305	1817	0.0687759405332822	3.785137068424997e-05	6.52231770456918e-05	6.52231770456918e-05	51.0	0.02212581344902386
chr17	chr17	1027	25675000	6.519545326515564e-05	2304	1816	0.08776788705196609	4.833033427971701e-05	6.519545326515564e-05	6.519545326515564e-05	63.0	0.02734375
chr17	chr17	1028	25700000	6.516776823348646e-05	2303	1818	0.1056093246253804	5.809093763772299e-05	6.516776823348646e-05	6.516776823348646e-05	74.0	0.03213200173686496
chr17	chr17	1029	25725000	6.514012185891149e-05	2302	1818	0.12537556216386014	6.896345553567664e-05	6.514012185891149e-05	6.514012185891149e-05	87.0	0.037793223284100785
chr17	chr17	1030	25750000	6.511251404996413e-05	2301	1819	0.07061342902581713	3.8819917001548726e-05	6.511251404996413e-05	6.511251404996413e-05	52.0	0.022598870056497175
chr17	chr17	1031	25775000	6.508494471548262e-05	2300	1820	0.10727633056701652	5.8943038773086e-05	6.508494471548262e-05	6.508494471548262e-05	76.0	0.03304347826086956
chr17	chr17	1032	25800000	6.505741376460905e-05	2299	1822	0.08874613127989257	4.870808522496848e-05	6.505741376460905e-05	6.505741376460905e-05	66.0	0.028708133971291867
chr17	chr17	1033	25825000	6.502992110678772e-05	2298	1823	0.0829879019562335	4.5522710892064455e-05	6.502992110678772e-05	6.502992110678772e-05	61.0	0.026544821583986074
chr17	chr17	1034	25850000	6.500246665176396e-05	2297	1824	0.0920590363165846	5.047096289286436e-05	6.500246665176396e-05	6.500246665176396e-05	72.0	0.03134523291249456
chr17	chr17	1035	25875000	6.497505030958295e-05	2296	1824	0.09709850399028355	5.323382894204142e-05	6.497505030958295e-05	6.497505030958295e-05	71.0	0.03092334494773519
chr17	chr17	1036	25900000	6.494767199058817e-05	2295	1825	0.10689400291142137	5.857205638981993e-05	6.494767199058817e-05	6.494767199058817e-05	79.0	0.03442265795206972
chr17	chr17	1037	25925000	6.492033160542049e-05	2294	1825	0.07958531397478386	4.360839121905965e-05	6.492033160542049e-05	6.492033160542049e-05	57.0	0.024847428073234524
chr17	chr17	1038	25950000	6.489302906501646e-05	2293	1825	0.09673483063358713	5.3005386648540894e-05	6.489302906501646e-05	6.489302906501646e-05	70.0	0.030527692978630616
chr17	chr17	1039	25975000	6.486576428060751e-05	2292	1824	0.09926278787801562	5.4420388091017335e-05	6.486576428060751e-05	6.486576428060751e-05	72.0	0.031413612565445025
chr17	chr17	1040	26000000	6.483853716371824e-05	2291	1824	0.08111080360792675	4.446864232890721e-05	6.483853716371824e-05	6.483853716371824e-05	60.0	0.026189436927106065
chr17	chr17	1041	26025000	6.481134762616566e-05	2290	1821	0.09284322321129654	5.0984746409278716e-05	6.481134762616566e-05	6.481134762616566e-05	65.0	0.028384279475982533
chr17	chr17	1042	26050000	6.478419558005741e-05	2289	1821	0.12302558233980712	6.75593532892955e-05	6.478419558005741e-05	6.478419558005741e-05	89.0	0.03888160768894714
chr17	chr17	1043	26075000	6.475708093779091e-05	2288	1822	0.095351069610279	5.233318858961526e-05	6.475708093779091e-05	6.475708093779091e-05	68.0	0.02972027972027972
chr17	chr17	1044	26100000	6.473000361205205e-05	2287	1823	0.09189285780998602	5.040749194184642e-05	6.473000361205205e-05	6.473000361205205e-05	70.0	0.03060778312199388
chr17	chr17	1045	26125000	6.470296351581384e-05	2286	1822	0.11380971597919663	6.246416903358761e-05	6.470296351581384e-05	6.470296351581384e-05	83.0	0.0363079615048119
chr17	chr17	1046	26150000	6.46759605623354e-05	2285	1822	0.10844701393897097	5.952086385234411e-05	6.46759605623354e-05	6.46759605623354e-05	75.0	0.03282275711159737
chr17	chr17	1047	26175000	6.464899466516044e-05	2284	1820	0.101031303061881	5.55117049790555e-05	6.464899466516044e-05	6.464899466516044e-05	70.0	0.03064798598949212
chr17	chr17	1048	26200000	6.462566093155361e-05	2283	1818	0.10188047593270394	5.6039865749562125e-05	6.462566093155361e-05	6.462566093155361e-05	73.0	0.0319754708716601
chr17	chr17	1049	26225000	6.460235786213634e-05	2282	1815	0.09708295580198835	5.3489231846825534e-05	6.460235786213634e-05	6.460235786213634e-05	76.0	0.033304119193689745
chr17	chr17	1050	26250000	6.457908538743682e-05	2281	1815	0.08989293351758275	4.9527787062029064e-05	6.457908538743682e-05	6.457908538743682e-05	68.0	0.029811486190267425
chr17	chr17	1051	26275000	6.455584343820652e-05	2280	1814	0.10367623666992175	5.7153382949240217e-05	6.455584343820652e-05	6.455584343820652e-05	76.0	0.03333333333333333
chr17	chr17	1052	26300000	6.453263194541953e-05	2279	1812	0.0899251014571117	4.962753943549211e-05	6.453263194541953e-05	6.453263194541953e-05	63.0	0.027643703378674857
chr17	chr17	1053	26325000	6.450945084027123e-05	2278	1813	0.0706861798647402	3.89885161967679e-05	6.450945084027123e-05	6.450945084027123e-05	54.0	0.02370500438981563
chr17	chr17	1054	26350000	6.448630005417781e-05	2277	1814	0.0962209909625114	5.304354518330287e-05	6.448630005417781e-05	6.448630005417781e-05	72.0	0.03162055335968379
chr17	chr17	1055	26375000	6.446317951877494e-05	2276	1813	0.128427899954266	7.08372310834341e-05	6.446317951877494e-05	6.446317951877494e-05	91.0	0.03998242530755712
chr17	chr17	1056	26400000	6.444008916591715e-05	2275	1814	0.0903942337061851	4.9831440852362236e-05	6.444008916591715e-05	6.444008916591715e-05	66.0	0.029010989010989013
chr17	chr17	1057	26425000	6.441702892767679e-05	2274	1813	0.0779515345383425	4.2995882260530885e-05	6.441702892767679e-05	6.441702892767679e-05	59.0	0.025945470536499562
chr17	chr17	1058	26450000	6.439399873634325e-05	2273	1813	0.07373723963168194	4.0671395273955844e-05	6.439399873634325e-05	6.439399873634325e-05	56.0	0.024637043554773426
chr17	chr17	1059	26475000	6.437099852442183e-05	2272	1812	0.07673562300087618	4.2348577815053076e-05	6.437099852442183e-05	6.437099852442183e-05	56.0	0.02464788732394366
chr17	chr17	1060	26500000	6.43480282246331e-05	2271	1812	0.09240005257810682	5.099340650005895e-05	6.43480282246331e-05	6.43480282246331e-05	68.0	0.029942756494936152
chr17	chr17	1061	26525000	6.432508776991187e-05	2270	1812	0.09812570306444403	5.4153257761834454e-05	6.432508776991187e-05	6.432508776991187e-05	69.0	0.03039647577092511
chr17	chr17	1062	26550000	6.430217709340635e-05	2269	1812	0.0756353971871817	4.174138917614884e-05	6.430217709340635e-05	6.430217709340635e-05	60.0	0.026443367122080213
chr17	chr17	1063	26575000	6.427929612847726e-05	2268	1812	0.09512990781930064	5.249994912764936e-05	6.427929612847726e-05	6.427929612847726e-05	72.0	0.031746031746031744
chr17	chr17	1064	26600000	6.425644480869701e-05	2267	1811	0.08189316128833316	4.5219857144303236e-05	6.425644480869701e-05	6.425644480869701e-05	62.0	0.027348919276576972
chr17	chr17	1065	26625000	6.42336230678486e-05	2266	1813	0.12024100229514775	6.63215677303628e-05	6.42336230678486e-05	6.42336230678486e-05	81.0	0.03574580759046778
chr17	chr17	1066	26650000	6.421083083992519e-05	2265	1816	0.0872440417976335	4.8041873236582324e-05	6.421083083992519e-05	6.421083083992519e-05	65.0	0.02869757174392936
chr17	chr17	1067	26675000	6.418806805912874e-05	2264	1817	0.1147476495023459	6.315225619281557e-05	6.418806805912874e-05	6.418806805912874e-05	78.0	0.03445229681978799
chr17	chr17	1068	26700000	6.416533465986957e-05	2263	1817	0.10793782500249427	5.940441662217626e-05	6.416533465986957e-05	6.416533465986957e-05	75.0	0.03314184710561202
chr17	chr17	1069	26725000	6.414263057676525e-05	2262	1817	0.09604241760160495	5.285768717754813e-05	6.414263057676525e-05	6.414263057676525e-05	69.0	0.03050397877984085
chr17	chr17	1070	26750000	6.411995574463983e-05	2261	1815	0.11451322166285298	6.309268411176473e-05	6.411995574463983e-05	6.411995574463983e-05	81.0	0.03582485625829279
chr17	chr17	1071	26775000	6.409731009852298e-05	2260	1815	0.09718434662378977	5.354509455856186e-05	6.409731009852298e-05	6.409731009852298e-05	71.0	0.031415929203539826
chr17	chr17	1072	26800000	6.407469357364926e-05	2259	1816	0.09803720837122479	5.3985246900454175e-05	6.407469357364926e-05	6.407469357364926e-05	75.0	0.033200531208499334
chr17	chr17	1073	26825000	6.405556917438061e-05	2258	1817	0.10186613501381764	5.606281508740652e-05	6.405556917438061e-05	6.405556917438061e-05	73.0	0.032329495128432244
chr17	chr17	1074	26850000	6.403646829020573e-05	2257	1818	0.08334611355422342	4.584494694951783e-05	6.403646829020573e-05	6.403646829020573e-05	62.0	0.027470093043863535
chr17	chr17	1075	26875000	6.401739087035628e-05	2256	1818	0.11721421625461206	6.44742663666733e-05	6.401739087035628e-05	6.401739087035628e-05	87.0	0.03856382978723404
chr17	chr17	1076	26900000	6.399833686422054e-05	2255	1819	0.08776172629574525	4.824723820546742e-05	6.399833686422054e-05	6.399833686422054e-05	65.0	0.028824833702882482
chr17	chr17	1077	26925000	6.397930622134297e-05	2254	1819	0.0943859857661096	5.188894214739395e-05	6.397930622134297e-05	6.397930622134297e-05	67.0	0.029724933451641525
chr17	chr17	1078	26950000	6.39602988914234e-05	2253	1817	0.11710581437189924	6.445009046334575e-05	6.39602988914234e-05	6.39602988914234e-05	84.0	0.037283621837549935
chr17	chr17	1079	26975000	6.394131482431662e-05	2252	1815	0.10565630491740191	5.821284017487708e-05	6.394131482431662e-05	6.394131482431662e-05	75.0	0.03330373001776199
chr17	chr17	1080	27000000	6.39223539700314e-05	2251	1815	0.10476771690809847	5.772326000446197e-05	6.39223539700314e-05	6.39223539700314e-05	78.0	0.0346512661039538
chr17	chr17	1081	27025000	6.39034162787304e-05	2250	1815	0.101290078740987	5.5807205917899176e-05	6.39034162787304e-05	6.39034162787304e-05	74.0	0.03288888888888889
chr17	chr17	1082	27050000	6.388450170072895e-05	2249	1813	0.10381024534464789	5.7258822583920514e-05	6.388450170072895e-05	6.388450170072895e-05	78.0	0.03468208092485549
chr17	chr17	1083	27075000	6.386561018649492e-05	2248	1814	0.09199741318054966	5.0715222260501465e-05	6.386561018649492e-05	6.386561018649492e-05	69.0	0.03069395017793594
chr17	chr17	1084	27100000	6.384674168664791e-05	2247	1813	0.0978097096900786	5.3949095251008606e-05	6.384674168664791e-05	6.384674168664791e-05	74.0	0.032932799287939477
chr17	chr17	1085	27125000	6.382789615195865e-05	2246	1812	0.09300713791857802	5.1328442559921646e-05	6.382789615195865e-05	6.382789615195865e-05	66.0	0.029385574354407838
chr17	chr17	1086	27150000	6.380907353334853e-05	2245	1811	0.10475401154679394	5.784318693914629e-05	6.380907353334853e-05	6.380907353334853e-05	80.0	0.035634743875278395
chr17	chr17	1087	27175000	6.379027378188865e-05	2244	1809	0.09921125506220518	5.484314818253465e-05	6.379027378188865e-05	6.379027378188865e-05	77.0	0.03431372549019608
chr17	chr17	1088	27200000	6.377149684879977e-05	2243	1807	0.11019759262893022	6.098372585995032e-05	6.377149684879977e-05	6.377149684879977e-05	82.0	0.036558181007579134
chr17	chr17	1089	27225000	6.375274268545117e-05	2242	1805	0.10623669857488485	5.885689671738773e-05	6.375274268545117e-05	6.375274268545117e-05	72.0	0.032114183764495985
chr17	chr17	1090	27250000	6.373401124336046e-05	2241	1803	0.10770495113381008	5.973652309140881e-05	6.373401124336046e-05	6.373401124336046e-05	80.0	0.035698348951361
chr17	chr17	1091	27275000	6.371530247419274e-05	2240	1801	0.09991698624201244	5.547861534814683e-05	6.371530247419274e-05	6.371530247419274e-05	74.0	0.033035714285714286
chr17	chr17	1092	27300000	6.369661632976017e-05	2239	1800	0.10911713965034808	6.0620633139082265e-05	6.369661632976017e-05	6.369661632976017e-05	81.0	0.036176864671728454
chr17	chr17	1093	27325000	6.367795276202129e-05	2238	1799	0.12160258270122415	6.759454291340975e-05	6.367795276202129e-05	6.367795276202129e-05	85.0	0.03798033958891868
chr17	chr17	1094	27350000	6.365931172308056e-05	2237	1798	0.0974170537169928	5.4180786271964854e-05	6.365931172308056e-05	6.365931172308056e-05	75.0	0.03352704514975414
chr17	chr17	1095	27375000	6.364069316518768e-05	2236	1799	0.10578504203861624	5.8802135652371454e-05	6.364069316518768e-05	6.364069316518768e-05	75.0	0.03354203935599284
chr17	chr17	1096	27400000	6.3622097040737e-05	2235	1800	0.10837273928329245	6.020707737960692e-05	6.3622097040737e-05	6.3622097040737e-05	81.0	0.036241610738255034
chr17	chr17	1097	27425000	6.360352330226707e-05	2234	1800	0.09670996034032911	5.372775574462728e-05	6.360352330226707e-05	6.360352330226707e-05	70.0	0.03133393017009848
chr17	chr17	1098	27450000	6.35882068444819e-05	2233	1798	0.1169539381656784	6.50466841855831e-05	6.35882068444819e-05	6.35882068444819e-05	87.0	0.03896103896103896
chr17	chr17	1099	27475000	6.357290801310848e-05	2232	1798	0.10537805995963341	5.860848718555807e-05	6.357290801310848e-05	6.357290801310848e-05	82.0	0.036738351254480286
chr17	chr17	1100	27500000	6.355762677185107e-05	2231	1799	0.10768183888266343	5.985649743338712e-05	6.355762677185107e-05	6.355762677185107e-05	85.0	0.03809950694755715
chr17	chr17	1101	27525000	6.354236308452177e-05	2230	1799	0.08660706857905459	4.8141783534771867e-05	6.354236308452177e-05	6.354236308452177e-05	69.0	0.03094170403587444
chr17	chr17	1102	27550000	6.352711691503972e-05	2229	1798	0.12322197655808043	6.85328012002672e-05	6.352711691503972e-05	6.352711691503972e-05	89.0	0.03992821893225662
chr17	chr17	1103	27575000	6.351188822743088e-05	2228	1795	0.10555014668252341	5.8802310129539505e-05	6.351188822743088e-05	6.351188822743088e-05	76.0	0.03411131059245961
chr17	chr17	1104	27600000	6.349667698582777e-05	2227	1794	0.10422645046018113	5.80972410591868e-05	6.349667698582777e-05	6.349667698582777e-05	81.0	0.03637180062864841
chr17	chr17	1105	27625000	6.348148315446881e-05	2226	1792	0.08017540429999759	4.474073900669508e-05	6.348148315446881e-05	6.348148315446881e-05	63.0	0.02830188679245283
chr17	chr17	1106	27650000	6.346630669769794e-05	2225	1792	0.10880117198782979	6.0714939725351444e-05	6.346630669769794e-05	6.346630669769794e-05	79.0	0.03550561797752809
chr17	chr17	1107	27675000	6.345114757996442e-05	2224	1792	0.0838382276666253	4.678472526039358e-05	6.345114757996442e-05	6.345114757996442e-05	62.0	0.02787769784172662
chr17	chr17	1108	27700000	6.343600576582213e-05	2223	1792	0.11102215438228916	6.195432722225958e-05	6.343600576582213e-05	6.343600576582213e-05	83.0	0.03733693207377418
chr17	chr17	1109	27725000	6.342088121992952e-05	2222	1790	0.09717146600674594	5.42857351992994e-05	6.342088121992952e-05	6.342088121992952e-05	73.0	0.03285328532853286
chr17	chr17	1110	27750000	6.340577390704874e-05	2221	1789	0.1191118513710113	6.658012932979949e-05	6.340577390704874e-05	6.340577390704874e-05	94.0	0.042323277802791534
chr17	chr17	1111	27775000	6.339068379204575e-05	2220	1788	0.08560616808866843	4.787817007196221e-05	6.339068379204575e-05	6.339068379204575e-05	65.0	0.02927927927927928
chr17	chr17	1112	27800000	6.337561083988958e-05	2219	1789	0.11215485850307605	6.26913686434187e-05	6.337561083988958e-05	6.337561083988958e-05	79.0	0.035601622352410996
chr17	chr17	1113	27825000	6.336055501565198e-05	2218	1789	0.11578640124728184	6.472129751105749e-05	6.336055501565198e-05	6.336055501565198e-05	79.0	0.035617673579801626
chr17	chr17	1114	27850000	6.33455162845072e-05	2217	1789	0.10638608858849566	5.946679071464262e-05	6.33455162845072e-05	6.33455162845072e-05	75.0	0.03382949932341001
chr17	chr17	1115	27875000	6.333049461173142e-05	2216	1787	0.09707901717037108	5.432513551783496e-05	6.333049461173142e-05	6.333049461173142e-05	73.0	0.03294223826714802
chr17	chr17	1116	27900000	6.331548996270244e-05	2215	1787	0.10041372612029992	5.6191228942529334e-05	6.331548996270244e-05	6.331548996270244e-05	70.0	0.03160270880361174
chr17	chr17	1117	27925000	6.330050230289918e-05	2214	1786	0.09339901341578875	5.2295080299993705e-05	6.330050230289918e-05	6.330050230289918e-05	67.0	0.03026196928635953
chr17	chr17	1118	27950000	6.328553159790156e-05	2213	1784	0.09953845415558632	5.579509762084435e-05	6.328553159790156e-05	6.328553159790156e-05	73.0	0.03298689561680976
chr17	chr17	1119	27975000	6.327057781338988e-05	2212	1782	0.08680071993960516	4.8709719382494476e-05	6.327057781338988e-05	6.327057781338988e-05	72.0	0.0325497287522604
chr17	chr17	1120	28000000	6.325564091514438e-05	2211	1778	0.12639082695910414	7.108595442019355e-05	6.325564091514438e-05	6.325564091514438e-05	96.0	0.04341926729986431
chr17	chr17	1121	28025000	6.324072086904508e-05	2210	1776	0.09217771896551678	5.190186878689008e-05	6.324072086904508e-05	6.324072086904508e-05	68.0	0.03076923076923077
chr17	chr17	1122	28050000	6.322581764107134e-05	2209	1774	0.07701526569192492	4.3413340299844936e-05	6.322581764107134e-05	6.322581764107134e-05	56.0	0.025350837483023993
chr17	chr17	1123	28075000	6.321093119730134e-05	2208	1772	0.1299956047291287	7.336095075007263e-05	6.321093119730134e-05	6.321093119730134e-05	93.0	0.042119565217391304
chr17	chr17	1124	28100000	6.319903900893215e-05	2207	1769	0.09973681990074577	5.638033911856743e-05	6.319903900893215e-05	6.319903900893215e-05	73.0	0.03307657453556864
chr17	chr17	1125	28125000	6.318715963045216e-05	2206	1768	0.11388495512743844	6.441456737977288e-05	6.318715963045216e-05	6.318715963045216e-05	81.0	0.03671804170444243
chr17	chr17	1126	28150000	6.317529303669466e-05	2205	1766	0.08910721987798319	5.045708939863148e-05	6.317529303669466e-05	6.317529303669466e-05	68.0	0.030839002267573697
chr17	chr17	1127	28175000	6.316343920256485e-05	2204	1764	0.10577522814758118	5.9963281262801124e-05	6.316343920256485e-05	6.316343920256485e-05	78.0	0.03539019963702359
chr17	chr17	1128	28200000	6.315159810303932e-05	2203	1762	0.09746014537912434	5.53122277974599e-05	6.315159810303932e-05	6.315159810303932e-05	73.0	0.03313663186563777
chr17	chr17	1129	28225000	6.31397697131659e-05	2202	1760	0.09754815927348459	5.542509049629806e-05	6.31397697131659e-05	6.31397697131659e-05	77.0	0.03496821071752952
chr17	chr17	1130	28250000	6.312795400806339e-05	2201	1758	0.0921394359787431	5.241151079564454e-05	6.312795400806339e-05	6.312795400806339e-05	73.0	0.033166742389822805
chr17	chr17	1131	28275000	6.311615096292114e-05	2200	1757	0.12664892536223468	7.208248455448758e-05	6.311615096292114e-05	6.311615096292114e-05	88.0	0.04
chr17	chr17	1132	28300000	6.310436055299903e-05	2199	1756	0.0905284099478176	5.155376420718543e-05	6.310436055299903e-05	6.310436055299903e-05	70.0	0.031832651205093224
chr17	chr17	1133	28325000	6.30925827536271e-05	2198	1755	0.11148997635167743	6.352705205223785e-05	6.30925827536271e-05	6.30925827536271e-05	86.0	0.039126478616924476
chr17	chr17	1134	28350000	6.308081754020512e-05	2197	1755	0.119153043744217	6.789347221892706e-05	6.308081754020512e-05	6.308081754020512e-05	87.0	0.03959945380063723
chr17	chr17	1135	28375000	6.306906488820264e-05	2196	1756	0.0953223182489337	5.428378032399413e-05	6.306906488820264e-05	6.306906488820264e-05	74.0	0.033697632058287796
chr17	chr17	1136	28400000	6.305732477315854e-05	2195	1756	0.1042585389734477	5.937274429011828e-05	6.305732477315854e-05	6.305732477315854e-05	80.0	0.03644646924829157
chr17	chr17	1137	28425000	6.304559717068076e-05	2194	1756	0.10634176962019457	6.0559094316739505e-05	6.304559717068076e-05	6.304559717068076e-05	74.0	0.03372835004557885
chr17	chr17	1138	28450000	6.303388205644624e-05	2193	1756	0.11631918514688001	6.624099381940775e-05	6.303388205644624e-05	6.303388205644624e-05	87.0	0.03967168262653899
chr17	chr17	1139	28475000	6.302217940620033e-05	2192	1755	0.09683885202716969	5.517883306391435e-05	6.302217940620033e-05	6.302217940620033e-05	76.0	0.03467153284671533
chr17	chr17	1140	28500000	6.301048919575683e-05	2191	1753	0.10923970472508035	6.23158612236625e-05	6.301048919575683e-05	6.301048919575683e-05	78.0	0.035600182565038795
chr17	chr17	1141	28525000	6.29988114009977e-05	2190	1751	0.0918024382760654	5.242857697091114e-05	6.29988114009977e-05	6.29988114009977e-05	70.0	0.0319634703196347
chr17	chr17	1142	28550000	6.298714599787259e-05	2189	1750	0.09850852704206667	5.629058688118095e-05	6.298714599787259e-05	6.298714599787259e-05	71.0	0.03243490178163545
chr17	chr17	1143	28575000	6.297549296239893e-05	2188	1747	0.09485638447440162	5.429672837687557e-05	6.297549296239893e-05	6.297549296239893e-05	67.0	0.030621572212065813
chr17	chr17	1144	28600000	6.29638522706613e-05	2187	1745	0.11367129610671892	6.514114390069852e-05	6.29638522706613e-05	6.29638522706613e-05	83.0	0.037951531778692274
chr17	chr17	1145	28625000	6.295222389881151e-05	2186	1744	0.09602957978300336	5.506283244438266e-05	6.295222389881151e-05	6.295222389881151e-05	74.0	0.03385178408051235
chr17	chr17	1146	28650000	6.294060782306817e-05	2185	1744	0.10375861109182764	5.9494616451736035e-05	6.294060782306817e-05	6.294060782306817e-05	79.0	0.036155606407322655
chr17	chr17	1147	28675000	6.292900401971659e-05	2184	1743	0.09904194786657866	5.6822689539058324e-05	6.292900401971659e-05	6.292900401971659e-05	73.0	0.033424908424908424
chr17	chr17	1148	28700000	6.291741246510829e-05	2183	1743	0.09370665141398499	5.376170476992828e-05	6.291741246510829e-05	6.291741246510829e-05	70.0	0.0320659642693541
chr17	chr17	1149	28725000	6.290583313566103e-05	2182	1744	0.09714743451504984	5.570380419440931e-05	6.290583313566103e-05	6.290583313566103e-05	70.0	0.032080659945004586
chr17	chr17	1150	28750000	6.289426600785832e-05	2181	1744	0.09680386540287475	5.550680355669424e-05	6.289426600785832e-05	6.289426600785832e-05	72.0	0.033012379642365884
chr17	chr17	1151	28775000	6.288529812321628e-05	2180	1744	0.1150290724464678	6.595703695324989e-05	6.288529812321628e-05	6.288529812321628e-05	88.0	0.04036697247706422
chr17	chr17	1152	28800000	6.287633930361327e-05	2179	1742	0.09902808057158885	5.684734820412678e-05	6.287633930361327e-05	6.287633930361327e-05	68.0	0.031206975676916018
chr17	chr17	1153	28825000	6.286738953202894e-05	2178	1742	0.11790466396716351	6.768350399951981e-05	6.286738953202894e-05	6.286738953202894e-05	91.0	0.04178145087235996
chr17	chr17	1154	28850000	6.285844879148981e-05	2177	1740	0.08550635556166693	4.914158365613042e-05	6.285844879148981e-05	6.285844879148981e-05	62.0	0.02847955902618282
chr17	chr17	1155	28875000	6.284951706506867e-05	2176	1736	0.12325220838507955	7.099781589002279e-05	6.284951706506867e-05	6.284951706506867e-05	84.0	0.03860294117647059
chr17	chr17	1156	28900000	6.28405943358849e-05	2175	1734	0.07439915454138611	4.290608681740837e-05	6.28405943358849e-05	6.28405943358849e-05	56.0	0.02574712643678161
chr17	chr17	1157	28925000	6.283168058710388e-05	2174	1734	0.0837906748341822	4.8322188485687543e-05	6.283168058710388e-05	6.283168058710388e-05	61.0	0.028058877644894203
chr17	chr17	1158	28950000	6.282277580193709e-05	2173	1733	0.07613936247082809	4.393500431092215e-05	6.282277580193709e-05	6.282277580193709e-05	56.0	0.02577082374597331
chr17	chr17	1159	28975000	6.281387996364184e-05	2172	1733	0.09431827573006828	5.4424856162763e-05	6.281387996364184e-05	6.281387996364184e-05	72.0	0.03314917127071823
chr17	chr17	1160	29000000	6.280499305552112e-05	2171	1730	0.108969238360857	6.298799905251849e-05	6.280499305552112e-05	6.280499305552112e-05	81.0	0.037309995393827726
chr17	chr17	1161	29025000	6.279611506092338e-05	2170	1729	0.10770107533020642	6.229096317536519e-05	6.279611506092338e-05	6.279611506092338e-05	85.0	0.03917050691244239
chr17	chr17	1162	29050000	6.27872459632426e-05	2169	1728	0.0879967603326069	5.0924051118406765e-05	6.27872459632426e-05	6.27872459632426e-05	66.0	0.030428769017980636
chr17	chr17	1163	29075000	6.277838574591781e-05	2168	1728	0.08917354173583016	5.160505887490171e-05	6.277838574591781e-05	6.277838574591781e-05	68.0	0.03136531365313653
chr17	chr17	1164	29100000	6.276953439243305e-05	2167	1726	0.1073955549028675	6.222222184407154e-05	6.276953439243305e-05	6.276953439243305e-05	81.0	0.0373788647900323
chr17	chr17	1165	29125000	6.276069188631738e-05	2166	1723	0.10826056705763352	6.283259840837698e-05	6.276069188631738e-05	6.276069188631738e-05	77.0	0.035549399815327794
chr17	chr17	1166	29150000	6.275185821114443e-05	2165	1721	0.10550357154795811	6.130364413013255e-05	6.275185821114443e-05	6.275185821114443e-05	79.0	0.03648960739030023
chr17	chr17	1167	29175000	6.274303335053242e-05	2164	1720	0.07776417544054245	4.5211729907292124e-05	6.274303335053242e-05	6.274303335053242e-05	62.0	0.02865064695009242
chr17	chr17	1168	29200000	6.2734217288144e-05	2163	1717	0.10242307971481011	5.965234695096687e-05	6.2734217288144e-05	6.2734217288144e-05	73.0	0.03374942209893666
chr17	chr17	1169	29225000	6.27254100076861e-05	2162	1716	0.0906342872895952	5.281718373519534e-05	6.27254100076861e-05	6.27254100076861e-05	69.0	0.031914893617021274
chr17	chr17	1170	29250000	6.271661149290953e-05	2161	1716	0.10424052124895997	6.074622450405593e-05	6.271661149290953e-05	6.271661149290953e-05	79.0	0.036557149467838966
chr17	chr17	1171	29275000	6.270782172760928e-05	2160	1714	0.07926697844102518	4.62467785536903e-05	6.270782172760928e-05	6.270782172760928e-05	62.0	0.028703703703703703
chr17	chr17	1172	29300000	6.26990406956239e-05	2159	1712	0.10865429794135033	6.346629552648968e-05	6.26990406956239e-05	6.26990406956239e-05	81.0	0.03751736915238536
chr17	chr17	1173	29325000	6.269026838083562e-05	2158	1712	0.09116920291419758	5.325303908539579e-05	6.269026838083562e-05	6.269026838083562e-05	72.0	0.033364226135310475
chr17	chr17	1174	29350000	6.268150476717014e-05	2157	1713	0.08877848218406459	5.182631767896357e-05	6.268150476717014e-05	6.268150476717014e-05	64.0	0.0296708391284191
chr17	chr17	1175	29375000	6.267274983859651e-05	2156	1712	0.08858755480361716	5.174506705818759e-05	6.267274983859651e-05	6.267274983859651e-05	66.0	0.030612244897959183
chr17	chr17	1176	29400000	6.266400357912678e-05	2155	1710	0.08398219614017063	4.911239540360856e-05	6.266400357912678e-05	6.266400357912678e-05	58.0	0.02691415313225058
chr17	chr17	1177	29425000	6.265526597281619e-05	2154	1707	0.08199915911466502	4.8037000067173414e-05	6.265526597281619e-05	6.265526597281619e-05	65.0	0.030176415970287838
chr17	chr17	1178	29450000	6.264868365317938e-05	2153	1710	0.0762304858244606	4.4579231476292745e-05	6.264868365317938e-05	6.264868365317938e-05	60.0	0.02786809103576405
chr17	chr17	1179	29475000	6.264210760951337e-05	2152	1709	0.10632743395540631	6.221616966378368e-05	6.264210760951337e-05	6.264210760951337e-05	76.0	0.03531598513011153
chr17	chr17	1180	29500000	6.263553783051874e-05	2151	1708	0.10750917149471895	6.294447979784482e-05	6.263553783051874e-05	6.263553783051874e-05	82.0	0.03812180381218038
chr17	chr17	1181	29525000	6.2628974304926e-05	2150	1707	0.07237413100713634	4.23984364423763e-05	6.2628974304926e-05	6.2628974304926e-05	56.0	0.026046511627906978
chr17	chr17	1182	29550000	6.262241702149535e-05	2149	1708	0.1019695968469779	5.970116911415568e-05	6.262241702149535e-05	6.262241702149535e-05	74.0	0.034434620753839
chr17	chr17	1183	29575000	6.261586596901691e-05	2148	1707	0.1042783575278895	6.108866873338576e-05	6.261586596901691e-05	6.261586596901691e-05	68.0	0.03165735567970205
chr17	chr17	1184	29600000	6.260932113631014e-05	2147	1708	0.09959581690895077	5.831136821367141e-05	6.260932113631014e-05	6.260932113631014e-05	72.0	0.033535165346995806
chr17	chr17	1185	29625000	6.260278251222411e-05	2146	1707	0.08611048412190561	5.0445509151672885e-05	6.260278251222411e-05	6.260278251222411e-05	69.0	0.03215284249767009
chr17	chr17	1186	29650000	6.259625008563725e-05	2145	1707	0.09240047048690529	5.4130328346165956e-05	6.259625008563725e-05	6.259625008563725e-05	71.0	0.0331002331002331
chr17	chr17	1187	29675000	6.258972384545723e-05	2144	1706	0.08975218734628794	5.260972294624146e-05	6.258972384545723e-05	6.258972384545723e-05	69.0	0.032182835820895525
chr17	chr17	1188	29700000	6.258320378062105e-05	2143	1706	0.08922620649065904	5.2301410604137774e-05	6.258320378062105e-05	6.258320378062105e-05	73.0	0.03406439570695287
chr17	chr17	1189	29725000	6.257668988009456e-05	2142	1705	0.07465371956721668	4.3785172766696005e-05	6.257668988009456e-05	6.257668988009456e-05	55.0	0.025676937441643323
chr17	chr17	1190	29750000	6.257018213287273e-05	2141	1705	0.09847642713242279	5.775743526828316e-05	6.257018213287273e-05	6.257018213287273e-05	73.0	0.03409621672115834
chr17	chr17	1191	29775000	6.256368052797932e-05	2140	1704	0.09664293352971304	5.671533657847009e-05	6.256368052797932e-05	6.256368052797932e-05	72.0	0.03364485981308411
chr17	chr17	1192	29800000	6.255718505446698e-05	2139	1703	0.11683244311753327	6.86039008323742e-05	6.255718505446698e-05	6.255718505446698e-05	77.0	0.035998129967274424
chr17	chr17	1193	29825000	6.255069570141691e-05	2138	1701	0.08710309005133562	5.120699003605857e-05	6.255069570141691e-05	6.255069570141691e-05	65.0	0.0304022450888681
chr17	chr17	1194	29850000	6.254421245793897e-05	2137	1701	0.10142676317056926	5.962772673166917e-05	6.254421245793897e-05	6.254421245793897e-05	74.0	0.03462798315395414
chr17	chr17	1195	29875000	6.253773531317148e-05	2136	1699	0.07372791461130593	4.339488794073333e-05	6.253773531317148e-05	6.253773531317148e-05	59.0	0.02762172284644195
chr17	chr17	1196	29900000	6.253126425628106e-05	2135	1698	0.09782337152344736	5.761093729296075e-05	6.253126425628106e-05	6.253126425628106e-05	73.0	0.034192037470725994
chr17	chr17	1197	29925000	6.252479927646279e-05	2134	1697	0.11358955754939268	6.693550827895856e-05	6.252479927646279e-05	6.252479927646279e-05	74.0	0.03467666354264293
chr17	chr17	1198	29950000	6.251834036293978e-05	2133	1693	0.08142823004686611	4.8097005343689376e-05	6.251834036293978e-05	6.251834036293978e-05	60.0	0.02812939521800281
chr17	chr17	1199	29975000	6.25118875049632e-05	2132	1691	0.09832986492035892	5.814894436449374e-05	6.25118875049632e-05	6.25118875049632e-05	79.0	0.037054409005628515
chr17	chr17	1200	30000000	6.250544069181232e-05	2131	1688	0.09165234710229059	5.429641416012476e-05	6.250544069181232e-05	6.250544069181232e-05	73.0	0.0342562177381511
chr17	chr17	1201	30025000	6.249899991279435e-05	2130	1685	0.11298110658007643	6.705110182793853e-05	6.249899991279435e-05	6.249899991279435e-05	83.0	0.03896713615023474
chr17	chr17	1202	30050000	6.249256515724405e-05	2129	1683	0.09888458755231497	5.8754953982361836e-05	6.249256515724405e-05	6.249256515724405e-05	68.0	0.03193987787693753
chr17	chr17	1203	30075000	6.248613641452419e-05	2128	1682	0.08886023144252689	5.2830101927780554e-05	6.248613641452419e-05	6.248613641452419e-05	67.0	0.03148496240601504
chr17	chr17	1204	30100000	6.247971367402494e-05	2127	1680	0.11423511428321972	6.799709183524983e-05	6.247971367402494e-05	6.247971367402494e-05	78.0	0.036671368124118475
chr17	chr17	1205	30125000	6.247329692516404e-05	2126	1679	0.097568465129627	5.811105725409589e-05	6.247329692516404e-05	6.247329692516404e-05	73.0	0.03433678269049859
chr17	chr17	1206	30150000	6.246858968305447e-05	2125	1680	0.08144597825960229	4.847974896404898e-05	6.246858968305447e-05	6.246858968305447e-05	60.0	0.02823529411764706
chr17	chr17	1207	30175000	6.24638866967544e-05	2124	1680	0.10587972516546681	6.302364593182548e-05	6.24638866967544e-05	6.24638866967544e-05	77.0	0.036252354048964215
chr17	chr17	1208	30200000	6.245918795889494e-05	2123	1681	0.08217477051147881	4.888445598541274e-05	6.245918795889494e-05	6.245918795889494e-05	59.0	0.027790861987753178
chr17	chr17	1209	30225000	6.245449346212611e-05	2122	1677	0.09439064610888567	5.628541807327709e-05	6.245449346212611e-05	6.245449346212611e-05	70.0	0.03298774740810556
chr17	chr17	1210	30250000	6.244980319911673e-05	2121	1676	0.09234403947571951	5.509787558217154e-05	6.244980319911673e-05	6.244980319911673e-05	71.0	0.033474776049033476
chr17	chr17	1211	30275000	6.244511716255433e-05	2120	1675	0.11305011219982763	6.749260429840455e-05	6.244511716255433e-05	6.244511716255433e-05	79.0	0.037264150943396225
chr17	chr17	1212	30300000	6.244043534514503e-05	2119	1674	0.10377122398583723	6.198997848616322e-05	6.244043534514503e-05	6.244043534514503e-05	72.0	0.033978291647003306
chr17	chr17	1213	30325000	6.243575773961368e-05	2118	1672	0.08093344479118045	4.840517032965338e-05	6.243575773961368e-05	6.243575773961368e-05	61.0	0.028800755429650614
chr17	chr17	1214	30350000	6.243108433870342e-05	2117	1672	0.08803022994442353	5.2649659057669574e-05	6.243108433870342e-05	6.243108433870342e-05	60.0	0.02834199338686821
chr17	chr17	1215	30375000	6.242641513517617e-05	2116	1671	0.08128912667124621	4.86469938188188e-05	6.242641513517617e-05	6.242641513517617e-05	60.0	0.02835538752362949
chr17	chr17	1216	30400000	6.2421750121812e-05	2115	1671	0.0986198199948044	5.9018444042372475e-05	6.2421750121812e-05	6.2421750121812e-05	72.0	0.03404255319148936
chr17	chr17	1217	30425000	6.241708929140941e-05	2114	1671	0.0904521261062419	5.413053626944458e-05	6.241708929140941e-05	6.241708929140941e-05	61.0	0.028855250709555344
chr17	chr17	1218	30450000	6.24124326367853e-05	2113	1671	0.09897228560553165	5.9229374988349276e-05	6.24124326367853e-05	6.24124326367853e-05	76.0	0.035967818267865596
chr17	chr17	1219	30475000	6.240778015077455e-05	2112	1671	0.09575443078860339	5.730366893393381e-05	6.240778015077455e-05	6.240778015077455e-05	73.0	0.034564393939393936
chr17	chr17	1220	30500000	6.240313182623037e-05	2111	1670	0.10092159907721335	6.043209525581638e-05	6.240313182623037e-05	6.240313182623037e-05	76.0	0.03600189483657035
chr17	chr17	1221	30525000	6.239848765602402e-05	2110	1670	0.09843821438639397	5.894503855472693e-05	6.239848765602402e-05	6.239848765602402e-05	76.0	0.03601895734597156
chr17	chr17	1222	30550000	6.239384763304485e-05	2109	1671	0.07521290883291656	4.501071743442044e-05	6.239384763304485e-05	6.239384763304485e-05	57.0	0.02702702702702703
chr17	chr17	1223	30575000	6.23892117502001e-05	2108	1671	0.10010357909520687	5.9906390840937683e-05	6.23892117502001e-05	6.23892117502001e-05	78.0	0.03700189753320683
chr17	chr17	1224	30600000	6.2384580000415e-05	2107	1671	0.10286255986581085	6.155748645470427e-05	6.2384580000415e-05	6.2384580000415e-05	71.0	0.03369719981015662
chr17	chr17	1225	30625000	6.23799523766325e-05	2106	1671	0.09308280751940512	5.570485189671162e-05	6.23799523766325e-05	6.23799523766325e-05	70.0	0.03323836657169991
chr17	chr17	1226	30650000	6.237532887181356e-05	2105	1673	0.09531176924696964	5.697057336937815e-05	6.237532887181356e-05	6.237532887181356e-05	77.0	0.03657957244655582
chr17	chr17	1227	30675000	6.23707094789368e-05	2104	1673	0.10272328934264585	6.140065113128862e-05	6.23707094789368e-05	6.23707094789368e-05	85.0	0.040399239543726234
chr17	chr17	1228	30700000	6.23660941909984e-05	2103	1674	0.11523719368754834	6.883942275241837e-05	6.23660941909984e-05	6.23660941909984e-05	84.0	0.039942938659058486
chr17	chr17	1229	30725000	6.236148300101231e-05	2102	1674	0.06674733741098736	3.987296141636043e-05	6.236148300101231e-05	6.236148300101231e-05	54.0	0.025689819219790674
chr17	chr17	1230	30750000	6.235687590200991e-05	2101	1675	0.10352277769921428	6.180464340251599e-05	6.235687590200991e-05	6.235687590200991e-05	77.0	0.03664921465968586
chr17	chr17	1231	30775000	6.235227288704029e-05	2100	1674	0.08083560936422632	4.8288894482811424e-05	6.235227288704029e-05	6.235227288704029e-05	67.0	0.03190476190476191
chr17	chr17	1232	30800000	6.234767394916966e-05	2099	1674	0.10832406021767174	6.470971339167965e-05	6.234767394916966e-05	6.234767394916966e-05	81.0	0.03858980466888995
chr17	chr17	1233	30825000	6.2343079081482e-05	2098	1672	0.10206405786527584	6.10430968093755e-05	6.2343079081482e-05	6.2343079081482e-05	73.0	0.03479504289799809
chr17	chr17	1234	30850000	6.233848827707829e-05	2097	1669	0.10537824311025648	6.313855189350299e-05	6.233848827707829e-05	6.233848827707829e-05	78.0	0.03719599427753934
chr17	chr17	1235	30875000	6.233510947124493e-05	2096	1666	0.08482208851576375	5.091361855688101e-05	6.233510947124493e-05	6.233510947124493e-05	67.0	0.03196564885496183
chr17	chr17	1236	30900000	6.233173358309204e-05	2095	1663	0.12130848964684024	7.294557405101639e-05	6.233173358309204e-05	6.233173358309204e-05	90.0	0.04295942720763723
chr17	chr17	1237	30925000	6.232836060774267e-05	2094	1662	0.10832322839746383	6.517643104540544e-05	6.232836060774267e-05	6.232836060774267e-05	80.0	0.038204393505253106
chr17	chr17	1238	30950000	6.232499054033188e-05	2093	1660	0.11936218361472486	7.190492988838847e-05	6.232499054033188e-05	6.232499054033188e-05	86.0	0.04108934543717153
chr17	chr17	1239	30975000	6.232162337600671e-05	2092	1658	0.08363467858200345	5.044311132810823e-05	6.232162337600671e-05	6.232162337600671e-05	56.0	0.02676864244741874
chr17	chr17	1240	31000000	6.231825910992644e-05	2091	1656	0.08936845983717623	5.396646125433347e-05	6.231825910992644e-05	6.231825910992644e-05	65.0	0.031085604973696796
chr17	chr17	1241	31025000	6.2314897737262e-05	2090	1654	0.08255699577380934	4.991354037110601e-05	6.2314897737262e-05	6.2314897737262e-05	64.0	0.03062200956937799
chr17	chr17	1242	31050000	6.231153925319655e-05	2089	1653	0.09736235953232047	5.890039899111946e-05	6.231153925319655e-05	6.231153925319655e-05	72.0	0.03446625179511728
chr17	chr17	1243	31075000	6.230818365292489e-05	2088	1651	0.09501587158419335	5.755049762822129e-05	6.230818365292489e-05	6.230818365292489e-05	71.0	0.034003831417624523
chr17	chr17	1244	31100000	6.230483093165385e-05	2087	1649	0.09174802581282404	5.563858448321652e-05	6.230483093165385e-05	6.230483093165385e-05	71.0	0.0340201245807379
chr17	chr17	1245	31125000	6.230148108460202e-05	2086	1647	0.09056311893627202	5.498671459397208e-05	6.230148108460202e-05	6.230148108460202e-05	70.0	0.03355704697986577
chr17	chr17	1246	31150000	6.229813410699967e-05	2085	1645	0.08695927367195755	5.286278034769456e-05	6.229813410699967e-05	6.229813410699967e-05	68.0	0.03261390887290168
chr17	chr17	1247	31175000	6.229478999408891e-05	2084	1644	0.09993469505304137	6.078752740452638e-05	6.229478999408891e-05	6.229478999408891e-05	73.0	0.03502879078694818
chr17	chr17	1248	31200000	6.229144874112353e-05	2083	1644	0.11503878349531951	6.997492913340603e-05	6.229144874112353e-05	6.229144874112353e-05	84.0	0.040326452232357174
chr17	chr17	1249	31225000	6.228811034336899e-05	2082	1643	0.0796388951949129	4.8471634324353566e-05	6.228811034336899e-05	6.228811034336899e-05	60.0	0.02881844380403458
chr17	chr17	1250	31250000	6.228477479610235e-05	2081	1641	0.09818334876005153	5.983141301648478e-05	6.228477479610235e-05	6.228477479610235e-05	76.0	0.03652090341182124
chr17	chr17	1251	31275000	6.228144209461222e-05	2080	1641	0.11012600100841966	6.710908044388766e-05	6.228144209461222e-05	6.228144209461222e-05	79.0	0.03798076923076923
chr17	chr17	1252	31300000	6.227811223419878e-05	2079	1640	0.09661126393816873	5.890930727937117e-05	6.227811223419878e-05	6.227811223419878e-05	71.0	0.034151034151034154
chr17	chr17	1253	31325000	6.227478521017374e-05	2078	1639	0.08112365823978741	4.949582564965675e-05	6.227478521017374e-05	6.227478521017374e-05	67.0	0.03224254090471607
chr17	chr17	1254	31350000	6.22714610178603e-05	2077	1638	0.09230463204092271	5.635203421301753e-05	6.22714610178603e-05	6.22714610178603e-05	71.0	0.034183919114106884
chr17	chr17	1255	31375000	6.226813965259305e-05	2076	1636	0.0948878391029522	5.799990165217127e-05	6.226813965259305e-05	6.226813965259305e-05	67.0	0.03227360308285164
chr17	chr17	1256	31400000	6.226482110971795e-05	2075	1636	0.11343473026561401	6.93366321916956e-05	6.226482110971795e-05	6.226482110971795e-05	80.0	0.03855421686746988
chr17	chr17	1257	31425000	6.226150538459234e-05	2074	1635	0.08171735053318274	4.9980030907145406e-05	6.226150538459234e-05	6.226150538459234e-05	55.0	0.02651880424300868
chr17	chr17	1258	31450000	6.225819247258492e-05	2073	1634	0.11286022146885812	6.906990297971732e-05	6.225819247258492e-05	6.225819247258492e-05	76.0	0.036661842739990354
chr17	chr17	1259	31475000	6.22548823690757e-05	2072	1634	0.1094434655255189	6.6978865070697e-05	6.22548823690757e-05	6.22548823690757e-05	72.0	0.03474903474903475
chr17	chr17	1260	31500000	6.225157506945582e-05	2071	1634	0.10463422565567118	6.403563381620023e-05	6.225157506945582e-05	6.225157506945582e-05	78.0	0.03766296475132786
chr17	chr17	1261	31525000	6.224827056912774e-05	2070	1631	0.1007103066523593	6.174758225159982e-05	6.224827056912774e-05	6.224827056912774e-05	76.0	0.03671497584541063
chr17	chr17	1262	31550000	6.224496886350509e-05	2069	1629	0.09909426908593603	6.083134996067283e-05	6.224496886350509e-05	6.224496886350509e-05	79.0	0.03818269695505075
chr17	chr17	1263	31575000	6.22416699480125e-05	2068	1629	0.11719717610294518	7.194424561261215e-05	6.22416699480125e-05	6.22416699480125e-05	84.0	0.04061895551257253
chr17	chr17	1264	31600000	6.223909111408872e-05	2067	1629	0.08310933967357587	5.101862472288267e-05	6.223909111408872e-05	6.223909111408872e-05	61.0	0.029511369134010642
chr17	chr17	1265	31625000	6.22365144262963e-05	2066	1630	0.09947379428249356	6.102686765797151e-05	6.22365144262963e-05	6.22365144262963e-05	71.0	0.03436592449177154
chr17	chr17	1266	31650000	6.223393988115459e-05	2065	1628	0.127062251721872	7.804806616822605e-05	6.223393988115459e-05	6.223393988115459e-05	84.0	0.04067796610169491
chr17	chr17	1267	31675000	6.22313674751916e-05	2064	1628	0.09071371747833783	5.5720956682025695e-05	6.22313674751916e-05	6.22313674751916e-05	72.0	0.03488372093023256
chr17	chr17	1268	31700000	6.22287972049437e-05	2063	1626	0.10322842288352856	6.34861149345194e-05	6.22287972049437e-05	6.22287972049437e-05	75.0	0.036354823073194376
chr17	chr17	1269	31725000	6.222622906695537e-05	2062	1626	0.0988438004766127	6.07895451885687e-05	6.222622906695537e-05	6.222622906695537e-05	70.0	0.03394762366634336
chr17	chr17	1270	31750000	6.222366305777968e-05	2061	1626	0.08723195920811021	5.364819139490173e-05	6.222366305777968e-05	6.222366305777968e-05	69.0	0.033478893740902474
chr17	chr17	1271	31775000	6.222109917397775e-05	2060	1626	0.10790304216169323	6.636103453978673e-05	6.222109917397775e-05	6.222109917397775e-05	77.0	0.03737864077669903
chr17	chr17	1272	31800000	6.221853741211902e-05	2059	1624	0.10196538328183284	6.27865660602419e-05	6.221853741211902e-05	6.221853741211902e-05	77.0	0.03739679456046625
chr17	chr17	1273	31825000	6.221597776878124e-05	2058	1623	0.08502329224962259	5.2386501694160556e-05	6.221597776878124e-05	6.221597776878124e-05	63.0	0.030612244897959183
chr17	chr17	1274	31850000	6.221342024055032e-05	2057	1622	0.10718425802586398	6.608154008992848e-05	6.221342024055032e-05	6.221342024055032e-05	74.0	0.03597472046669908
chr17	chr17	1275	31875000	6.221086482402031e-05	2056	1622	0.08297002279294964	5.1152911709586706e-05	6.221086482402031e-05	6.221086482402031e-05	65.0	0.0316147859922179
chr17	chr17	1276	31900000	6.220831151579341e-05	2055	1620	0.08493996835156306	5.243207922935991e-05	6.220831151579341e-05	6.220831151579341e-05	62.0	0.03017031630170316
chr17	chr17	1277	31925000	6.220576031248001e-05	2054	1619	0.09807252535127016	6.0575988481328076e-05	6.220576031248001e-05	6.220576031248001e-05	66.0	0.03213242453748783
chr17	chr17	1278	31950000	6.220321121069854e-05	2053	1619	0.10631482565888406	6.566697075903895e-05	6.220321121069854e-05	6.220321121069854e-05	80.0	0.03896736483195324
chr17	chr17	1279	31975000	6.220066420707547e-05	2052	1618	0.09343864879230555	5.774947391366227e-05	6.220066420707547e-05	6.220066420707547e-05	71.0	0.034600389863547756
chr17	chr17	1280	32000000	6.219811929824548e-05	2051	1616	0.10345986608749486	6.402219436107355e-05	6.219811929824548e-05	6.219811929824548e-05	75.0	0.036567528035104824
chr17	chr17	1281	32025000	6.219557648085106e-05	2050	1614	0.09383677398346058	5.8139265169430345e-05	6.219557648085106e-05	6.219557648085106e-05	77.0	0.037560975609756096
chr17	chr17	1282	32050000	6.219303575154283e-05	2049	1613	0.09251138892672305	5.7353619917373244e-05	6.219303575154283e-05	6.219303575154283e-05	66.0	0.032210834553440704
chr17	chr17	1283	32075000	6.219049710697941e-05	2048	1610	0.09173447260247022	5.697793329345977e-05	6.219049710697941e-05	6.219049710697941e-05	71.0	0.03466796875
chr17	chr17	1284	32100000	6.218796054382724e-05	2047	1610	0.09289586866258245	5.7699297305951834e-05	6.218796054382724e-05	6.218796054382724e-05	71.0	0.034684904738641914
chr17	chr17	1285	32125000	6.21854260587607e-05	2046	1609	0.09554262298118024	5.938012615362352e-05	6.21854260587607e-05	6.21854260587607e-05	73.0	0.03567937438905181
chr17	chr17	1286	32150000	6.218289364846218e-05	2045	1608	0.11102738372138732	6.904688042374833e-05	6.218289364846218e-05	6.218289364846218e-05	82.0	0.040097799511002445
chr17	chr17	1287	32175000	6.218036330962185e-05	2044	1607	0.10295087868549932	6.40640190948969e-05	6.218036330962185e-05	6.218036330962185e-05	73.0	0.03571428571428571
chr17	chr17	1288	32200000	6.217783503893779e-05	2043	1606	0.08295358819463736	5.1652296509736834e-05	6.217783503893779e-05	6.217783503893779e-05	64.0	0.03132648066568772
chr17	chr17	1289	32225000	6.217530883311581e-05	2042	1605	0.10475158219267744	6.526578329761834e-05	6.217530883311581e-05	6.217530883311581e-05	76.0	0.03721841332027424
chr17	chr17	1290	32250000	6.217278468886957e-05	2041	1604	0.08780808409690247	5.474319457412872e-05	6.217278468886957e-05	6.217278468886957e-05	69.0	0.033806957373836356
chr17	chr17	1291	32275000	6.217026260292051e-05	2040	1603	0.0876940439282824	5.47062033239441e-05	6.217026260292051e-05	6.217026260292051e-05	56.0	0.027450980392156862
chr17	chr17	1292	32300000	6.216774257199787e-05	2039	1602	0.0972508839022622	6.07059200388653e-05	6.216774257199787e-05	6.216774257199787e-05	75.0	0.03678273663560569
chr17	chr17	1293	32325000	6.216522459283847e-05	2038	1601	0.10654752705657423	6.655061027893456e-05	6.216522459283847e-05	6.216522459283847e-05	79.0	0.03876349362119725
chr17	chr17	1294	32350000	6.216295986278643e-05	2037	1600	0.07621958169748298	4.7637238560926864e-05	6.216295986278643e-05	6.216295986278643e-05	57.0	0.027982326951399118
chr17	chr17	1295	32375000	6.21606969646467e-05	2036	1599	0.10874574310402087	6.80085948117704e-05	6.21606969646467e-05	6.21606969646467e-05	83.0	0.04076620825147348
chr17	chr17	1296	32400000	6.215843589552463e-05	2035	1599	0.09204886467803597	5.756651949845902e-05	6.215843589552463e-05	6.215843589552463e-05	70.0	0.0343980343980344
chr17	chr17	1297	32425000	6.215617665253233e-05	2034	1597	0.11097157883468287	6.948752588270687e-05	6.215617665253233e-05	6.215617665253233e-05	74.0	0.03638151425762045
chr17	chr17	1298	32450000	6.21539192327886e-05	2033	1597	0.10291610666261558	6.44433980354512e-05	6.21539192327886e-05	6.21539192327886e-05	78.0	0.038366945400885394
chr17	chr17	1299	32475000	6.215166363341924e-05	2032	1596	0.10417699459819142	6.527380613921769e-05	6.215166363341924e-05	6.215166363341924e-05	71.0	0.034940944881889764
chr17	chr17	1300	32500000	6.214940985155642e-05	2031	1594	0.10013764327256888	6.28216080756392e-05	6.214940985155642e-05	6.214940985155642e-05	73.0	0.035942885278188084
chr17	chr17	1301	32525000	6.214715788433947e-05	2030	1592	0.11074085759840747	6.95608402000047e-05	6.214715788433947e-05	6.214715788433947e-05	74.0	0.03645320197044335
chr17	chr17	1302	32550000	6.214490772891411e-05	2029	1592	0.09294985794636546	5.838558916228986e-05	6.214490772891411e-05	6.214490772891411e-05	67.0	0.03302119270576639
chr17	chr17	1303	32575000	6.214265938243268e-05	2028	1591	0.12650556219421305	7.951323833702894e-05	6.214265938243268e-05	6.214265938243268e-05	85.0	0.041913214990138066
chr17	chr17	1304	32600000	6.214041284205451e-05	2027	1590	0.11003063225084907	6.920165550367866e-05	6.214041284205451e-05	6.214041284205451e-05	81.0	0.03996053280710409
chr17	chr17	1305	32625000	6.213816810494534e-05	2026	1589	0.08290767269628947	5.217600547280646e-05	6.213816810494534e-05	6.213816810494534e-05	65.0	0.032082922013820334
chr17	chr17	1306	32650000	6.213592516827744e-05	2025	1588	0.08975585440114187	5.652131889240672e-05	6.213592516827744e-05	6.213592516827744e-05	71.0	0.03506172839506173
chr17	chr17	1307	32675000	6.213368402922987e-05	2024	1587	0.11318816006085458	7.132209203582519e-05	6.213368402922987e-05	6.213368402922987e-05	79.0	0.03903162055335968
chr17	chr17	1308	32700000	6.213144468498823e-05	2023	1586	0.10341095510920628	6.520236766028139e-05	6.213144468498823e-05	6.213144468498823e-05	80.0	0.039545229856648545
chr17	chr17	1309	32725000	6.212920713274451e-05	2022	1586	0.09532976792929646	6.010704156954379e-05	6.212920713274451e-05	6.212920713274451e-05	73.0	0.0361028684470821
chr17	chr17	1310	32750000	6.212697136969751e-05	2021	1586	0.10421999482970058	6.57124809771126e-05	6.212697136969751e-05	6.212697136969751e-05	75.0	0.03711034141514102
chr17	chr17	1311	32775000	6.212473739305224e-05	2020	1586	0.08618988457031573	5.434418951470097e-05	6.212473739305224e-05	6.212473739305224e-05	62.0	0.030693069306930693
chr17	chr17	1312	32800000	6.21225052000204e-05	2019	1586	0.09182763809503668	5.7898889088926024e-05	6.21225052000204e-05	6.21225052000204e-05	66.0	0.03268945022288262
chr17	chr17	1313	32825000	6.212027478782019e-05	2018	1585	0.11236079397373279	7.089009083516264e-05	6.212027478782019e-05	6.212027478782019e-05	86.0	0.04261645193260654
chr17	chr17	1314	32850000	6.211804615367605e-05	2017	1584	0.1072972192407656	6.77381434600793e-05	6.211804615367605e-05	6.211804615367605e-05	81.0	0.04015865146256817
chr17	chr17	1315	32875000	6.211581929481908e-05	2016	1582	0.10630447821927397	6.719625677577368e-05	6.211581929481908e-05	6.211581929481908e-05	73.0	0.036210317460317464
chr17	chr17	1316	32900000	6.211359420848665e-05	2015	1579	0.09035341041328374	5.722191919777311e-05	6.211359420848665e-05	6.211359420848665e-05	67.0	0.03325062034739454
chr17	chr17	1317	32925000	6.211137089192269e-05	2014	1579	0.12938817653007204	8.194311369858901e-05	6.211137089192269e-05	6.211137089192269e-05	92.0	0.04568023833167825
chr17	chr17	1318	32950000	6.210914934237729e-05	2013	1577	0.10155868939982077	6.43999298667221e-05	6.210914934237729e-05	6.210914934237729e-05	76.0	0.037754595131644315
chr17	chr17	1319	32975000	6.210692955710699e-05	2012	1578	0.08636976964133661	5.473369432277352e-05	6.210692955710699e-05	6.210692955710699e-05	59.0	0.029324055666003976
chr17	chr17	1320	33000000	6.210471153337469e-05	2011	1578	0.09440420544566351	5.982522525073733e-05	6.210471153337469e-05	6.210471153337469e-05	67.0	0.033316757831924414
chr17	chr17	1321	33025000	6.210249526844966e-05	2010	1577	0.10187682719417523	6.460166594430896e-05	6.210249526844966e-05	6.210249526844966e-05	72.0	0.03582089552238806
chr17	chr17	1322	33050000	6.210028075960731e-05	2009	1575	0.1152094727387227	7.314887158014139e-05	6.210028075960731e-05	6.210028075960731e-05	75.0	0.03733200597312095
chr17	chr17	1323	33075000	6.209806800412944e-05	2008	1576	0.12355195194277191	7.839590859312939e-05	6.209806800412944e-05	6.209806800412944e-05	82.0	0.04083665338645418
chr17	chr17	1324	33100000	6.209585699930408e-05	2007	1576	0.08791665893170757	5.5784682063266225e-05	6.209585699930408e-05	6.209585699930408e-05	62.0	0.03089187842551071
chr17	chr17	1325	33125000	6.209345555861252e-05	2006	1573	0.10309721849432363	6.554177908094318e-05	6.209345555861252e-05	6.209345555861252e-05	74.0	0.036889332003988036
chr17	chr17	1326	33150000	6.209105602241163e-05	2005	1572	0.08196856368568742	5.2142852217358406e-05	6.209105602241163e-05	6.209105602241163e-05	58.0	0.02892768079800499
chr17	chr17	1327	33175000	6.208865838775651e-05	2004	1573	0.09750044349624376	6.198375301731962e-05	6.208865838775651e-05	6.208865838775651e-05	70.0	0.03493013972055888
chr17	chr17	1328	33200000	6.208626265170905e-05	2003	1572	0.07489761119862992	4.7644790838823105e-05	6.208626265170905e-05	6.208626265170905e-05	54.0	0.02695956065901148
chr17	chr17	1329	33225000	6.208386881133773e-05	2002	1570	0.1037404474194491	6.607671810155994e-05	6.208386881133773e-05	6.208386881133773e-05	77.0	0.038461538461538464
chr17	chr17	1330	33250000	6.208147686371788e-05	2001	1569	0.09569425641170577	6.0990603194203804e-05	6.208147686371788e-05	6.208147686371788e-05	72.0	0.035982008995502246
chr17	chr17	1331	33275000	6.207908680593156e-05	2000	1568	0.10195567785532245	6.502275373426176e-05	6.207908680593156e-05	6.207908680593156e-05	74.0	0.037
chr17	chr17	1332	33300000	6.207669863506743e-05	1999	1568	0.08820778245254701	5.625496329881825e-05	6.207669863506743e-05	6.207669863506743e-05	65.0	0.03251625812906453
chr17	chr17	1333	33325000	6.207431234822087e-05	1998	1567	0.10493990214148188	6.696866760783783e-05	6.207431234822087e-05	6.207431234822087e-05	73.0	0.03653653653653654
chr17	chr17	1334	33350000	6.207192794249385e-05	1997	1566	0.08861205759766327	5.658496653746058e-05	6.207192794249385e-05	6.207192794249385e-05	64.0	0.03204807210816224
chr17	chr17	1335	33375000	6.206954541499506e-05	1996	1565	0.0895681144528921	5.7232022014627545e-05	6.206954541499506e-05	6.206954541499506e-05	67.0	0.03356713426853707
chr17	chr17	1336	33400000	6.206716476283979e-05	1995	1563	0.08701272613816252	5.5670330222752735e-05	6.206716476283979e-05	6.206716476283979e-05	68.0	0.034085213032581455
chr17	chr17	1337	33425000	6.206478598314975e-05	1994	1561	0.1096174377004498	7.022257379913504e-05	6.206478598314975e-05	6.206478598314975e-05	80.0	0.04012036108324975
chr17	chr17	1338	33450000	6.206240907305337e-05	1993	1560	0.0672411032077045	4.310327128699007e-05	6.206240907305337e-05	6.206240907305337e-05	56.0	0.02809834420471651
chr17	chr17	1339	33475000	6.206003402968566e-05	1992	1559	0.10033274971164591	6.435711976372412e-05	6.206003402968566e-05	6.206003402968566e-05	77.0	0.038654618473895584
chr17	chr17	1340	33500000	6.2057660850188e-05	1991	1558	0.11395776346969887	7.314362225269504e-05	6.2057660850188e-05	6.2057660850188e-05	80.0	0.04018081366147665
chr17	chr17	1341	33525000	6.205528953170838e-05	1990	1557	0.1005315436887731	6.456746543916062e-05	6.205528953170838e-05	6.205528953170838e-05	71.0	0.035678391959798994
chr17	chr17	1342	33550000	6.205292007140133e-05	1989	1556	0.07848273243578649	5.043877405898875e-05	6.205292007140133e-05	6.205292007140133e-05	64.0	0.03217697335344394
chr17	chr17	1343	33575000	6.205055246642775e-05	1988	1555	0.10853324015705311	6.979629592093448e-05	6.205055246642775e-05	6.205055246642775e-05	73.0	0.036720321931589535
chr17	chr17	1344	33600000	6.204818671395494e-05	1987	1554	0.0698341246686258	4.493830416256487e-05	6.204818671395494e-05	6.204818671395494e-05	50.0	0.025163563160543533
chr17	chr17	1345	33625000	6.204582281115678e-05	1986	1553	0.08397272277449766	5.407129605569714e-05	6.204582281115678e-05	6.204582281115678e-05	61.0	0.030715005035246726
chr17	chr17	1346	33650000	6.204346075521346e-05	1985	1552	0.07739561507658017	4.9868308683363515e-05	6.204346075521346e-05	6.204346075521346e-05	58.0	0.029219143576826197
chr17	chr17	1347	33675000	6.204110054331158e-05	1984	1551	0.10196343664181673	6.574044915655496e-05	6.204110054331158e-05	6.204110054331158e-05	77.0	0.03881048387096774
chr17	chr17	1348	33700000	6.203874217264409e-05	1983	1550	0.07697854851116159	4.966357968462038e-05	6.203874217264409e-05	6.203874217264409e-05	54.0	0.02723146747352496
chr17	chr17	1349	33725000	6.203638564041034e-05	1982	1549	0.10718575298924521	6.91967417619401e-05	6.203638564041034e-05	6.203638564041034e-05	75.0	0.037840565085771945
chr17	chr17	1350	33750000	6.203403094381599e-05	1981	1548	0.09626655723160972	6.218769847003212e-05	6.203403094381599e-05	6.203403094381599e-05	76.0	0.03836446239273095
chr17	chr17	1351	33775000	6.203167808007302e-05	1980	1548	0.09217254479303318	5.9542987592398696e-05	6.203167808007302e-05	6.203167808007302e-05	72.0	0.03636363636363636
chr17	chr17	1352	33800000	6.202932704639969e-05	1979	1547	0.08175504085856282	5.284747308245819e-05	6.202932704639969e-05	6.202932704639969e-05	61.0	0.030823648307225872
chr17	chr17	1353	33825000	6.202697784002051e-05	1978	1546	0.08345583694054458	5.3981783273314736e-05	6.202697784002051e-05	6.202697784002051e-05	65.0	0.03286147623862487
chr17	chr17	1354	33850000	6.202463045816632e-05	1977	1545	0.07350305553859954	4.757479322886701e-05	6.202463045816632e-05	6.202463045816632e-05	57.0	0.028831562974203338
chr17	chr17	1355	33875000	6.202228489807406e-05	1976	1544	0.07628689162605055	4.9408608566094916e-05	6.202228489807406e-05	6.202228489807406e-05	54.0	0.027327935222672066
chr17	chr17	1356	33900000	6.20193513798767e-05	1975	1542	0.0944174075075671	6.123048476495921e-05	6.20193513798767e-05	6.20193513798767e-05	68.0	0.034430379746835445
chr17	chr17	1357	33925000	6.201642016283926e-05	1974	1541	0.08817516980048498	5.7219448280652164e-05	6.201642016283926e-05	6.201642016283926e-05	62.0	0.031408308004052685
chr17	chr17	1358	33950000	6.201349124346282e-05	1973	1540	0.06426392841018488	4.17298236429772e-05	6.201349124346282e-05	6.201349124346282e-05	51.0	0.025848960973137353
chr17	chr17	1359	33975000	6.201056461825639e-05	1972	1539	0.09640246880029518	6.26396808319007e-05	6.201056461825639e-05	6.201056461825639e-05	71.0	0.03600405679513185
chr17	chr17	1360	34000000	6.20076402837368e-05	1971	1538	0.08514006233257287	5.535764781051552e-05	6.20076402837368e-05	6.20076402837368e-05	65.0	0.03297818366311517
chr17	chr17	1361	34025000	6.200471823642885e-05	1970	1537	0.08791858786957826	5.720142346752001e-05	6.200471823642885e-05	6.200471823642885e-05	65.0	0.03299492385786802
chr17	chr17	1362	34050000	6.200179847286497e-05	1969	1537	0.08880964228057367	5.7781159583977666e-05	6.200179847286497e-05	6.200179847286497e-05	62.0	0.03148806500761808
chr17	chr17	1363	34075000	6.199888098958552e-05	1968	1537	0.08526590953962504	5.547554296657452e-05	6.199888098958552e-05	6.199888098958552e-05	62.0	0.031504065040650404
chr17	chr17	1364	34100000	6.199596578313862e-05	1967	1536	0.10458562931746995	6.808960242022783e-05	6.199596578313862e-05	6.199596578313862e-05	74.0	0.03762074224707677
chr17	chr17	1365	34125000	6.19930528500802e-05	1966	1535	0.08545623358778578	5.56718134122383e-05	6.19930528500802e-05	6.19930528500802e-05	63.0	0.03204476093591048
chr17	chr17	1366	34150000	6.199014218697375e-05	1965	1535	0.09480778702916987	6.176403063789568e-05	6.199014218697375e-05	6.199014218697375e-05	71.0	0.036132315521628496
chr17	chr17	1367	34175000	6.198723379039059e-05	1964	1535	0.10025219163736791	6.531087403085858e-05	6.198723379039059e-05	6.198723379039059e-05	70.0	0.035641547861507125
chr17	chr17	1368	34200000	6.198432765690966e-05	1963	1535	0.12815700988861198	8.348990872222278e-05	6.198432765690966e-05	6.198432765690966e-05	91.0	0.046357615894039736
chr17	chr17	1369	34225000	6.19814237831177e-05	1962	1534	0.08628489664755551	5.6248302899319106e-05	6.19814237831177e-05	6.19814237831177e-05	62.0	0.03160040774719674
chr17	chr17	1370	34250000	6.197852216560886e-05	1961	1533	0.07577617421968294	4.94299897062511e-05	6.197852216560886e-05	6.197852216560886e-05	54.0	0.027536970933197347
chr17	chr17	1371	34275000	6.197562280098508e-05	1960	1531	0.10856725213143062	7.091264019035311e-05	6.197562280098508e-05	6.197562280098508e-05	77.0	0.039285714285714285
chr17	chr17	1372	34300000	6.197272568585584e-05	1959	1528	0.09255939941070472	6.0575523174544975e-05	6.197272568585584e-05	6.197272568585584e-05	62.0	0.03164880040837162
chr17	chr17	1373	34325000	6.19698308168382e-05	1958	1525	0.10760921142664837	7.056341732894975e-05	6.19698308168382e-05	6.19698308168382e-05	81.0	0.04136874361593463
chr17	chr17	1374	34350000	6.196693819055668e-05	1957	1524	0.0750112692470775	4.9219992944276576e-05	6.196693819055668e-05	6.196693819055668e-05	55.0	0.02810424118548799
chr17	chr17	1375	34375000	6.196404780364348e-05	1956	1523	0.0815932895624417	5.357405749339573e-05	6.196404780364348e-05	6.196404780364348e-05	58.0	0.02965235173824131
chr17	chr17	1376	34400000	6.196115965273823e-05	1955	1522	0.06075322227501541	3.991670320303246e-05	6.196115965273823e-05	6.196115965273823e-05	47.0	0.02404092071611253
chr17	chr17	1377	34425000	6.195827373448788e-05	1954	1521	0.09353966582419397	6.149879409874686e-05	6.195827373448788e-05	6.195827373448788e-05	72.0	0.0368474923234391
chr17	chr17	1378	34450000	6.195539004554718e-05	1953	1520	0.10100063402302288	6.644778554146243e-05	6.195539004554718e-05	6.195539004554718e-05	78.0	0.039938556067588324
chr17	chr17	1379	34475000	6.195250858257805e-05	1952	1519	0.0879996071204894	5.793259191605622e-05	6.195250858257805e-05	6.195250858257805e-05	62.0	0.031762295081967214
chr17	chr17	1380	34500000	6.194962934224985e-05	1951	1518	0.08816895936295766	5.8082318420920725e-05	6.194962934224985e-05	6.194962934224985e-05	62.0	0.03177857508969759
chr17	chr17	1381	34525000	6.194675232123942e-05	1950	1517	0.08432287459676385	5.5585283188374325e-05	6.194675232123942e-05	6.194675232123942e-05	61.0	0.03128205128205128
chr17	chr17	1382	34550000	6.194387751623089e-05	1949	1516	0.09320439771665162	6.148047342787046e-05	6.194387751623089e-05	6.194387751623089e-05	71.0	0.03642893791688045
chr17	chr17	1383	34575000	6.194100492391587e-05	1948	1515	0.08935272531515101	5.897869657765743e-05	6.194100492391587e-05	6.194100492391587e-05	65.0	0.033367556468172486
chr17	chr17	1384	34600000	6.193813454099314e-05	1947	1514	0.09179137823888497	6.062838721194516e-05	6.193813454099314e-05	6.193813454099314e-05	69.0	0.03543913713405239
chr17	chr17	1385	34625000	6.193526636416881e-05	1946	1513	0.0871308022468853	5.758810459146418e-05	6.193526636416881e-05	6.193526636416881e-05	64.0	0.0328879753340185
chr17	chr17	1386	34650000	6.193240039015646e-05	1945	1513	0.07330190807349124	4.844805556740994e-05	6.193240039015646e-05	6.193240039015646e-05	53.0	0.02724935732647815
chr17	chr17	1387	34675000	6.192953661567664e-05	1944	1512	0.11613591651277325	7.680946859310399e-05	6.192953661567664e-05	6.192953661567664e-05	78.0	0.040123456790123455
chr17	chr17	1388	34700000	6.192572725565628e-05	1943	1511	0.10396525883437019	6.880559816966922e-05	6.192572725565628e-05	6.192572725565628e-05	74.0	0.03808543489449305
chr17	chr17	1389	34725000	6.192192087320883e-05	1942	1511	0.08443981393437097	5.588339770640038e-05	6.192192087320883e-05	6.192192087320883e-05	59.0	0.03038105046343975
chr17	chr17	1390	34750000	6.191811746386565e-05	1941	1510	0.09594941385917075	6.35426581848813e-05	6.191811746386565e-05	6.191811746386565e-05	65.0	0.033487892838742914
chr17	chr17	1391	34775000	6.191431702316808e-05	1940	1508	0.08623855858017122	5.718737306377402e-05	6.191431702316808e-05	6.191431702316808e-05	66.0	0.03402061855670103
chr17	chr17	1392	34800000	6.191051954666733e-05	1939	1507	0.10800982962386163	7.16720833602267e-05	6.191051954666733e-05	6.191051954666733e-05	78.0	0.040226921093347086
chr17	chr17	1393	34825000	6.190672502992454e-05	1938	1507	0.08955137729712959	5.942360802729236e-05	6.190672502992454e-05	6.190672502992454e-05	67.0	0.03457172342621259
chr17	chr17	1394	34850000	6.190293346851054e-05	1937	1506	0.09416970451783302	6.252968427478952e-05	6.190293346851054e-05	6.190293346851054e-05	70.0	0.036138358286009295
chr17	chr17	1395	34875000	6.189914485800611e-05	1936	1505	0.12230616760323845	8.12665565470023e-05	6.189914485800611e-05	6.189914485800611e-05	91.0	0.04700413223140496
chr17	chr17	1396	34900000	6.18953591940017e-05	1935	1504	0.10177083342709395	6.766677754461033e-05	6.18953591940017e-05	6.18953591940017e-05	80.0	0.041343669250646
chr17	chr17	1397	34925000	6.18915764720975e-05	1934	1503	0.07601306255868828	5.0574226585953614e-05	6.18915764720975e-05	6.18915764720975e-05	56.0	0.028955532574974147
chr17	chr17	1398	34950000	6.188779668790345e-05	1933	1502	0.07826798822119041	5.210917990758349e-05	6.188779668790345e-05	6.188779668790345e-05	59.0	0.030522503879979308
chr17	chr17	1399	34975000	6.188401983703922e-05	1932	1501	0.08585475538083155	5.719837133966126e-05	6.188401983703922e-05	6.188401983703922e-05	66.0	0.034161490683229816
chr17	chr17	1400	35000000	6.1880245915134e-05	1931	1500	0.06618360291749589	4.412240194499726e-05	6.1880245915134e-05	6.1880245915134e-05	53.0	0.027446918694976695
chr17	chr17	1401	35025000	6.187647491782673e-05	1930	1499	0.08532702899666625	5.692263442072465e-05	6.187647491782673e-05	6.187647491782673e-05	67.0	0.03471502590673575
chr17	chr17	1402	35050000	6.187270684076592e-05	1929	1499	0.12057240862812522	8.04352292382423e-05	6.187270684076592e-05	6.187270684076592e-05	81.0	0.041990668740279936
chr17	chr17	1403	35075000	6.186894167960971e-05	1928	1498	0.0796185621764386	5.314990799495234e-05	6.186894167960971e-05	6.186894167960971e-05	63.0	0.032676348547717844
chr17	chr17	1404	35100000	6.186517943002557e-05	1927	1499	0.09887845629588776	6.596294616136608e-05	6.186517943002557e-05	6.186517943002557e-05	72.0	0.03736377789309808
chr17	chr17	1405	35125000	6.186142008769073e-05	1926	1498	0.09396489690503537	6.272690047065111e-05	6.186142008769073e-05	6.186142008769073e-05	73.0	0.03790238836967809
chr17	chr17	1406	35150000	6.185766364829187e-05	1925	1497	0.08712320454568973	5.819853343065446e-05	6.185766364829187e-05	6.185766364829187e-05	59.0	0.03064935064935065
chr17	chr17	1407	35175000	6.185391010752499e-05	1924	1495	0.1151519293050304	7.702470187627452e-05	6.185391010752499e-05	6.185391010752499e-05	85.0	0.04417879417879418
chr17	chr17	1408	35200000	6.185015946109559e-05	1923	1494	0.08716738341180943	5.834496881647218e-05	6.185015946109559e-05	6.185015946109559e-05	66.0	0.0343213728549142
chr17	chr17	1409	35225000	6.18464117047187e-05	1922	1494	0.09601256768425714	6.426544021703959e-05	6.18464117047187e-05	6.18464117047187e-05	68.0	0.03537981269510926
chr17	chr17	1410	35250000	6.184266683411854e-05	1921	1495	0.08897198974438686	5.951303661831897e-05	6.184266683411854e-05	6.184266683411854e-05	66.0	0.03435710567412806
chr17	chr17	1411	35275000	6.183892484502877e-05	1920	1492	0.08686146847980009	5.8218142412734644e-05	6.183892484502877e-05	6.183892484502877e-05	64.0	0.03333333333333333
chr17	chr17	1412	35300000	6.183518573319241e-05	1919	1493	0.1084647343458107	7.264885086792412e-05	6.183518573319241e-05	6.183518573319241e-05	78.0	0.04064616988014591
chr17	chr17	1413	35325000	6.18314494943618e-05	1918	1492	0.09338679946150347	6.259168864712028e-05	6.18314494943618e-05	6.18314494943618e-05	69.0	0.03597497393117831
chr17	chr17	1414	35350000	6.182771612429841e-05	1917	1491	0.09632642473461696	6.46052479776103e-05	6.182771612429841e-05	6.182771612429841e-05	72.0	0.03755868544600939
chr17	chr17	1415	35375000	6.182398561877309e-05	1916	1490	0.09611494439751662	6.450667409229303e-05	6.182398561877309e-05	6.182398561877309e-05	70.0	0.03653444676409186
chr17	chr17	1416	35400000	6.18202579735658e-05	1915	1490	0.07639360797740313	5.127087783718331e-05	6.18202579735658e-05	6.18202579735658e-05	60.0	0.031331592689295036
chr17	chr17	1417	35425000	6.181653318446588e-05	1914	1489	0.09855015624210631	6.618546423244211e-05	6.181653318446588e-05	6.181653318446588e-05	76.0	0.03970741901776385
chr17	chr17	1418	35450000	6.181281124727148e-05	1913	1487	0.1102413834234986	7.413677432649536e-05	6.181281124727148e-05	6.181281124727148e-05	82.0	0.04286461055933089
chr17	chr17	1419	35475000	6.180909215779035e-05	1912	1487	0.1380539317783796	9.284057281666416e-05	6.180909215779035e-05	6.180909215779035e-05	97.0	0.05073221757322176
chr17	chr17	1420	35500000	6.180537591183896e-05	1911	1486	0.10317999174564033	6.943471853677007e-05	6.180537591183896e-05	6.180537591183896e-05	74.0	0.03872318158032444
chr17	chr17	1421	35525000	6.180040514755222e-05	1910	1485	0.0869089075625929	5.852451687716693e-05	6.180040514755222e-05	6.180040514755222e-05	67.0	0.03507853403141361
chr17	chr17	1422	35550000	6.179543827946751e-05	1909	1484	0.0871075721483907	5.86978248978374e-05	6.179543827946751e-05	6.179543827946751e-05	69.0	0.03614457831325301
chr17	chr17	1423	35575000	6.179047530179414e-05	1908	1482	0.08162133103089128	5.507512215309803e-05	6.179047530179414e-05	6.179047530179414e-05	61.0	0.0319706498951782
chr17	chr17	1424	35600000	6.178551620875416e-05	1907	1481	0.10281541376467365	6.94229667553502e-05	6.178551620875416e-05	6.178551620875416e-05	75.0	0.03932878867330886
chr17	chr17	1425	35625000	6.178056099458218e-05	1906	1481	0.061859593014521985	4.1768800144849416e-05	6.178056099458218e-05	6.178056099458218e-05	48.0	0.025183630640083946
chr17	chr17	1426	35650000	6.177560965352544e-05	1905	1481	0.11461374785747758	7.738943136899228e-05	6.177560965352544e-05	6.177560965352544e-05	81.0	0.04251968503937008
chr17	chr17	1427	35675000	6.177066217984371e-05	1904	1481	0.09140188912099707	6.171633296488661e-05	6.177066217984371e-05	6.177066217984371e-05	71.0	0.037289915966386554
chr17	chr17	1428	35700000	6.176571856780933e-05	1903	1482	0.09936104651641374	6.704524056438173e-05	6.176571856780933e-05	6.176571856780933e-05	75.0	0.0394114555964267
chr17	chr17	1429	35725000	6.176077881170713e-05	1902	1481	0.10806614132256559	7.296836010976744e-05	6.176077881170713e-05	6.176077881170713e-05	79.0	0.04153522607781283
chr17	chr17	1430	35750000	6.175584290583426e-05	1901	1480	0.11223437927042174	7.583404004758225e-05	6.175584290583426e-05	6.175584290583426e-05	80.0	0.04208311415044713
chr17	chr17	1431	35775000	6.175091084450056e-05	1900	1480	0.09717675725804914	6.565997112030348e-05	6.175091084450056e-05	6.175091084450056e-05	72.0	0.037894736842105266
chr17	chr17	1432	35800000	6.174598262202788e-05	1899	1479	0.1032262524993394	6.979462643633495e-05	6.174598262202788e-05	6.174598262202788e-05	80.0	0.042127435492364404
chr17	chr17	1433	35825000	6.174105823275074e-05	1898	1478	0.12992156951536432	8.790363296032768e-05	6.174105823275074e-05	6.174105823275074e-05	94.0	0.04952581664910432
chr17	chr17	1434	35850000	6.173613767101576e-05	1897	1477	0.11810918567727298	7.996559626084832e-05	6.173613767101576e-05	6.173613767101576e-05	88.0	0.04638903531892462
chr17	chr17	1435	35875000	6.173122093118195e-05	1896	1476	0.10481257700872115	7.101123103571893e-05	6.173122093118195e-05	6.173122093118195e-05	77.0	0.04061181434599156
chr17	chr17	1436	35900000	6.172630800762057e-05	1895	1475	0.09347929133951868	6.337579073865673e-05	6.172630800762057e-05	6.172630800762057e-05	68.0	0.035883905013192614
chr17	chr17	1437	35925000	6.17213988947149e-05	1894	1474	0.08891687887680741	6.0323527053465e-05	6.17213988947149e-05	6.17213988947149e-05	69.0	0.036430834213305174
chr17	chr17	1438	35950000	6.17164935868606e-05	1893	1473	0.07932009336145705	5.384935055088734e-05	6.17164935868606e-05	6.17164935868606e-05	59.0	0.03116745905969361
chr17	chr17	1439	35975000	6.171159207846538e-05	1892	1472	0.08176520393214379	5.5547013540858554e-05	6.171159207846538e-05	6.171159207846538e-05	62.0	0.03276955602536998
chr17	chr17	1440	36000000	6.170669436394902e-05	1891	1470	0.10827797799402952	7.36584884313126e-05	6.170669436394902e-05	6.170669436394902e-05	82.0	0.04336329984135378
chr17	chr17	1441	36025000	6.170180043774337e-05	1890	1469	0.08779869116044445	5.976765906088798e-05	6.170180043774337e-05	6.170180043774337e-05	61.0	0.032275132275132276
chr17	chr17	1442	36050000	6.169691029429238e-05	1889	1469	0.0942494934209728	6.415894718922587e-05	6.169691029429238e-05	6.169691029429238e-05	65.0	0.03440974060349391
chr17	chr17	1443	36075000	6.169202392805193e-05	1888	1468	0.10043720423871898	6.841771405907288e-05	6.169202392805193e-05	6.169202392805193e-05	67.0	0.03548728813559322
chr17	chr17	1444	36100000	6.168714133348992e-05	1887	1467	0.0803951356716477	5.480241013745583e-05	6.168714133348992e-05	6.168714133348992e-05	63.0	0.033386327503974564
chr17	chr17	1445	36125000	6.168226250508601e-05	1886	1467	0.09250577071799945	6.305778508384421e-05	6.168226250508601e-05	6.168226250508601e-05	68.0	0.036055143160127257
chr17	chr17	1446	36150000	6.167738743733199e-05	1885	1468	0.07548039955666397	5.1417165910534035e-05	6.167738743733199e-05	6.167738743733199e-05	56.0	0.029708222811671087
chr17	chr17	1447	36175000	6.16725161247313e-05	1884	1469	0.10614347541892077	7.225559933214484e-05	6.16725161247313e-05	6.16725161247313e-05	81.0	0.042993630573248405
chr17	chr17	1448	36200000	6.166764856179936e-05	1883	1469	0.08714954283624479	5.932576095047297e-05	6.166764856179936e-05	6.166764856179936e-05	66.0	0.03505045140732873
chr17	chr17	1449	36225000	6.166278474306332e-05	1882	1470	0.0937160769979877	6.375243333196442e-05	6.166278474306332e-05	6.166278474306332e-05	72.0	0.03825717321997875
chr17	chr17	1450	36250000	6.165792466306207e-05	1881	1470	0.0773742774566057	5.2635562895650135e-05	6.165792466306207e-05	6.165792466306207e-05	60.0	0.03189792663476874
chr17	chr17	1451	36275000	6.16530683163462e-05	1880	1470	0.11071782520682749	7.53182484400187e-05	6.16530683163462e-05	6.16530683163462e-05	82.0	0.043617021276595745
chr17	chr17	1452	36300000	6.164821569747812e-05	1879	1470	0.07895091577338911	5.3708105968291916e-05	6.164821569747812e-05	6.164821569747812e-05	57.0	0.03033528472591804
chr17	chr17	1453	36325000	6.164336680103179e-05	1878	1469	0.08802257598768909	5.992006534219815e-05	6.164336680103179e-05	6.164336680103179e-05	62.0	0.03301384451544196
chr17	chr17	1454	36350000	6.163852162159274e-05	1877	1467	0.09962742367198152	6.791235424129619e-05	6.163852162159274e-05	6.163852162159274e-05	72.0	0.038359083644112946
chr17	chr17	1455	36375000	6.163219294796499e-05	1876	1466	0.11174872698991045	7.622696247606442e-05	6.163219294796499e-05	6.163219294796499e-05	78.0	0.04157782515991471
chr17	chr17	1456	36400000	6.162586927156798e-05	1875	1465	0.10325509719640191	7.048129501460882e-05	6.162586927156798e-05	6.162586927156798e-05	79.0	0.042133333333333335
chr17	chr17	1457	36425000	6.161955058502776e-05	1874	1464	0.089059825846016	6.0833214375693993e-05	6.161955058502776e-05	6.161955058502776e-05	69.0	0.0368196371398079
chr17	chr17	1458	36450000	6.161323688098628e-05	1873	1463	0.0951714139626442	6.505223100659207e-05	6.161323688098628e-05	6.161323688098628e-05	66.0	0.03523758675920982
chr17	chr17	1459	36475000	6.160692815210127e-05	1872	1462	0.10066792510184978	6.88563099191859e-05	6.160692815210127e-05	6.160692815210127e-05	71.0	0.037927350427350424
chr17	chr17	1460	36500000	6.160062439104645e-05	1871	1461	0.10140667322277129	6.940908502585304e-05	6.160062439104645e-05	6.160062439104645e-05	74.0	0.03955104222340994
chr17	chr17	1461	36525000	6.159432559051124e-05	1870	1461	0.07508276169244155	5.1391349549925764e-05	6.159432559051124e-05	6.159432559051124e-05	56.0	0.029946524064171122
chr17	chr17	1462	36550000	6.158803174320092e-05	1869	1461	0.07602063958292654	5.20332919801003e-05	6.158803174320092e-05	6.158803174320092e-05	53.0	0.02835741037988229
chr17	chr17	1463	36575000	6.158174284183633e-05	1868	1461	0.09978717644783552	6.83005998958491e-05	6.158174284183633e-05	6.158174284183633e-05	74.0	0.03961456102783726
chr17	chr17	1464	36600000	6.15754588791541e-05	1867	1461	0.09488858265537538	6.494769517821724e-05	6.15754588791541e-05	6.15754588791541e-05	68.0	0.03642206748794858
chr17	chr17	1465	36625000	6.15691798479064e-05	1866	1461	0.09121653205148857	6.243431351915713e-05	6.15691798479064e-05	6.15691798479064e-05	73.0	0.03912111468381565
chr17	chr17	1466	36650000	6.156290574086106e-05	1865	1461	0.11166256580532247	7.642886092082304e-05	6.156290574086106e-05	6.156290574086106e-05	80.0	0.04289544235924933
chr17	chr17	1467	36675000	6.155663655080132e-05	1864	1461	0.11012673826809537	7.537764426289895e-05	6.155663655080132e-05	6.155663655080132e-05	81.0	0.04345493562231759
chr17	chr17	1468	36700000	6.155037227052599e-05	1863	1461	0.12171638608814662	8.331032586457675e-05	6.155037227052599e-05	6.155037227052599e-05	88.0	0.04723564143853999
chr17	chr17	1469	36725000	6.154411289284934e-05	1862	1461	0.09363368934752421	6.408876752055045e-05	6.154411289284934e-05	6.154411289284934e-05	73.0	0.03920515574650913
chr17	chr17	1470	36750000	6.153785841060103e-05	1861	1461	0.10458500261045328	7.158453292981059e-05	6.153785841060103e-05	6.153785841060103e-05	77.0	0.04137560451370231
chr17	chr17	1471	36775000	6.153160881662592e-05	1860	1461	0.08557343446955012	5.857182373001378e-05	6.153160881662592e-05	6.153160881662592e-05	68.0	0.03655913978494624
chr17	chr17	1472	36800000	6.152536410378443e-05	1859	1461	0.11039445644274597	7.556088736669814e-05	6.152536410378443e-05	6.152536410378443e-05	82.0	0.04410973641742873
chr17	chr17	1473	36825000	6.15191242649521e-05	1858	1461	0.08073092184274773	5.525730447826675e-05	6.15191242649521e-05	6.15191242649521e-05	62.0	0.03336921420882669
chr17	chr17	1474	36850000	6.151288929301979e-05	1857	1461	0.09427837997143826	6.453003420358539e-05	6.151288929301979e-05	6.151288929301979e-05	71.0	0.03823371028540657
chr17	chr17	1475	36875000	6.150665918089335e-05	1856	1460	0.08879075796657487	6.081558764833895e-05	6.150665918089335e-05	6.150665918089335e-05	65.0	0.03502155172413793
chr17	chr17	1476	36900000	6.1500433921494e-05	1855	1461	0.10713043495413399	7.332678641624503e-05	6.1500433921494e-05	6.1500433921494e-05	74.0	0.039892183288409704
chr17	chr17	1477	36925000	6.149421350775795e-05	1854	1461	0.09448469994805678	6.467125253118191e-05	6.149421350775795e-05	6.149421350775795e-05	71.0	0.038295577130528585
chr17	chr17	1478	36950000	6.148799793263643e-05	1853	1460	0.10963467698098582	7.509224450752453e-05	6.148799793263643e-05	6.148799793263643e-05	78.0	0.042093901780895844
chr17	chr17	1479	36975000	6.148178718909574e-05	1852	1460	0.0903573852433037	6.188862002966006e-05	6.148178718909574e-05	6.148178718909574e-05	67.0	0.036177105831533475
chr17	chr17	1480	37000000	6.147558127011723e-05	1851	1459	0.10579590774957745	7.251261668922375e-05	6.147558127011723e-05	6.147558127011723e-05	80.0	0.04321988114532685
chr17	chr17	1481	37025000	6.146938016869701e-05	1850	1458	0.10850746992029452	7.442213300431722e-05	6.146938016869701e-05	6.146938016869701e-05	79.0	0.042702702702702704
chr17	chr17	1482	37050000	6.146318387784624e-05	1849	1457	0.09807401061985624	6.731229280703928e-05	6.146318387784624e-05	6.146318387784624e-05	73.0	0.03948080043266631
chr17	chr17	1483	37075000	6.145699239059074e-05	1848	1455	0.08486422217954165	5.83259258965922e-05	6.145699239059074e-05	6.145699239059074e-05	63.0	0.03409090909090909
chr17	chr17	1484	37100000	6.145080569997133e-05	1847	1454	0.11639411744950631	8.005097486210888e-05	6.145080569997133e-05	6.145080569997133e-05	83.0	0.04493773687060097
chr17	chr17	1485	37125000	6.14446237990434e-05	1846	1453	0.08795052048721269	6.053029627475065e-05	6.14446237990434e-05	6.14446237990434e-05	70.0	0.03791982665222102
chr17	chr17	1486	37150000	6.143844668087732e-05	1845	1452	0.09027536614186385	6.217311717759219e-05	6.143844668087732e-05	6.143844668087732e-05	67.0	0.036314363143631435
chr17	chr17	1487	37175000	6.143227433855783e-05	1844	1452	0.11216705436110053	7.725003743877447e-05	6.143227433855783e-05	6.143227433855783e-05	87.0	0.04718004338394794
chr17	chr17	1488	37200000	6.14261067651846e-05	1843	1451	0.11501839384069026	7.926836239882169e-05	6.14261067651846e-05	6.14261067651846e-05	87.0	0.04720564297341291
chr17	chr17	1489	37225000	6.141829145726276e-05	1842	1450	0.09830848033700576	6.77989519565557e-05	6.141829145726276e-05	6.141829145726276e-05	75.0	0.04071661237785016
chr17	chr17	1490	37250000	6.141048238962388e-05	1841	1449	0.10216691415491017	7.050856739469301e-05	6.141048238962388e-05	6.141048238962388e-05	75.0	0.04073872895165671
chr17	chr17	1491	37275000	6.140267955310215e-05	1840	1447	0.094483375400441	6.529604381509399e-05	6.140267955310215e-05	6.140267955310215e-05	73.0	0.03967391304347826
chr17	chr17	1492	37300000	6.139488293855138e-05	1839	1446	0.09073024611572988	6.274567504545635e-05	6.139488293855138e-05	6.139488293855138e-05	65.0	0.03534529635671561
chr17	chr17	1493	37325000	6.138709253684491e-05	1838	1445	0.1152547786213709	7.976109247153696e-05	6.138709253684491e-05	6.138709253684491e-05	86.0	0.046789989118607184
chr17	chr17	1494	37350000	6.137930833887575e-05	1837	1445	0.11406276548419295	7.893616988525463e-05	6.137930833887575e-05	6.137930833887575e-05	83.0	0.045182362547632006
chr17	chr17	1495	37375000	6.1371530335556e-05	1836	1443	0.11190834837703875	7.755256297785084e-05	6.1371530335556e-05	6.1371530335556e-05	82.0	0.044662309368191724
chr17	chr17	1496	37400000	6.136375851781751e-05	1835	1442	0.09800130915199198	6.796207292093757e-05	6.136375851781751e-05	6.136375851781751e-05	71.0	0.038692098092643054
chr17	chr17	1497	37425000	6.13559928766112e-05	1834	1442	0.10354981430753898	7.180985735612967e-05	6.13559928766112e-05	6.13559928766112e-05	76.0	0.04143947655398037
chr17	chr17	1498	37450000	6.134823340290728e-05	1833	1441	0.11443683990672363	7.941487849182763e-05	6.134823340290728e-05	6.134823340290728e-05	82.0	0.0447354064375341
chr17	chr17	1499	37475000	6.134048008769534e-05	1832	1440	0.08829088970311247	6.131311784938365e-05	6.134048008769534e-05	6.134048008769534e-05	67.0	0.03657205240174673
chr17	chr17	1500	37500000	6.133273292198404e-05	1831	1437	0.11275761378766816	7.846737215564938e-05	6.133273292198404e-05	6.133273292198404e-05	82.0	0.04478427089022392
chr17	chr17	1501	37525000	6.132499189680107e-05	1830	1437	0.10699799876789837	7.445928933047904e-05	6.132499189680107e-05	6.132499189680107e-05	80.0	0.04371584699453552
chr17	chr17	1502	37550000	6.131725700319326e-05	1829	1436	0.0987452246734068	6.876408403440585e-05	6.131725700319326e-05	6.131725700319326e-05	72.0	0.03936577364680153
chr17	chr17	1503	37575000	6.130952823222647e-05	1828	1436	0.10816630117937029	7.532472226975647e-05	6.130952823222647e-05	6.130952823222647e-05	81.0	0.04431072210065645
chr17	chr17	1504	37600000	6.130180557498546e-05	1827	1436	0.09996232299874247	6.961164554229977e-05	6.130180557498546e-05	6.130180557498546e-05	73.0	0.039956212370005476
chr17	chr17	1505	37625000	6.129408902257391e-05	1826	1436	0.11335837087924981	7.89403696930709e-05	6.129408902257391e-05	6.129408902257391e-05	82.0	0.044906900328587074
chr17	chr17	1506	37650000	6.128637856611435e-05	1825	1436	0.10168138052297727	7.080876080987275e-05	6.128637856611435e-05	6.128637856611435e-05	77.0	0.04219178082191781
chr17	chr17	1507	37675000	6.127867419674805e-05	1824	1437	0.10780454842151231	7.502056257586104e-05	6.127867419674805e-05	6.127867419674805e-05	81.0	0.044407894736842105
chr17	chr17	1508	37700000	6.127097590563517e-05	1823	1438	0.12209572463387496	8.490662352842486e-05	6.127097590563517e-05	6.127097590563517e-05	89.0	0.04882062534284147
chr17	chr17	1509	37725000	6.126328368395431e-05	1822	1437	0.10540865518960792	7.335327431427134e-05	6.126328368395431e-05	6.126328368395431e-05	77.0	0.04226125137211855
chr17	chr17	1510	37750000	6.125559752290291e-05	1821	1436	0.09717744217756756	6.767231349412783e-05	6.125559752290291e-05	6.125559752290291e-05	70.0	0.03844041735310269
chr17	chr17	1511	37775000	6.124791741369695e-05	1820	1436	0.11874624516773559	8.269237128672395e-05	6.124791741369695e-05	6.124791741369695e-05	88.0	0.04835164835164835
chr17	chr17	1512	37800000	6.124024334757097e-05	1819	1438	0.10132065314732266	7.045942499813815e-05	6.124024334757097e-05	6.124024334757097e-05	83.0	0.04562946673996701
chr17	chr17	1513	37825000	6.123257531577787e-05	1818	1438	0.09856185509620408	6.854092843964123e-05	6.123257531577787e-05	6.123257531577787e-05	80.0	0.04400440044004401
chr17	chr17	1514	37850000	6.122491330958906e-05	1817	1436	0.10284470209924718	7.161887332816656e-05	6.122491330958906e-05	6.122491330958906e-05	76.0	0.041827187671986794
chr17	chr17	1515	37875000	6.121725732029445e-05	1816	1439	0.07381979727889551	5.1299372674701535e-05	6.121725732029445e-05	6.121725732029445e-05	59.0	0.03248898678414097
chr17	chr17	1516	37900000	6.1209607339202e-05	1815	1438	0.10483081374507368	7.290042680464094e-05	6.1209607339202e-05	6.1209607339202e-05	73.0	0.04022038567493113
chr17	chr17	1517	37925000	6.120196335763828e-05	1814	1440	0.1047400480200863	7.273614445839326e-05	6.120196335763828e-05	6.120196335763828e-05	81.0	0.044652701212789414
chr17	chr17	1518	37950000	6.11943253669478e-05	1813	1438	0.10270990489139752	7.142552495924723e-05	6.11943253669478e-05	6.11943253669478e-05	79.0	0.043574186431329286
chr17	chr17	1519	37975000	6.118669335849342e-05	1812	1439	0.10394586549685286	7.223479186716669e-05	6.118669335849342e-05	6.118669335849342e-05	72.0	0.039735099337748346
chr17	chr17	1520	38000000	6.117906732365604e-05	1811	1439	0.08856889207554554	6.154891735618175e-05	6.117906732365604e-05	6.117906732365604e-05	67.0	0.03699613473219216
chr17	chr17	1521	38025000	6.117144725383476e-05	1810	1440	0.10782888433675408	7.488116967830144e-05	6.117144725383476e-05	6.117144725383476e-05	79.0	0.04364640883977901
chr17	chr17	1522	38050000	6.116383314044648e-05	1809	1438	0.0951034713319853	6.613593277606767e-05	6.116383314044648e-05	6.116383314044648e-05	74.0	0.04090657822001106
chr17	chr17	1523	38075000	6.115622497492637e-05	1808	1438	0.1226331428656519	8.528034969794986e-05	6.115622497492637e-05	6.115622497492637e-05	88.0	0.048672566371681415
chr17	chr17	1524	38100000	6.11468426695032e-05	1807	1439	0.10930109729505721	7.595628720990773e-05	6.11468426695032e-05	6.11468426695032e-05	83.0	0.045932484781405644
chr17	chr17	1525	38125000	6.113746795640371e-05	1806	1439	0.11916183549982658	8.280878075040068e-05	6.113746795640371e-05	6.113746795640371e-05	87.0	0.04817275747508306
chr17	chr17	1526	38150000	6.112810082451166e-05	1805	1440	0.10203195938879321	7.085552735332862e-05	6.112810082451166e-05	6.112810082451166e-05	80.0	0.0443213296398892
chr17	chr17	1527	38175000	6.111874126273409e-05	1804	1439	0.08364258162634577	5.812549105374967e-05	6.111874126273409e-05	6.111874126273409e-05	63.0	0.03492239467849224
chr17	chr17	1528	38200000	6.110938926000169e-05	1803	1437	0.09647514546595636	6.71364964968381e-05	6.110938926000169e-05	6.110938926000169e-05	73.0	0.040488075429839156
chr17	chr17	1529	38225000	6.110004480526858e-05	1802	1437	0.10147529176325336	7.061606942467178e-05	6.110004480526858e-05	6.110004480526858e-05	78.0	0.04328523862375139
chr17	chr17	1530	38250000	6.109070788751212e-05	1801	1437	0.09622461809417614	6.696215594584283e-05	6.109070788751212e-05	6.109070788751212e-05	71.0	0.039422543031649084
chr17	chr17	1531	38275000	6.108137849573307e-05	1800	1435	0.10334887654106602	7.202012302513311e-05	6.108137849573307e-05	6.108137849573307e-05	73.0	0.04055555555555555
chr17	chr17	1532	38300000	6.107205661895533e-05	1799	1432	0.11052149824410612	7.717981720957131e-05	6.107205661895533e-05	6.107205661895533e-05	77.0	0.042801556420233464
chr17	chr17	1533	38325000	6.106274224622602e-05	1798	1432	0.08847878895277964	6.178686379384053e-05	6.106274224622602e-05	6.106274224622602e-05	70.0	0.0389321468298109
chr17	chr17	1534	38350000	6.105343536661539e-05	1797	1432	0.1101974378167886	7.695351802848367e-05	6.105343536661539e-05	6.105343536661539e-05	85.0	0.04730105731775181
chr17	chr17	1535	38375000	6.104413596921654e-05	1796	1432	0.1104184586218526	7.710786216609818e-05	6.104413596921654e-05	6.104413596921654e-05	77.0	0.04287305122494432
chr17	chr17	1536	38400000	6.103484404314571e-05	1795	1430	0.13465898242429028	9.416712057642677e-05	6.103484404314571e-05	6.103484404314571e-05	101.0	0.05626740947075209
chr17	chr17	1537	38425000	6.102555957754201e-05	1794	1428	0.0983682481406869	6.888532782961267e-05	6.102555957754201e-05	6.102555957754201e-05	77.0	0.04292084726867335
chr17	chr17	1538	38450000	6.101628256156738e-05	1793	1427	0.10152813478002747	7.114795709882794e-05	6.101628256156738e-05	6.101628256156738e-05	75.0	0.04182933630786392
chr17	chr17	1539	38475000	6.100701298440647e-05	1792	1427	0.11517154163317656	8.07088588880004e-05	6.100701298440647e-05	6.100701298440647e-05	88.0	0.049107142857142856
chr17	chr17	1540	38500000	6.099775083526682e-05	1791	1427	0.0891440808388105	6.24695731175967e-05	6.099775083526682e-05	6.099775083526682e-05	72.0	0.04020100502512563
chr17	chr17	1541	38525000	6.098849610337845e-05	1790	1425	0.09837922796944079	6.903805471539705e-05	6.098849610337845e-05	6.098849610337845e-05	75.0	0.04189944134078212
chr17	chr17	1542	38550000	6.0979248777994e-05	1789	1424	0.10591534080873648	7.437875056793292e-05	6.0979248777994e-05	6.0979248777994e-05	77.0	0.043040804918949134
chr17	chr17	1543	38575000	6.097000884838867e-05	1788	1423	0.1028056482875212	7.224571207837048e-05	6.097000884838867e-05	6.097000884838867e-05	75.0	0.04194630872483222
chr17	chr17	1544	38600000	6.0960776303860224e-05	1787	1421	0.09803369751175026	6.898923118349772e-05	6.0960776303860224e-05	6.0960776303860224e-05	76.0	0.042529378847229994
chr17	chr17	1545	38625000	6.095155113372865e-05	1786	1419	0.09722024390526822	6.851320923556605e-05	6.095155113372865e-05	6.095155113372865e-05	69.0	0.03863381858902576
chr17	chr17	1546	38650000	6.094233332733639e-05	1785	1418	0.09905242932432336	6.985361729500942e-05	6.094233332733639e-05	6.094233332733639e-05	71.0	0.039775910364145656
chr17	chr17	1547	38675000	6.093312287404824e-05	1784	1418	0.10443954797368966	7.365271366268665e-05	6.093312287404824e-05	6.093312287404824e-05	78.0	0.043721973094170405
chr17	chr17	1548	38700000	6.0923919763250974e-05	1783	1417	0.11064398171239212	7.808326161777848e-05	6.0923919763250974e-05	6.0923919763250974e-05	81.0	0.045429052159282106
chr17	chr17	1549	38725000	6.091472398435376e-05	1782	1415	0.10404418962804464	7.352946263466053e-05	6.091472398435376e-05	6.091472398435376e-05	77.0	0.043209876543209874
chr17	chr17	1550	38750000	6.090553552678786e-05	1781	1414	0.1120274177226106	7.922731097780098e-05	6.090553552678786e-05	6.090553552678786e-05	85.0	0.04772599663110612
chr17	chr17	1551	38775000	6.089635438000631e-05	1780	1414	0.0901865673732126	6.378116504470481e-05	6.089635438000631e-05	6.089635438000631e-05	67.0	0.037640449438202245
chr17	chr17	1552	38800000	6.0887180533484546e-05	1779	1412	0.12214379554188838	8.650410449142236e-05	6.0887180533484546e-05	6.0887180533484546e-05	90.0	0.050590219224283306
chr17	chr17	1553	38825000	6.087801397671952e-05	1778	1410	0.10182269312892894	7.221467597796379e-05	6.087801397671952e-05	6.087801397671952e-05	80.0	0.04499437570303712
chr17	chr17	1554	38850000	6.086885469923036e-05	1777	1409	0.10838362061827292	7.692237091431718e-05	6.086885469923036e-05	6.086885469923036e-05	79.0	0.04445694991558807
chr17	chr17	1555	38875000	6.0859702690557795e-05	1776	1409	0.08408070263756019	5.967402600252675e-05	6.0859702690557795e-05	6.0859702690557795e-05	63.0	0.03547297297297297
chr17	chr17	1556	38900000	6.0850557940264365e-05	1775	1408	0.10572949897682667	7.509197370513257e-05	6.0850557940264365e-05	6.0850557940264365e-05	85.0	0.04788732394366197
chr17	chr17	1557	38925000	6.0841420437934294e-05	1774	1407	0.12125169808205993	8.617746843074622e-05	6.0841420437934294e-05	6.0841420437934294e-05	89.0	0.050169109357384445
chr17	chr17	1558	38950000	6.08322901731734e-05	1773	1406	0.09018091415480364	6.414005274168112e-05	6.08322901731734e-05	6.08322901731734e-05	73.0	0.04117315284827975
chr17	chr17	1559	38975000	6.082316713560916e-05	1772	1404	0.10682837824121069	7.60885884908908e-05	6.082316713560916e-05	6.082316713560916e-05	80.0	0.045146726862302484
chr17	chr17	1560	39000000	6.081220128153467e-05	1771	1404	0.07240270927677056	5.1568881251261084e-05	6.081220128153467e-05	6.081220128153467e-05	56.0	0.03162055335968379
chr17	chr17	1561	39025000	6.080124442974411e-05	1770	1403	0.10396087276634669	7.409898272726065e-05	6.080124442974411e-05	6.080124442974411e-05	70.0	0.03954802259887006
chr17	chr17	1562	39050000	6.079029656708724e-05	1769	1402	0.11145101726796941	7.949430618257447e-05	6.079029656708724e-05	6.079029656708724e-05	87.0	0.04918032786885246
chr17	chr17	1563	39075000	6.077935768044144e-05	1768	1401	0.10568439884169342	7.54349741910731e-05	6.077935768044144e-05	6.077935768044144e-05	78.0	0.04411764705882353
chr17	chr17	1564	39100000	6.076842775671172e-05	1767	1401	0.09829893303266277	7.01634068755623e-05	6.076842775671172e-05	6.076842775671172e-05	73.0	0.041312959818902095
chr17	chr17	1565	39125000	6.075750678283037e-05	1766	1401	0.10590497749697035	7.559241791361195e-05	6.075750678283037e-05	6.075750678283037e-05	81.0	0.045866364665911666
chr17	chr17	1566	39150000	6.0746594745757286e-05	1765	1400	0.10990236875228997	7.850169196592141e-05	6.0746594745757286e-05	6.0746594745757286e-05	89.0	0.05042492917847025
chr17	chr17	1567	39175000	6.0735691632479424e-05	1764	1398	0.103837800879796	7.42759662945608e-05	6.0735691632479424e-05	6.0735691632479424e-05	86.0	0.048752834467120185
chr17	chr17	1568	39200000	6.0724797430011255e-05	1763	1396	0.10096589689940019	7.23251410454156e-05	6.0724797430011255e-05	6.0724797430011255e-05	77.0	0.04367555303460011
chr17	chr17	1569	39225000	6.0713912125394155e-05	1762	1396	0.10330376953674769	7.399983491171039e-05	6.0713912125394155e-05	6.0713912125394155e-05	77.0	0.04370034052213394
chr17	chr17	1570	39250000	6.070303570569679e-05	1761	1395	0.10160975732781935	7.283853571886691e-05	6.070303570569679e-05	6.070303570569679e-05	75.0	0.04258943781942078
chr17	chr17	1571	39275000	6.069216815801471e-05	1760	1393	0.10682851586741318	7.668953041451054e-05	6.069216815801471e-05	6.069216815801471e-05	80.0	0.045454545454545456
chr17	chr17	1572	39300000	6.068130946947042e-05	1759	1392	0.09696093316766843	6.965584279286525e-05	6.068130946947042e-05	6.068130946947042e-05	77.0	0.04377487208641274
chr17	chr17	1573	39325000	6.067045962721342e-05	1758	1393	0.1265979839651582	9.088153909918034e-05	6.067045962721342e-05	6.067045962721342e-05	87.0	0.04948805460750853
chr17	chr17	1574	39350000	6.06596186184199e-05	1757	1392	0.09781229895451352	7.026745614548385e-05	6.06596186184199e-05	6.06596186184199e-05	75.0	0.042686397268070574
chr17	chr17	1575	39375000	6.0648786430292686e-05	1756	1390	0.09638836596444451	6.934414817585936e-05	6.0648786430292686e-05	6.0648786430292686e-05	72.0	0.04100227790432802
chr17	chr17	1576	39400000	6.063796305006138e-05	1755	1388	0.10944949786095368	7.885410508714241e-05	6.063796305006138e-05	6.063796305006138e-05	78.0	0.044444444444444446
chr17	chr17	1577	39425000	6.0627148464982225e-05	1754	1389	0.10500755531669803	7.559939187667245e-05	6.0627148464982225e-05	6.0627148464982225e-05	74.0	0.04218928164196123
chr17	chr17	1578	39450000	6.061634266233777e-05	1753	1388	0.11146141237678572	8.03036112224681e-05	6.061634266233777e-05	6.061634266233777e-05	84.0	0.04791785510553337
chr17	chr17	1579	39475000	6.060554562943713e-05	1752	1387	0.10013671318782003	7.219662089965394e-05	6.060554562943713e-05	6.060554562943713e-05	73.0	0.041666666666666664
chr17	chr17	1580	39500000	6.059475735361572e-05	1751	1385	0.07848214097017274	5.6665805754637356e-05	6.059475735361572e-05	6.059475735361572e-05	59.0	0.0336950314106225
chr17	chr17	1581	39525000	6.058397782223536e-05	1750	1385	0.09310884243703732	6.722660103757207e-05	6.058397782223536e-05	6.058397782223536e-05	68.0	0.038857142857142854
chr17	chr17	1582	39550000	6.057320702268394e-05	1749	1384	0.09665299233526042	6.983597712085291e-05	6.057320702268394e-05	6.057320702268394e-05	67.0	0.038307604345340196
chr17	chr17	1583	39575000	6.056244494237558e-05	1748	1383	0.10128221682594793	7.32337070325003e-05	6.056244494237558e-05	6.056244494237558e-05	75.0	0.04290617848970252
chr17	chr17	1584	39600000	6.0551691568750444e-05	1747	1382	0.12183932146528713	8.816159295606883e-05	6.0551691568750444e-05	6.0551691568750444e-05	89.0	0.05094447624499141
chr17	chr17	1585	39625000	6.054094688927477e-05	1746	1382	0.11903295191017281	8.61309348119919e-05	6.054094688927477e-05	6.054094688927477e-05	88.0	0.050400916380297825
chr17	chr17	1586	39650000	6.0530210891440594e-05	1745	1381	0.13645792558981631	9.881095263563818e-05	6.0530210891440594e-05	6.0530210891440594e-05	102.0	0.05845272206303725
chr17	chr17	1587	39675000	6.051948356276603e-05	1744	1379	0.13873684712605405	0.00010060685070779844	6.051948356276603e-05	6.051948356276603e-05	104.0	0.05963302752293578
chr17	chr17	1588	39700000	6.050876489079477e-05	1743	1377	0.09529642708761776	6.920582940277252e-05	6.050876489079477e-05	6.050876489079477e-05	75.0	0.043029259896729774
chr17	chr17	1589	39725000	6.0498054863096246e-05	1742	1374	0.10682743856560438	7.774922748588383e-05	6.0498054863096246e-05	6.0498054863096246e-05	77.0	0.04420206659012629
chr17	chr17	1590	39750000	6.0487353467265845e-05	1741	1373	0.10148884793322802	7.391758771538821e-05	6.0487353467265845e-05	6.0487353467265845e-05	76.0	0.043653072946582425
chr17	chr17	1591	39775000	6.0476660690924186e-05	1740	1370	0.11284737737752847	8.23703484507507e-05	6.0476660690924186e-05	6.0476660690924186e-05	83.0	0.04770114942528736
chr17	chr17	1592	39800000	6.046597652171756e-05	1739	1368	0.09556730986112898	6.98591446353282e-05	6.046597652171756e-05	6.046597652171756e-05	69.0	0.039677975848188614
chr17	chr17	1593	39825000	6.0455300947317735e-05	1738	1368	0.11315092194143388	8.271266223789026e-05	6.0455300947317735e-05	6.0455300947317735e-05	83.0	0.047756041426927506
chr17	chr17	1594	39850000	6.044463395542179e-05	1737	1369	0.12260344017088036	8.955693219202364e-05	6.044463395542179e-05	6.044463395542179e-05	87.0	0.05008635578583765
chr17	chr17	1595	39875000	6.0433975533752156e-05	1736	1369	0.08868390228940295	6.478006010913291e-05	6.0433975533752156e-05	6.0433975533752156e-05	67.0	0.03859447004608295
chr17	chr17	1596	39900000	6.0423325670056556e-05	1735	1367	0.10372300533391214	7.587637551858971e-05	6.0423325670056556e-05	6.0423325670056556e-05	72.0	0.0414985590778098
chr17	chr17	1597	39925000	6.041081980739119e-05	1734	1366	0.10888614131230881	7.971167006757599e-05	6.041081980739119e-05	6.041081980739119e-05	82.0	0.04728950403690888
chr17	chr17	1598	39950000	6.0398324359040685e-05	1733	1366	0.09980257967227302	7.30619177688675e-05	6.0398324359040685e-05	6.0398324359040685e-05	73.0	0.042123485285631854
chr17	chr17	1599	39975000	6.038583930982361e-05	1732	1364	0.0901012649355653	6.605664584718864e-05	6.038583930982361e-05	6.038583930982361e-05	68.0	0.03926096997690531
chr17	chr17	1600	40000000	6.037336464458994e-05	1731	1363	0.11649767833510535	8.547151748723797e-05	6.037336464458994e-05	6.037336464458994e-05	87.0	0.05025996533795494
chr17	chr17	1601	40025000	6.0360900348221364e-05	1730	1361	0.09811963296367984	7.209377881240252e-05	6.0360900348221364e-05	6.0360900348221364e-05	78.0	0.04508670520231214
chr17	chr17	1602	40050000	6.034844640563087e-05	1729	1361	0.09603533005996533	7.05623292137879e-05	6.034844640563087e-05	6.034844640563087e-05	72.0	0.04164256795835743
chr17	chr17	1603	40075000	6.0336002801762904e-05	1728	1359	0.1325921060506799	9.756593528379683e-05	6.0336002801762904e-05	6.0336002801762904e-05	94.0	0.05439814814814815
chr17	chr17	1604	40100000	6.032356952159306e-05	1727	1359	0.098145034866659	7.221856870247168e-05	6.032356952159306e-05	6.032356952159306e-05	72.0	0.04169079328314997
chr17	chr17	1605	40125000	6.0311146550128226e-05	1726	1359	0.1032628231410414	7.598441732232627e-05	6.0311146550128226e-05	6.0311146550128226e-05	77.0	0.044611819235225954
chr17	chr17	1606	40150000	6.029873387240635e-05	1725	1359	0.11407743627243422	8.39421900459413e-05	6.029873387240635e-05	6.029873387240635e-05	82.0	0.04753623188405797
chr17	chr17	1607	40175000	6.028633147349637e-05	1724	1359	0.10498373771864253	7.725072679811812e-05	6.028633147349637e-05	6.028633147349637e-05	76.0	0.04408352668213457
chr17	chr17	1608	40200000	6.027393933849816e-05	1723	1359	0.0972193582938177	7.153742332142582e-05	6.027393933849816e-05	6.027393933849816e-05	69.0	0.04004643064422519
chr17	chr17	1609	40225000	6.026155745254245e-05	1722	1356	0.09331355127984456	6.881530330372018e-05	6.026155745254245e-05	6.026155745254245e-05	66.0	0.03832752613240418
chr17	chr17	1610	40250000	6.0249185800790774e-05	1721	1355	0.1060120530155277	7.823767750223447e-05	6.0249185800790774e-05	6.0249185800790774e-05	82.0	0.04764671702498547
chr17	chr17	1611	40275000	6.0236824368435315e-05	1720	1352	0.1002504871095323	7.414976857213928e-05	6.0236824368435315e-05	6.0236824368435315e-05	71.0	0.04127906976744186
chr17	chr17	1612	40300000	6.0224473140698846e-05	1719	1352	0.09715180141198572	7.185784128105453e-05	6.0224473140698846e-05	6.0224473140698846e-05	64.0	0.03723094822571262
chr17	chr17	1613	40325000	6.0212132102834624e-05	1718	1351	0.11915093497738366	8.819462248511004e-05	6.0212132102834624e-05	6.0212132102834624e-05	82.0	0.047729918509895226
chr17	chr17	1614	40350000	6.01998012401265e-05	1717	1350	0.10494330384529667	7.773578062614567e-05	6.01998012401265e-05	6.01998012401265e-05	75.0	0.043680838672102505
chr17	chr17	1615	40375000	6.01874805378884e-05	1716	1350	0.10862817166209095	8.046531234228959e-05	6.01874805378884e-05	6.01874805378884e-05	80.0	0.046620046620046623
chr17	chr17	1616	40400000	6.017516998146485e-05	1715	1350	0.09122262047859567	6.757231146562643e-05	6.017516998146485e-05	6.017516998146485e-05	69.0	0.0402332361516035
chr17	chr17	1617	40425000	6.0162869556230275e-05	1714	1349	0.12026502012859414	8.915123804936555e-05	6.0162869556230275e-05	6.0162869556230275e-05	88.0	0.051341890315052506
chr17	chr17	1618	40450000	6.015057924758944e-05	1713	1348	0.10433284642923558	7.739825402762284e-05	6.015057924758944e-05	6.015057924758944e-05	79.0	0.04611792177466433
chr17	chr17	1619	40475000	6.0138299040977025e-05	1712	1347	0.10525662811436562	7.814152050064262e-05	6.0138299040977025e-05	6.0138299040977025e-05	74.0	0.04322429906542056
chr17	chr17	1620	40500000	6.012602892185759e-05	1711	1347	0.1048557876820276	7.784394037270052e-05	6.012602892185759e-05	6.012602892185759e-05	76.0	0.04441846873173583
chr17	chr17	1621	40525000	6.011376887572574e-05	1710	1346	0.07917248733137926	5.882057008274833e-05	6.011376887572574e-05	6.011376887572574e-05	58.0	0.03391812865497076
chr17	chr17	1622	40550000	6.010151888810582e-05	1709	1344	0.09310646394162596	6.927564281370979e-05	6.010151888810582e-05	6.010151888810582e-05	66.0	0.03861907548273844
chr17	chr17	1623	40575000	6.0089278944551695e-05	1708	1342	0.11320318087831399	8.435408411200745e-05	6.0089278944551695e-05	6.0089278944551695e-05	79.0	0.04625292740046839
chr17	chr17	1624	40600000	6.007704903064718e-05	1707	1341	0.10762221718307104	8.025519551310294e-05	6.007704903064718e-05	6.007704903064718e-05	77.0	0.04510837727006444
chr17	chr17	1625	40625000	6.006482913200537e-05	1706	1340	0.11487346734284448	8.572646816630185e-05	6.006482913200537e-05	6.006482913200537e-05	80.0	0.04689331770222743
chr17	chr17	1626	40650000	6.005261923426899e-05	1705	1340	0.10707788185563773	7.990886705644606e-05	6.005261923426899e-05	6.005261923426899e-05	80.0	0.0469208211143695
chr17	chr17	1627	40675000	6.004041932311012e-05	1704	1337	0.12480241185288578	9.33451098376109e-05	6.004041932311012e-05	6.004041932311012e-05	91.0	0.0534037558685446
chr17	chr17	1628	40700000	6.00282293842301e-05	1703	1335	0.10057641714009932	7.533814017984968e-05	6.00282293842301e-05	6.00282293842301e-05	71.0	0.04169113329418673
chr17	chr17	1629	40725000	6.001604940335956e-05	1702	1333	0.13145057689988496	9.861258582136906e-05	6.001604940335956e-05	6.001604940335956e-05	93.0	0.05464159811985899
chr17	chr17	1630	40750000	6.000387936625838e-05	1701	1333	0.13424974240735082	0.0001007124849267448	6.000387936625838e-05	6.000387936625838e-05	92.0	0.05408583186360964
chr17	chr17	1631	40775000	5.999171925871536e-05	1700	1334	0.10154972642235392	7.612423270041523e-05	5.999171925871536e-05	5.999171925871536e-05	71.0	0.04176470588235294
chr17	chr17	1632	40800000	5.997956906654837e-05	1699	1334	0.12009237204637915	9.00242669013337e-05	5.997956906654837e-05	5.997956906654837e-05	85.0	0.050029429075927015
chr17	chr17	1633	40825000	5.996742877560425e-05	1698	1334	0.10665770158088804	7.995329953589808e-05	5.996742877560425e-05	5.996742877560425e-05	77.0	0.04534746760895171
chr17	chr17	1634	40850000	5.9955298371758694e-05	1697	1333	0.1162160672199693	8.718384637657112e-05	5.9955298371758694e-05	5.9955298371758694e-05	81.0	0.047731290512669416
chr17	chr17	1635	40875000	5.9941350077418234e-05	1696	1331	0.13435079734923397	0.00010093974256140794	5.9941350077418234e-05	5.9941350077418234e-05	94.0	0.055424528301886794
chr17	chr17	1636	40900000	5.992741355356117e-05	1695	1331	0.12719712017255294	9.556507901769568e-05	5.992741355356117e-05	5.992741355356117e-05	91.0	0.05368731563421829
chr17	chr17	1637	40925000	5.9913488783069304e-05	1694	1329	0.1048801002388164	7.891655397954582e-05	5.9913488783069304e-05	5.9913488783069304e-05	74.0	0.043683589138134596
chr17	chr17	1638	40950000	5.989957574885967e-05	1693	1327	0.09016068766928928	6.794324617128054e-05	5.989957574885967e-05	5.989957574885967e-05	60.0	0.03544004725339634
chr17	chr17	1639	40975000	5.9885674433884554e-05	1692	1323	0.09984295961496757	7.546708965606015e-05	5.9885674433884554e-05	5.9885674433884554e-05	74.0	0.04373522458628842
chr17	chr17	1640	41000000	5.987178482113147e-05	1691	1323	0.10232048915304538	7.733974992671609e-05	5.987178482113147e-05	5.987178482113147e-05	68.0	0.04021289178001183
chr17	chr17	1641	41025000	5.985790689362282e-05	1690	1322	0.10179817738634442	7.700315989889895e-05	5.985790689362282e-05	5.985790689362282e-05	74.0	0.04378698224852071
chr17	chr17	1642	41050000	5.984404063441611e-05	1689	1321	0.11475860926529383	8.687252783141092e-05	5.984404063441611e-05	5.984404063441611e-05	79.0	0.046773238602723505
chr17	chr17	1643	41075000	5.983018602660356e-05	1688	1321	0.06847785945050053	5.1837895117714256e-05	5.983018602660356e-05	5.983018602660356e-05	51.0	0.030213270142180094
chr17	chr17	1644	41100000	5.981634305331239e-05	1687	1320	0.09495147830685931	7.193293811125705e-05	5.981634305331239e-05	5.981634305331239e-05	68.0	0.04030823947836396
chr17	chr17	1645	41125000	5.980251169770429e-05	1686	1317	0.10884798105817807	8.26484290494898e-05	5.980251169770429e-05	5.980251169770429e-05	73.0	0.04329774614472123
chr17	chr17	1646	41150000	5.9788691942975666e-05	1685	1317	0.11286040927299225	8.569507158161902e-05	5.9788691942975666e-05	5.9788691942975666e-05	80.0	0.04747774480712166
chr17	chr17	1647	41175000	5.97748837723573e-05	1684	1317	0.0938954032970864	7.129491518381655e-05	5.97748837723573e-05	5.97748837723573e-05	67.0	0.03978622327790974
chr17	chr17	1648	41200000	5.976108716911444e-05	1683	1315	0.09338657691457758	7.101640830005899e-05	5.976108716911444e-05	5.976108716911444e-05	65.0	0.038621509209744505
chr17	chr17	1649	41225000	5.974730211654673e-05	1682	1312	0.0952737364410455	7.261717716543102e-05	5.974730211654673e-05	5.974730211654673e-05	64.0	0.03804994054696789
chr17	chr17	1650	41250000	5.973352859798783e-05	1681	1311	0.08671035984307965	6.614062535704016e-05	5.973352859798783e-05	5.973352859798783e-05	63.0	0.037477691850089236
chr17	chr17	1651	41275000	5.97197665968057e-05	1680	1311	0.0882936880663999	6.734835092784126e-05	5.97197665968057e-05	5.97197665968057e-05	64.0	0.0380952380952381
chr17	chr17	1652	41300000	5.9706016096402335e-05	1679	1310	0.11549380679046317	8.81632112904299e-05	5.9706016096402335e-05	5.9706016096402335e-05	80.0	0.047647409172126266
chr17	chr17	1653	41325000	5.9692277080213615e-05	1678	1309	0.08940864637920938	6.830301480459082e-05	5.9692277080213615e-05	5.9692277080213615e-05	63.0	0.037544696066746125
chr17	chr17	1654	41350000	5.967854953170921e-05	1677	1309	0.09370588209352972	7.158585339459871e-05	5.967854953170921e-05	5.967854953170921e-05	69.0	0.04114490161001789
chr17	chr17	1655	41375000	5.9664833434392704e-05	1676	1310	0.10066280095921082	7.68418327932907e-05	5.9664833434392704e-05	5.9664833434392704e-05	68.0	0.0405727923627685
chr17	chr17	1656	41400000	5.965112877180134e-05	1675	1310	0.08684688909195808	6.629533518470082e-05	5.965112877180134e-05	5.965112877180134e-05	64.0	0.0382089552238806
chr17	chr17	1657	41425000	5.963743552750582e-05	1674	1308	0.08411976606332573	6.431174775483619e-05	5.963743552750582e-05	5.963743552750582e-05	58.0	0.03464755077658303
chr17	chr17	1658	41450000	5.9623753685110505e-05	1673	1306	0.11408691313208956	8.735598249011451e-05	5.9623753685110505e-05	5.9623753685110505e-05	76.0	0.045427375971309025
chr17	chr17	1659	41475000	5.961008322825314e-05	1672	1304	0.08406171131390379	6.446450254133726e-05	5.961008322825314e-05	5.961008322825314e-05	60.0	0.03588516746411483
chr17	chr17	1660	41500000	5.9596424140604674e-05	1671	1303	0.08671178244397887	6.65477992662923e-05	5.9596424140604674e-05	5.9596424140604674e-05	61.0	0.036505086774386596
chr17	chr17	1661	41525000	5.9582776405869385e-05	1670	1302	0.08193578871241683	6.293071329678712e-05	5.9582776405869385e-05	5.9582776405869385e-05	59.0	0.035329341317365266
chr17	chr17	1662	41550000	5.9569140007784695e-05	1669	1303	0.12440358521303893	9.547473922719796e-05	5.9569140007784695e-05	5.9569140007784695e-05	81.0	0.048532055122828044
chr17	chr17	1663	41575000	5.9555514930121175e-05	1668	1303	0.0754992594117343	5.7942639609926555e-05	5.9555514930121175e-05	5.9555514930121175e-05	56.0	0.03357314148681055
chr17	chr17	1664	41600000	5.954190115668222e-05	1667	1304	0.08064535256164139	6.184459552273113e-05	5.954190115668222e-05	5.954190115668222e-05	60.0	0.035992801439712056
chr17	chr17	1665	41625000	5.952829867130418e-05	1666	1301	0.08591662138756263	6.6038909598434e-05	5.952829867130418e-05	5.952829867130418e-05	61.0	0.036614645858343335
chr17	chr17	1666	41650000	5.95147074578562e-05	1665	1300	0.08125400307651134	6.250307928962411e-05	5.95147074578562e-05	5.95147074578562e-05	57.0	0.03423423423423423
chr17	chr17	1667	41675000	5.950112750024011e-05	1664	1298	0.09624977159573539	7.41523664065758e-05	5.950112750024011e-05	5.950112750024011e-05	71.0	0.04266826923076923
chr17	chr17	1668	41700000	5.9487558782390504e-05	1663	1297	0.10744505578152723	8.284121494335176e-05	5.9487558782390504e-05	5.9487558782390504e-05	76.0	0.045700541190619365
chr17	chr17	1669	41725000	5.947400128827431e-05	1662	1295	0.07719515667423019	5.9610159594000145e-05	5.947400128827431e-05	5.947400128827431e-05	54.0	0.032490974729241874
chr17	chr17	1670	41750000	5.9460455001891114e-05	1661	1294	0.08908559136809148	6.884512470486205e-05	5.9460455001891114e-05	5.9460455001891114e-05	63.0	0.037928958458759786
chr17	chr17	1671	41775000	5.944691990727271e-05	1660	1293	0.1262426682437143	9.763547427974811e-05	5.944691990727271e-05	5.944691990727271e-05	88.0	0.05301204819277108
chr17	chr17	1672	41800000	5.943339598848331e-05	1659	1293	0.07886177449606144	6.0991318249080774e-05	5.943339598848331e-05	5.943339598848331e-05	60.0	0.03616636528028933
chr17	chr17	1673	41825000	5.9419883229619285e-05	1658	1292	0.0714179511025523	5.527705193695998e-05	5.9419883229619285e-05	5.9419883229619285e-05	48.0	0.028950542822677925
chr17	chr17	1674	41850000	5.940465724310353e-05	1657	1292	0.10795626339516659	8.355747940802368e-05	5.940465724310353e-05	5.940465724310353e-05	74.0	0.04465902232951117
chr17	chr17	1675	41875000	5.9389444247516916e-05	1656	1290	0.11114373461970856	8.615793381372757e-05	5.9389444247516916e-05	5.9389444247516916e-05	77.0	0.0464975845410628
chr17	chr17	1676	41900000	5.937424422402961e-05	1655	1289	0.0806003118857807	6.252933427911614e-05	5.937424422402961e-05	5.937424422402961e-05	54.0	0.03262839879154079
chr17	chr17	1677	41925000	5.9359057153850214e-05	1654	1287	0.09045377813359612	7.028265589246007e-05	5.9359057153850214e-05	5.9359057153850214e-05	64.0	0.03869407496977025
chr17	chr17	1678	41950000	5.934388301822593e-05	1653	1286	0.11198805117455603	8.708246592111666e-05	5.934388301822593e-05	5.934388301822593e-05	79.0	0.04779189352692075
chr17	chr17	1679	41975000	5.932872179844212e-05	1652	1284	0.08571792981465681	6.675851231671092e-05	5.932872179844212e-05	5.932872179844212e-05	61.0	0.036924939467312345
chr17	chr17	1680	42000000	5.931357347582233e-05	1651	1283	0.09857298797434905	7.683007636348328e-05	5.931357347582233e-05	5.931357347582233e-05	71.0	0.04300423985463356
chr17	chr17	1681	42025000	5.929843803172834e-05	1650	1282	0.1029239010039255	8.028385413722738e-05	5.929843803172834e-05	5.929843803172834e-05	70.0	0.04242424242424243
chr17	chr17	1682	42050000	5.9283315447559825e-05	1649	1281	0.10488015889488163	8.187366033948605e-05	5.9283315447559825e-05	5.9283315447559825e-05	72.0	0.043662825955124315
chr17	chr17	1683	42075000	5.92682057047544e-05	1648	1280	0.08003708361581348	6.252897157485428e-05	5.92682057047544e-05	5.92682057047544e-05	60.0	0.03640776699029126
chr17	chr17	1684	42100000	5.9253108784787456e-05	1647	1278	0.10874591675270764	8.509070168443477e-05	5.9253108784787456e-05	5.9253108784787456e-05	77.0	0.046751669702489375
chr17	chr17	1685	42125000	5.923802466917205e-05	1646	1276	0.0734643714096479	5.7573958784990514e-05	5.923802466917205e-05	5.923802466917205e-05	49.0	0.02976913730255164
chr17	chr17	1686	42150000	5.922295333945902e-05	1645	1275	0.0757102637008264	5.938059898104031e-05	5.922295333945902e-05	5.922295333945902e-05	52.0	0.031610942249240125
chr17	chr17	1687	42175000	5.9207894777236494e-05	1644	1273	0.08300257525454617	6.520233719917217e-05	5.9207894777236494e-05	5.9207894777236494e-05	61.0	0.03710462287104623
chr17	chr17	1688	42200000	5.919284896413016e-05	1643	1271	0.09920604513626369	7.805353669257568e-05	5.919284896413016e-05	5.919284896413016e-05	70.0	0.0426049908703591
chr17	chr17	1689	42225000	5.9177815881802954e-05	1642	1271	0.08579157174924724	6.749926966895928e-05	5.9177815881802954e-05	5.9177815881802954e-05	56.0	0.0341047503045067
chr17	chr17	1690	42250000	5.91627955119549e-05	1641	1270	0.09076804048019063	7.147089801589814e-05	5.91627955119549e-05	5.91627955119549e-05	61.0	0.03717245581962218
chr17	chr17	1691	42275000	5.914778783632343e-05	1640	1269	0.0984053715230373	7.754560403706644e-05	5.914778783632343e-05	5.914778783632343e-05	72.0	0.04390243902439024
chr17	chr17	1692	42300000	5.913279283668272e-05	1639	1267	0.10409824956824615	8.216120723618481e-05	5.913279283668272e-05	5.913279283668272e-05	72.0	0.04392922513727883
chr17	chr17	1693	42325000	5.911781049484396e-05	1638	1265	0.07605208595461228	6.0120226051076905e-05	5.911781049484396e-05	5.911781049484396e-05	58.0	0.03540903540903541
chr17	chr17	1694	42350000	5.910284079265523e-05	1637	1262	0.09042003759716413	7.164820728776873e-05	5.910284079265523e-05	5.910284079265523e-05	60.0	0.03665241295051924
chr17	chr17	1695	42375000	5.90878837120012e-05	1636	1261	0.11153742382774497	8.845156528766452e-05	5.90878837120012e-05	5.90878837120012e-05	79.0	0.04828850855745721
chr17	chr17	1696	42400000	5.90729392348033e-05	1635	1260	0.09618266939690255	7.633545190230362e-05	5.90729392348033e-05	5.90729392348033e-05	70.0	0.04281345565749235
chr17	chr17	1697	42425000	5.905800734301947e-05	1634	1260	0.06235922882883373	4.949145145145534e-05	5.905800734301947e-05	5.905800734301947e-05	49.0	0.029987760097919217
chr17	chr17	1698	42450000	5.904308801864394e-05	1633	1260	0.09628029698985496	7.641293411893251e-05	5.904308801864394e-05	5.904308801864394e-05	65.0	0.039804041641151255
chr17	chr17	1699	42475000	5.902818124370751e-05	1632	1260	0.08267777875268338	6.561728472435189e-05	5.902818124370751e-05	5.902818124370751e-05	60.0	0.03676470588235294
chr17	chr17	1700	42500000	5.901328700027709e-05	1631	1260	0.07401133734904065	5.873915662622274e-05	5.901328700027709e-05	5.901328700027709e-05	46.0	0.028203556100551808
chr17	chr17	1701	42525000	5.899840527045579e-05	1630	1258	0.09389192377817848	7.463586945801151e-05	5.899840527045579e-05	5.899840527045579e-05	69.0	0.04233128834355828
chr17	chr17	1702	42550000	5.898353603638282e-05	1629	1257	0.11228469023392973	8.932751808586295e-05	5.898353603638282e-05	5.898353603638282e-05	81.0	0.049723756906077346
chr17	chr17	1703	42575000	5.8968679280233166e-05	1628	1255	0.07974546632404772	6.35422042422691e-05	5.8968679280233166e-05	5.8968679280233166e-05	59.0	0.03624078624078624
chr17	chr17	1704	42600000	5.895383498421794e-05	1627	1253	0.07073089372677527	5.644923681306885e-05	5.895383498421794e-05	5.895383498421794e-05	51.0	0.0313460356484327
chr17	chr17	1705	42625000	5.89390031305839e-05	1626	1252	0.1111876514909213	8.880802834738123e-05	5.89390031305839e-05	5.89390031305839e-05	78.0	0.04797047970479705
chr17	chr17	1706	42650000	5.89241837016136e-05	1625	1250	0.07129798601659906	5.703838881327925e-05	5.89241837016136e-05	5.89241837016136e-05	58.0	0.03569230769230769
chr17	chr17	1707	42675000	5.8909376679624966e-05	1624	1249	0.07017024565928938	5.618114144058397e-05	5.8909376679624966e-05	5.8909376679624966e-05	49.0	0.03017241379310345
chr17	chr17	1708	42700000	5.88945820469716e-05	1623	1248	0.0911494848065155	7.303644615906691e-05	5.88945820469716e-05	5.88945820469716e-05	68.0	0.041897720271102896
chr17	chr17	1709	42725000	5.887979978604262e-05	1622	1248	0.0784522936425877	6.28624147777145e-05	5.887979978604262e-05	5.887979978604262e-05	59.0	0.036374845869297165
chr17	chr17	1710	42750000	5.886502987926216e-05	1621	1248	0.10411454598382854	8.342511697422158e-05	5.886502987926216e-05	5.886502987926216e-05	71.0	0.04380012338062924
chr17	chr17	1711	42775000	5.885027230908984e-05	1620	1248	0.08455808737474985	6.775487770412648e-05	5.885027230908984e-05	5.885027230908984e-05	62.0	0.03827160493827161
chr17	chr17	1712	42800000	5.883552705802025e-05	1619	1249	0.08899691851150351	7.125453843995478e-05	5.883552705802025e-05	5.883552705802025e-05	64.0	0.03953057442865967
chr17	chr17	1713	42825000	5.881920511228065e-05	1618	1248	0.07352355082513132	5.891310162270137e-05	5.881920511228065e-05	5.881920511228065e-05	51.0	0.0315203955500618
chr17	chr17	1714	42850000	5.880289721605657e-05	1617	1246	0.0862360435669774	6.921030783866565e-05	5.880289721605657e-05	5.880289721605657e-05	64.0	0.039579468150896725
chr17	chr17	1715	42875000	5.878660334906841e-05	1616	1245	0.08517646630294332	6.841483237184202e-05	5.878660334906841e-05	5.878660334906841e-05	61.0	0.037747524752475246
chr17	chr17	1716	42900000	5.87703234910773e-05	1615	1244	0.08130674718088922	6.535912152804599e-05	5.87703234910773e-05	5.87703234910773e-05	57.0	0.03529411764705882
chr17	chr17	1717	42925000	5.8754057621885514e-05	1614	1242	0.08849404891798293	7.125124711592829e-05	5.8754057621885514e-05	5.8754057621885514e-05	62.0	0.03841387856257745
chr17	chr17	1718	42950000	5.8737805721336144e-05	1613	1241	0.0677884784842171	5.462407613554964e-05	5.8737805721336144e-05	5.8737805721336144e-05	47.0	0.029138251704897707
chr17	chr17	1719	42975000	5.872156776931305e-05	1612	1240	0.07035485308994198	5.673778474995321e-05	5.872156776931305e-05	5.872156776931305e-05	52.0	0.03225806451612903
chr17	chr17	1720	43000000	5.87053437457408e-05	1611	1239	0.07536400426827257	6.0826476406999655e-05	5.87053437457408e-05	5.87053437457408e-05	51.0	0.03165735567970205
chr17	chr17	1721	43025000	5.8689133630584334e-05	1610	1238	0.09003196955934799	7.272372339204199e-05	5.8689133630584334e-05	5.8689133630584334e-05	63.0	0.0391304347826087
chr17	chr17	1722	43050000	5.867293740384925e-05	1609	1239	0.09037238711727147	7.293977975566705e-05	5.867293740384925e-05	5.867293740384925e-05	64.0	0.039776258545680544
chr17	chr17	1723	43075000	5.8656755045581236e-05	1608	1239	0.07108799683064207	5.737530010544154e-05	5.8656755045581236e-05	5.8656755045581236e-05	51.0	0.03171641791044776
chr17	chr17	1724	43100000	5.8640586535866535e-05	1607	1238	0.08149106272284037	6.582476795059804e-05	5.8640586535866535e-05	5.8640586535866535e-05	58.0	0.03609209707529558
chr17	chr17	1725	43125000	5.8624431854831145e-05	1606	1238	0.07484455774367539	6.0456024025585935e-05	5.8624431854831145e-05	5.8624431854831145e-05	56.0	0.034869240348692404
chr17	chr17	1726	43150000	5.860829098264134e-05	1605	1239	0.08541542382380868	6.893900227910305e-05	5.860829098264134e-05	5.860829098264134e-05	66.0	0.041121495327102804
chr17	chr17	1727	43175000	5.8592163899503206e-05	1604	1240	0.0973605955558972	7.851660931927194e-05	5.8592163899503206e-05	5.8592163899503206e-05	67.0	0.04177057356608479
chr17	chr17	1728	43200000	5.8576050585662716e-05	1603	1238	0.07792213821518752	6.2941953324061e-05	5.8576050585662716e-05	5.8576050585662716e-05	56.0	0.034934497816593885
chr17	chr17	1729	43225000	5.855995102140542e-05	1602	1239	0.07528124156198165	6.075967841967849e-05	5.855995102140542e-05	5.855995102140542e-05	56.0	0.03495630461922597
chr17	chr17	1730	43250000	5.854386518705666e-05	1601	1237	0.07268260363965995	5.8757157348148705e-05	5.854386518705666e-05	5.854386518705666e-05	53.0	0.03310430980637102
chr17	chr17	1731	43275000	5.8527793062981094e-05	1600	1237	0.07212184042080522	5.83038321914351e-05	5.8527793062981094e-05	5.8527793062981094e-05	51.0	0.031875
chr17	chr17	1732	43300000	5.851173462958294e-05	1599	1235	0.08530762570269494	6.907500056898376e-05	5.851173462958294e-05	5.851173462958294e-05	64.0	0.04002501563477173
chr17	chr17	1733	43325000	5.849568986730559e-05	1598	1233	0.075524216239857	6.125240570953528e-05	5.849568986730559e-05	5.849568986730559e-05	54.0	0.03379224030037547
chr17	chr17	1734	43350000	5.8479658756631743e-05	1597	1230	0.08915436588067614	7.248322429323263e-05	5.8479658756631743e-05	5.8479658756631743e-05	61.0	0.038196618659987476
chr17	chr17	1735	43375000	5.846364127808314e-05	1596	1231	0.08192775682918635	6.655382358179232e-05	5.846364127808314e-05	5.846364127808314e-05	60.0	0.03759398496240601
chr17	chr17	1736	43400000	5.844763741222048e-05	1595	1231	0.08584075638842625	6.973253971439988e-05	5.844763741222048e-05	5.844763741222048e-05	58.0	0.03636363636363636
chr17	chr17	1737	43425000	5.843164713964353e-05	1594	1231	0.07755682643002709	6.30031083915736e-05	5.843164713964353e-05	5.843164713964353e-05	57.0	0.035759096612296114
chr17	chr17	1738	43450000	5.8415670440990575e-05	1593	1230	0.08588933304597242	6.982872605363611e-05	5.8415670440990575e-05	5.8415670440990575e-05	61.0	0.038292529817953544
chr17	chr17	1739	43475000	5.839970729693882e-05	1592	1229	0.0834709135366935	6.791774901276932e-05	5.839970729693882e-05	5.839970729693882e-05	57.0	0.035804020100502515
chr17	chr17	1740	43500000	5.838375768820406e-05	1591	1227	0.09007167387993317	7.340804717190967e-05	5.838375768820406e-05	5.838375768820406e-05	65.0	0.04085480829666876
chr17	chr17	1741	43525000	5.8367821595540406e-05	1590	1224	0.07953051904202238	6.497591425001828e-05	5.8367821595540406e-05	5.8367821595540406e-05	55.0	0.03459119496855346
chr17	chr17	1742	43550000	5.835189899974063e-05	1589	1222	0.07048398294655078	5.7679200447259236e-05	5.835189899974063e-05	5.835189899974063e-05	53.0	0.03335431088735054
chr17	chr17	1743	43575000	5.8335989881635546e-05	1588	1221	0.07669742909685032	6.281525724557765e-05	5.8335989881635546e-05	5.8335989881635546e-05	56.0	0.03526448362720403
chr17	chr17	1744	43600000	5.832009422209431e-05	1587	1220	0.07306749972847539	5.989139322006179e-05	5.832009422209431e-05	5.832009422209431e-05	54.0	0.034026465028355386
chr17	chr17	1745	43625000	5.830421200202423e-05	1586	1219	0.09057944512136416	7.43063536680592e-05	5.830421200202423e-05	5.830421200202423e-05	62.0	0.03909205548549811
chr17	chr17	1746	43650000	5.828834320237053e-05	1585	1218	0.07205910018009339	5.9161822807958443e-05	5.828834320237053e-05	5.828834320237053e-05	51.0	0.032176656151419555
chr17	chr17	1747	43675000	5.827248780411634e-05	1584	1218	0.060005563589813904	4.926565155157135e-05	5.827248780411634e-05	5.827248780411634e-05	48.0	0.030303030303030304
chr17	chr17	1748	43700000	5.825664578828263e-05	1583	1218	0.059807775066706266	4.9103263601565076e-05	5.825664578828263e-05	5.825664578828263e-05	44.0	0.027795325331648767
chr17	chr17	1749	43725000	5.824081713592808e-05	1582	1218	0.07028422179611057	5.77046155961499e-05	5.824081713592808e-05	5.824081713592808e-05	56.0	0.035398230088495575
chr17	chr17	1750	43750000	5.822500182814905e-05	1581	1217	0.06278074812081681	5.1586481611188833e-05	5.822500182814905e-05	5.822500182814905e-05	46.0	0.0290955091714105
chr17	chr17	1751	43775000	5.820919984607933e-05	1580	1216	0.08280141488761501	6.809326882205182e-05	5.820919984607933e-05	5.820919984607933e-05	56.0	0.035443037974683546
chr17	chr17	1752	43800000	5.8193411170890145e-05	1579	1215	0.0681783020251733	5.611382882730313e-05	5.8193411170890145e-05	5.8193411170890145e-05	43.0	0.027232425585813805
chr17	chr17	1753	43825000	5.8176188500517645e-05	1578	1214	0.07182013945155691	5.9159917175911785e-05	5.8176188500517645e-05	5.8176188500517645e-05	52.0	0.032953105196451206
chr17	chr17	1754	43850000	5.815898074481575e-05	1577	1213	0.08217258604061911	6.774326961304132e-05	5.815898074481575e-05	5.815898074481575e-05	60.0	0.03804692454026633
chr17	chr17	1755	43875000	5.814178788237626e-05	1576	1211	0.09320155760196353	7.696247531128285e-05	5.814178788237626e-05	5.814178788237626e-05	60.0	0.03807106598984772
chr17	chr17	1756	43900000	5.812460989183402e-05	1575	1208	0.08457367815807224	7.001132297853662e-05	5.812460989183402e-05	5.812460989183402e-05	58.0	0.036825396825396824
chr17	chr17	1757	43925000	5.810744675186649e-05	1574	1205	0.0678350601082905	5.629465569152739e-05	5.810744675186649e-05	5.810744675186649e-05	50.0	0.03176620076238882
chr17	chr17	1758	43950000	5.809029844119394e-05	1573	1206	0.07007469269777011	5.810505198820076e-05	5.809029844119394e-05	5.809029844119394e-05	49.0	0.031150667514303877
chr17	chr17	1759	43975000	5.80731649385792e-05	1572	1207	0.05705979127055941	4.727406070468882e-05	5.80731649385792e-05	5.80731649385792e-05	42.0	0.026717557251908396
chr17	chr17	1760	44000000	5.805604622282738e-05	1571	1205	0.0714128765855539	5.9263797996310285e-05	5.805604622282738e-05	5.805604622282738e-05	55.0	0.03500954805856143
chr17	chr17	1761	44025000	5.803894227278629e-05	1570	1204	0.051162281007437804	4.249358887660947e-05	5.803894227278629e-05	5.803894227278629e-05	39.0	0.024840764331210193
chr17	chr17	1762	44050000	5.80218530673457e-05	1569	1202	0.08284294605681032	6.892092018037464e-05	5.80218530673457e-05	5.80218530673457e-05	55.0	0.03505417463352454
chr17	chr17	1763	44075000	5.800477858543762e-05	1568	1198	0.09412886977304566	7.857167760688285e-05	5.800477858543762e-05	5.800477858543762e-05	65.0	0.04145408163265306
chr17	chr17	1764	44100000	5.7987718806036034e-05	1567	1196	0.07312483730827657	6.1141168317957e-05	5.7987718806036034e-05	5.7987718806036034e-05	54.0	0.03446075303126994
chr17	chr17	1765	44125000	5.7970673708157034e-05	1566	1196	0.06634239695210815	5.547023156530782e-05	5.7970673708157034e-05	5.7970673708157034e-05	46.0	0.02937420178799489
chr17	chr17	1766	44150000	5.795364327085832e-05	1565	1196	0.06189614840856398	5.175263244863209e-05	5.795364327085832e-05	5.795364327085832e-05	45.0	0.02875399361022364
chr17	chr17	1767	44175000	5.7936627473239365e-05	1564	1195	0.07817832321709384	6.542119097664756e-05	5.7936627473239365e-05	5.7936627473239365e-05	48.0	0.030690537084398978
chr17	chr17	1768	44200000	5.791962629444135e-05	1563	1193	0.07166737230711293	6.007323747452886e-05	5.791962629444135e-05	5.791962629444135e-05	51.0	0.03262955854126679
chr17	chr17	1769	44225000	5.790263971364676e-05	1562	1193	0.06342754743215638	5.316642701773377e-05	5.790263971364676e-05	5.790263971364676e-05	45.0	0.02880921895006402
chr17	chr17	1770	44250000	5.788566771007959e-05	1561	1195	0.06935480507815353	5.803749378924982e-05	5.788566771007959e-05	5.788566771007959e-05	47.0	0.03010890454836643
chr17	chr17	1771	44275000	5.786871026300506e-05	1560	1194	0.06125594047407867	5.130313272535902e-05	5.786871026300506e-05	5.786871026300506e-05	47.0	0.03012820512820513
chr17	chr17	1772	44300000	5.785176735172972e-05	1559	1193	0.07036280229159945	5.897971692506241e-05	5.785176735172972e-05	5.785176735172972e-05	49.0	0.03143040410519564
chr17	chr17	1773	44325000	5.783483895560103e-05	1558	1191	0.060818607158704185	5.106516134232089e-05	5.783483895560103e-05	5.783483895560103e-05	45.0	0.028883183568677792
chr17	chr17	1774	44350000	5.7817925054007514e-05	1557	1192	0.055671649877541196	4.670440425968221e-05	5.7817925054007514e-05	5.7817925054007514e-05	38.0	0.024405908798972382
chr17	chr17	1775	44375000	5.7801025626378424e-05	1556	1191	0.07967725232759819	6.689945619445692e-05	5.7801025626378424e-05	5.7801025626378424e-05	57.0	0.036632390745501286
chr17	chr17	1776	44400000	5.778414065218392e-05	1555	1190	0.03858407990735505	3.2423596560802566e-05	5.778414065218392e-05	5.778414065218392e-05	31.0	0.019935691318327974
chr17	chr17	1777	44425000	5.776727011093482e-05	1554	1189	0.05699599663391761	4.7936077909098074e-05	5.776727011093482e-05	5.776727011093482e-05	41.0	0.026383526383526385
chr17	chr17	1778	44450000	5.775041398218236e-05	1553	1188	0.04169500997172465	3.509680974050896e-05	5.775041398218236e-05	5.775041398218236e-05	31.0	0.019961365099806824
chr17	chr17	1779	44475000	5.773357224551839e-05	1552	1187	0.0694551619990985	5.851319460749663e-05	5.773357224551839e-05	5.773357224551839e-05	52.0	0.03350515463917526
chr17	chr17	1780	44500000	5.771674488057504e-05	1551	1184	0.06725735507611946	5.6805198544019816e-05	5.771674488057504e-05	5.771674488057504e-05	47.0	0.030303030303030304
chr17	chr17	1781	44525000	5.76999318670246e-05	1550	1182	0.06953050439527068	5.8824453803105484e-05	5.76999318670246e-05	5.76999318670246e-05	49.0	0.031612903225806455
chr17	chr17	1782	44550000	5.768313318457965e-05	1549	1178	0.07375119413769571	6.260712575356172e-05	5.768313318457965e-05	5.768313318457965e-05	50.0	0.03227888960619755
chr17	chr17	1783	44575000	5.7666348812992745e-05	1548	1177	0.068373731867971	5.8091530898870855e-05	5.7666348812992745e-05	5.7666348812992745e-05	49.0	0.03165374677002584
chr17	chr17	1784	44600000	5.764957873205634e-05	1547	1174	0.0789754289073281	6.727038237421474e-05	5.764957873205634e-05	5.764957873205634e-05	60.0	0.03878474466709761
chr17	chr17	1785	44625000	5.7632822921602836e-05	1546	1173	0.06792430466002694	5.790648308612697e-05	5.7632822921602836e-05	5.7632822921602836e-05	55.0	0.03557567917205692
chr17	chr17	1786	44650000	5.7616081361504284e-05	1545	1172	0.061678579318983115	5.262677416295487e-05	5.7616081361504284e-05	5.7616081361504284e-05	49.0	0.03171521035598705
chr17	chr17	1787	44675000	5.759935403167239e-05	1544	1171	0.06793425506924497	5.801388135716906e-05	5.759935403167239e-05	5.759935403167239e-05	51.0	0.033031088082901554
chr17	chr17	1788	44700000	5.758264091205842e-05	1543	1169	0.061983920354597634	5.3023028532589937e-05	5.758264091205842e-05	5.758264091205842e-05	47.0	0.0304601425793908
chr17	chr17	1789	44725000	5.7565941982653076e-05	1542	1169	0.0684268214202006	5.85344922328491e-05	5.7565941982653076e-05	5.7565941982653076e-05	52.0	0.03372243839169909
chr17	chr17	1790	44750000	5.754925722348635e-05	1541	1168	0.06931739485386837	5.934708463516128e-05	5.754925722348635e-05	5.754925722348635e-05	52.0	0.03374432186891629
chr17	chr17	1791	44775000	5.7532586614627585e-05	1540	1167	0.0628220591415491	5.38320986645665e-05	5.7532586614627585e-05	5.7532586614627585e-05	45.0	0.02922077922077922
chr17	chr17	1792	44800000	5.751593013618513e-05	1539	1166	0.0700585395694273	6.00845107799548e-05	5.751593013618513e-05	5.751593013618513e-05	48.0	0.031189083820662766
chr17	chr17	1793	44825000	5.749928776830649e-05	1538	1165	0.060186976792956114	5.166264102399666e-05	5.749928776830649e-05	5.749928776830649e-05	43.0	0.027958387516254877
chr17	chr17	1794	44850000	5.748137587276452e-05	1537	1164	0.06035197144521629	5.184877271925798e-05	5.748137587276452e-05	5.748137587276452e-05	43.0	0.02797657774886142
chr17	chr17	1795	44875000	5.746347953393812e-05	1536	1163	0.07598749924542432	6.533748860311636e-05	5.746347953393812e-05	5.746347953393812e-05	58.0	0.037760416666666664
chr17	chr17	1796	44900000	5.7445598729660594e-05	1535	1162	0.07876569458296202	6.778459086313427e-05	5.7445598729660594e-05	5.7445598729660594e-05	56.0	0.036482084690553744
chr17	chr17	1797	44925000	5.742773343780927e-05	1534	1162	0.07800971760690825	6.713400826756304e-05	5.742773343780927e-05	5.742773343780927e-05	59.0	0.038461538461538464
chr17	chr17	1798	44950000	5.740988363630531e-05	1533	1162	0.06487580548616095	5.5831157905474145e-05	5.740988363630531e-05	5.740988363630531e-05	49.0	0.0319634703196347
chr17	chr17	1799	44975000	5.7392049303113304e-05	1532	1162	0.07123009650860865	6.129956670276132e-05	5.7392049303113304e-05	5.7392049303113304e-05	54.0	0.03524804177545692
chr17	chr17	1800	45000000	5.7374230416241666e-05	1531	1163	0.08508451000323515	7.315950989100185e-05	5.7374230416241666e-05	5.7374230416241666e-05	61.0	0.039843239712606136
chr17	chr17	1801	45025000	5.73564269537422e-05	1530	1163	0.07180463778094827	6.174087513409138e-05	5.73564269537422e-05	5.73564269537422e-05	50.0	0.032679738562091505
chr17	chr17	1802	45050000	5.733863889371002e-05	1529	1163	0.0545069401546689	4.686753237718736e-05	5.733863889371002e-05	5.733863889371002e-05	42.0	0.027468933943754086
chr17	chr17	1803	45075000	5.732086621428359e-05	1528	1163	0.0672079014517371	5.778839333769313e-05	5.732086621428359e-05	5.732086621428359e-05	50.0	0.032722513089005235
chr17	chr17	1804	45100000	5.730310889364432e-05	1527	1163	0.07169706493585615	6.16483791365917e-05	5.730310889364432e-05	5.730310889364432e-05	50.0	0.03274394237066143
chr17	chr17	1805	45125000	5.72853669100168e-05	1526	1162	0.06117034663547058	5.264229486701427e-05	5.72853669100168e-05	5.72853669100168e-05	44.0	0.028833551769331587
chr17	chr17	1806	45150000	5.7267640241668444e-05	1525	1163	0.05741459446634698	4.936766506134736e-05	5.7267640241668444e-05	5.7267640241668444e-05	44.0	0.028852459016393443
chr17	chr17	1807	45175000	5.724992886690956e-05	1524	1162	0.07220515450683208	6.213868718316014e-05	5.724992886690956e-05	5.724992886690956e-05	55.0	0.03608923884514436
chr17	chr17	1808	45200000	5.7232232764093126e-05	1523	1162	0.06643815855524317	5.7175695830673985e-05	5.7232232764093126e-05	5.7232232764093126e-05	49.0	0.03217334208798424
chr17	chr17	1809	45225000	5.721455191161463e-05	1522	1162	0.06825192667764436	5.873659782929807e-05	5.721455191161463e-05	5.721455191161463e-05	54.0	0.035479632063074903
chr17	chr17	1810	45250000	5.71968862879121e-05	1521	1162	0.08589606264322439	7.392088007162167e-05	5.71968862879121e-05	5.71968862879121e-05	62.0	0.04076265614727153
chr17	chr17	1811	45275000	5.7179235871466045e-05	1520	1162	0.05848530050357962	5.033158391013737e-05	5.7179235871466045e-05	5.7179235871466045e-05	44.0	0.02894736842105263
chr17	chr17	1812	45300000	5.716160064079903e-05	1519	1162	0.06833040428442143	5.880413449605975e-05	5.716160064079903e-05	5.716160064079903e-05	51.0	0.03357472021066491
chr17	chr17	1813	45325000	5.7143980574475945e-05	1518	1163	0.03895067871397163	3.349155521407707e-05	5.7143980574475945e-05	5.7143980574475945e-05	31.0	0.020421607378129116
chr17	chr17	1814	45350000	5.712637565110369e-05	1517	1164	0.062350020117554764	5.356530937934258e-05	5.712637565110369e-05	5.712637565110369e-05	49.0	0.032300593276203035
chr17	chr17	1815	45375000	5.710878584933113e-05	1516	1164	0.07311862715449328	6.281668999526915e-05	5.710878584933113e-05	5.710878584933113e-05	55.0	0.036279683377308705
chr17	chr17	1816	45400000	5.709121114784895e-05	1515	1166	0.07974579421117622	6.839261939208938e-05	5.709121114784895e-05	5.709121114784895e-05	58.0	0.03828382838283828
chr17	chr17	1817	45425000	5.7073651525389554e-05	1514	1165	0.0497681316088751	4.271942627371254e-05	5.7073651525389554e-05	5.7073651525389554e-05	38.0	0.02509907529722589
chr17	chr17	1818	45450000	5.705610696072711e-05	1513	1166	0.06953927554987517	5.963917285581061e-05	5.705610696072711e-05	5.705610696072711e-05	53.0	0.03502974223397224
chr17	chr17	1819	45475000	5.703857743267714e-05	1512	1165	0.0639274738357448	5.487336809935176e-05	5.703857743267714e-05	5.703857743267714e-05	49.0	0.032407407407407406
chr17	chr17	1820	45500000	5.702106292009674e-05	1511	1166	0.08524879662874045	7.311217549634687e-05	5.702106292009674e-05	5.702106292009674e-05	60.0	0.03970880211780278
chr17	chr17	1821	45525000	5.700356340188424e-05	1510	1165	0.06125889783463692	5.258274492243512e-05	5.700356340188424e-05	5.700356340188424e-05	46.0	0.030463576158940398
chr17	chr17	1822	45550000	5.6986078856979275e-05	1509	1163	0.0782457272049236	6.727921513750955e-05	5.6986078856979275e-05	5.6986078856979275e-05	59.0	0.0390987408880053
chr17	chr17	1823	45575000	5.6968609264362445e-05	1508	1160	0.07991009953430842	6.888801683992105e-05	5.6968609264362445e-05	5.6968609264362445e-05	58.0	0.038461538461538464
chr17	chr17	1824	45600000	5.695115460305557e-05	1507	1161	0.07776537377804216	6.698137276317154e-05	5.695115460305557e-05	5.695115460305557e-05	55.0	0.0364963503649635
chr17	chr17	1825	45625000	5.693371485212124e-05	1506	1159	0.0700561870871685	6.044537281032658e-05	5.693371485212124e-05	5.693371485212124e-05	51.0	0.03386454183266932
chr17	chr17	1826	45650000	5.691628999066291e-05	1505	1160	0.06037059460543125	5.2043616039164874e-05	5.691628999066291e-05	5.691628999066291e-05	48.0	0.03189368770764119
chr17	chr17	1827	45675000	5.689887999782475e-05	1504	1160	0.06851149522865747	5.906163381780817e-05	5.689887999782475e-05	5.689887999782475e-05	52.0	0.034574468085106384
chr17	chr17	1828	45700000	5.688148485279145e-05	1503	1161	0.07227016196387169	6.224820151926933e-05	5.688148485279145e-05	5.688148485279145e-05	57.0	0.03792415169660679
chr17	chr17	1829	45725000	5.6864104534788374e-05	1502	1160	0.06932147567381743	5.97598928222564e-05	5.6864104534788374e-05	5.6864104534788374e-05	50.0	0.033288948069241014
chr17	chr17	1830	45750000	5.684673902308112e-05	1501	1160	0.09443401623800843	8.14086346879383e-05	5.684673902308112e-05	5.684673902308112e-05	69.0	0.04596935376415723
chr17	chr17	1831	45775000	5.682938829697564e-05	1500	1159	0.07613109965436769	6.568688494768567e-05	5.682938829697564e-05	5.682938829697564e-05	55.0	0.03666666666666667
chr17	chr17	1832	45800000	5.681205233581818e-05	1499	1157	0.07664999174603343	6.624891248576787e-05	5.681205233581818e-05	5.681205233581818e-05	56.0	0.037358238825883926
chr17	chr17	1833	45825000	5.679473111899505e-05	1498	1155	0.07472756229633828	6.469918813535782e-05	5.679473111899505e-05	5.679473111899505e-05	58.0	0.03871829105473965
chr17	chr17	1834	45850000	5.6777424625932406e-05	1497	1151	0.07426673938237913	6.452366584046839e-05	5.6777424625932406e-05	5.6777424625932406e-05	57.0	0.03807615230460922
chr17	chr17	1835	45875000	5.676013283609657e-05	1496	1148	0.06554989356104188	5.7099210419026024e-05	5.676013283609657e-05	5.676013283609657e-05	50.0	0.03342245989304813
chr17	chr17	1836	45900000	5.6741750351048735e-05	1495	1146	0.05132097328684986	4.478269920318487e-05	5.6741750351048735e-05	5.6741750351048735e-05	38.0	0.025418060200668897
chr17	chr17	1837	45925000	5.672338382406059e-05	1494	1146	0.05868397045226368	5.1207653099706524e-05	5.672338382406059e-05	5.672338382406059e-05	49.0	0.03279785809906292
chr17	chr17	1838	45950000	5.670503323260302e-05	1493	1144	0.06798332026307775	5.9425979250942095e-05	5.670503323260302e-05	5.670503323260302e-05	50.0	0.033489618218352314
chr17	chr17	1839	45975000	5.668669855419105e-05	1492	1144	0.06650096193240075	5.813021147937129e-05	5.668669855419105e-05	5.668669855419105e-05	50.0	0.03351206434316354
chr17	chr17	1840	46000000	5.666837976638346e-05	1491	1144	0.04918227089202166	4.2991495534983966e-05	5.666837976638346e-05	5.666837976638346e-05	40.0	0.02682763246143528
chr17	chr17	1841	46025000	5.6650076846782885e-05	1490	1145	0.07597399187648149	6.63528313331716e-05	5.6650076846782885e-05	5.6650076846782885e-05	56.0	0.03758389261744966
chr17	chr17	1842	46050000	5.663178977303584e-05	1489	1144	0.06626459894531753	5.792360047667616e-05	5.663178977303584e-05	5.663178977303584e-05	48.0	0.03223640026863667
chr17	chr17	1843	46075000	5.661351852283232e-05	1488	1144	0.05670202343541248	4.9564705800185734e-05	5.661351852283232e-05	5.661351852283232e-05	45.0	0.03024193548387097
chr17	chr17	1844	46100000	5.659526307390574e-05	1487	1143	0.07233465815891403	6.328491527464045e-05	5.659526307390574e-05	5.659526307390574e-05	51.0	0.03429724277067922
chr17	chr17	1845	46125000	5.657702340403311e-05	1486	1143	0.06905331044504581	6.041409487755539e-05	5.657702340403311e-05	5.657702340403311e-05	52.0	0.034993270524899055
chr17	chr17	1846	46150000	5.6558799491034454e-05	1485	1142	0.06495612117066003	5.687926547343261e-05	5.6558799491034454e-05	5.6558799491034454e-05	48.0	0.03232323232323232
chr17	chr17	1847	46175000	5.6540591312773225e-05	1484	1142	0.05739115908295848	5.025495541414928e-05	5.6540591312773225e-05	5.6540591312773225e-05	40.0	0.026954177897574125
chr17	chr17	1848	46200000	5.652239884715571e-05	1483	1142	0.06050705240117106	5.2983408407330176e-05	5.652239884715571e-05	5.652239884715571e-05	44.0	0.029669588671611596
chr17	chr17	1849	46225000	5.650422207213136e-05	1482	1142	0.05857431641237839	5.129099510716146e-05	5.650422207213136e-05	5.650422207213136e-05	41.0	0.02766531713900135
chr17	chr17	1850	46250000	5.648606096569231e-05	1481	1141	0.06670659784083818	5.8463275934126364e-05	5.648606096569231e-05	5.648606096569231e-05	49.0	0.03308575286968265
chr17	chr17	1851	46275000	5.6467915505873476e-05	1480	1141	0.05508149895296262	4.827475806569905e-05	5.6467915505873476e-05	5.6467915505873476e-05	45.0	0.030405405405405407
chr17	chr17	1852	46300000	5.6449785670752504e-05	1479	1141	0.056393789114769395	4.942488090689693e-05	5.6449785670752504e-05	5.6449785670752504e-05	44.0	0.029749830966869506
chr17	chr17	1853	46325000	5.643167143844955e-05	1478	1141	0.06430196590156347	5.63557983361643e-05	5.643167143844955e-05	5.643167143844955e-05	47.0	0.031799729364005415
chr17	chr17	1854	46350000	5.641357278712702e-05	1477	1141	0.055800831243206186	4.8905198285018565e-05	5.641357278712702e-05	5.641357278712702e-05	38.0	0.025727826675693975
chr17	chr17	1855	46375000	5.6395489694989824e-05	1476	1142	0.071282436557198	6.241894619719615e-05	5.6395489694989824e-05	5.6395489694989824e-05	52.0	0.03523035230352303
chr17	chr17	1856	46400000	5.6377422140285075e-05	1475	1143	0.06876500195327949	6.0161856477059924e-05	5.6377422140285075e-05	5.6377422140285075e-05	52.0	0.03525423728813559
chr17	chr17	1857	46425000	5.6359370101301873e-05	1474	1144	0.06031038060204435	5.271886416262618e-05	5.6359370101301873e-05	5.6359370101301873e-05	48.0	0.032564450474898234
chr17	chr17	1858	46450000	5.634133355637157e-05	1473	1142	0.08362581515514507	7.322750889242125e-05	5.634133355637157e-05	5.634133355637157e-05	60.0	0.04073319755600815
chr17	chr17	1859	46475000	5.632331248386705e-05	1472	1141	0.05531098622671571	4.847588626355452e-05	5.632331248386705e-05	5.632331248386705e-05	39.0	0.026494565217391304
chr17	chr17	1860	46500000	5.6305306862203335e-05	1471	1140	0.06200132453796416	5.4387126787687865e-05	5.6305306862203335e-05	5.6305306862203335e-05	49.0	0.03331067301155676
chr17	chr17	1861	46525000	5.628731666983697e-05	1470	1140	0.06432231501450829	5.6423083346059904e-05	5.628731666983697e-05	5.628731666983697e-05	45.0	0.030612244897959183
chr17	chr17	1862	46550000	5.6269341885266136e-05	1469	1139	0.05670362082210807	4.978368816690788e-05	5.6269341885266136e-05	5.6269341885266136e-05	41.0	0.027910142954390742
chr17	chr17	1863	46575000	5.6251382487030527e-05	1468	1140	0.06623863283419126	5.810406388964146e-05	5.6251382487030527e-05	5.6251382487030527e-05	45.0	0.030653950953678476
chr17	chr17	1864	46600000	5.623343845371123e-05	1467	1138	0.056664506905902405	4.9793064064940604e-05	5.623343845371123e-05	5.623343845371123e-05	42.0	0.028629856850715747
chr17	chr17	1865	46625000	5.621550976393057e-05	1466	1138	0.07340733787560734	6.450556931072701e-05	5.621550976393057e-05	5.621550976393057e-05	50.0	0.034106412005457026
chr17	chr17	1866	46650000	5.6197596396352027e-05	1465	1138	0.04164164179805812	3.659195237087708e-05	5.6197596396352027e-05	5.6197596396352027e-05	32.0	0.021843003412969283
chr17	chr17	1867	46675000	5.61796983296803e-05	1464	1139	0.045373684504143745	3.983642186491988e-05	5.61796983296803e-05	5.61796983296803e-05	34.0	0.023224043715846996
chr17	chr17	1868	46700000	5.616181554266092e-05	1463	1137	0.06233285071183023	5.48222081898243e-05	5.616181554266092e-05	5.616181554266092e-05	47.0	0.03212576896787423
chr17	chr17	1869	46725000	5.614394801408044e-05	1462	1135	0.06059698999724517	5.3389418499775483e-05	5.614394801408044e-05	5.614394801408044e-05	49.0	0.033515731874145006
chr17	chr17	1870	46750000	5.6126095722766076e-05	1461	1133	0.0597262394171684	5.271512746440282e-05	5.6126095722766076e-05	5.6126095722766076e-05	47.0	0.03216974674880219
chr17	chr17	1871	46775000	5.610825864758579e-05	1460	1132	0.05009946890477455	4.4257481364641825e-05	5.610825864758579e-05	5.610825864758579e-05	38.0	0.026027397260273973
chr17	chr17	1872	46800000	5.609043676744811e-05	1459	1133	0.05831169515509122	5.1466632970071686e-05	5.609043676744811e-05	5.609043676744811e-05	48.0	0.03289924605894448
chr17	chr17	1873	46825000	5.6072630061302056e-05	1458	1132	0.0711386976390689	6.28433724726757e-05	5.6072630061302056e-05	5.6072630061302056e-05	53.0	0.03635116598079561
chr17	chr17	1874	46850000	5.605483850813698e-05	1457	1132	0.04636115694891982	4.09550856439221e-05	5.605483850813698e-05	5.605483850813698e-05	33.0	0.022649279341111873
chr17	chr17	1875	46875000	5.603706208698254e-05	1456	1132	0.06699422140479765	5.918217438586364e-05	5.603706208698254e-05	5.603706208698254e-05	49.0	0.03365384615384615
chr17	chr17	1876	46900000	5.6019300776908696e-05	1455	1133	0.04394857748484668	3.878956529995294e-05	5.6019300776908696e-05	5.6019300776908696e-05	35.0	0.024054982817869417
chr17	chr17	1877	46925000	5.600155455702532e-05	1454	1133	0.05569288986804726	4.9155242601983464e-05	5.600155455702532e-05	5.600155455702532e-05	42.0	0.02888583218707015
chr17	chr17	1878	46950000	5.598382340648232e-05	1453	1133	0.047570054170886465	4.1985926011373754e-05	5.598382340648232e-05	5.598382340648232e-05	35.0	0.024088093599449415
chr17	chr17	1879	46975000	5.5965187642740515e-05	1452	1132	0.05601087153957832	4.947956849786071e-05	5.5965187642740515e-05	5.5965187642740515e-05	44.0	0.030303030303030304
chr17	chr17	1880	47000000	5.594656799275614e-05	1451	1130	0.05443449582930301	4.817212020292301e-05	5.594656799275614e-05	5.594656799275614e-05	42.0	0.028945554789800137
chr17	chr17	1881	47025000	5.5927964434036195e-05	1450	1129	0.040317469016228055	3.5710778579475694e-05	5.5927964434036195e-05	5.5927964434036195e-05	32.0	0.022068965517241378
chr17	chr17	1882	47050000	5.59093769441308e-05	1449	1129	0.05178056078472974	4.586409281198383e-05	5.59093769441308e-05	5.59093769441308e-05	37.0	0.025534851621808144
chr17	chr17	1883	47075000	5.589080550063355e-05	1448	1128	0.044997324840479205	3.989124542595674e-05	5.589080550063355e-05	5.589080550063355e-05	33.0	0.022790055248618785
chr17	chr17	1884	47100000	5.587225008118098e-05	1447	1127	0.037480115003082265	3.325653505153706e-05	5.587225008118098e-05	5.587225008118098e-05	29.0	0.020041465100207326
chr17	chr17	1885	47125000	5.5853710663452675e-05	1446	1126	0.040350873336917864	3.583558910916329e-05	5.5853710663452675e-05	5.5853710663452675e-05	31.0	0.021438450899031812
chr17	chr17	1886	47150000	5.583518722517119e-05	1445	1124	0.06178984200555895	5.497316904409159e-05	5.583518722517119e-05	5.583518722517119e-05	46.0	0.03183391003460208
chr17	chr17	1887	47175000	5.581667974410179e-05	1444	1123	0.03552098750210016	3.163044301166532e-05	5.581667974410179e-05	5.581667974410179e-05	23.0	0.01592797783933518
chr17	chr17	1888	47200000	5.5798188198052584e-05	1443	1122	0.0539304254327052	4.806633282772299e-05	5.5798188198052584e-05	5.5798188198052584e-05	36.0	0.02494802494802495
chr17	chr17	1889	47225000	5.577971256487405e-05	1442	1121	0.06064194515497191	5.409629362620153e-05	5.577971256487405e-05	5.577971256487405e-05	45.0	0.031206657420249653
chr17	chr17	1890	47250000	5.57612528224594e-05	1441	1120	0.0475835696477247	4.248533004261134e-05	5.57612528224594e-05	5.57612528224594e-05	35.0	0.024288688410825817
chr17	chr17	1891	47275000	5.574280894874416e-05	1440	1119	0.05181442599692309	4.630422341101259e-05	5.574280894874416e-05	5.574280894874416e-05	34.0	0.02361111111111111
chr17	chr17	1892	47300000	5.5724380921706e-05	1439	1118	0.0485451580013288	4.342142933929231e-05	5.5724380921706e-05	5.5724380921706e-05	36.0	0.02501737317581654
chr17	chr17	1893	47325000	5.570596871936496e-05	1438	1117	0.04574954026020018	4.0957511423634894e-05	5.570596871936496e-05	5.570596871936496e-05	27.0	0.018776077885952713
chr17	chr17	1894	47350000	5.568757231978307e-05	1437	1116	0.043961205530094666	3.939176122768339e-05	5.568757231978307e-05	5.568757231978307e-05	35.0	0.024356297842727904
chr17	chr17	1895	47375000	5.566919170106429e-05	1436	1116	0.04750747157974066	4.256941897826224e-05	5.566919170106429e-05	5.566919170106429e-05	35.0	0.02437325905292479
chr17	chr17	1896	47400000	5.565082684135454e-05	1435	1116	0.04286325942582145	3.840793855360345e-05	5.565082684135454e-05	5.565082684135454e-05	30.0	0.020905923344947737
chr17	chr17	1897	47425000	5.563247771884142e-05	1434	1116	0.04291524264935197	3.8454518503003555e-05	5.563247771884142e-05	5.563247771884142e-05	33.0	0.02301255230125523
chr17	chr17	1898	47450000	5.5614144311754346e-05	1433	1116	0.027086892221285474	2.4271408800435013e-05	5.5614144311754346e-05	5.5614144311754346e-05	20.0	0.013956734124214934
chr17	chr17	1899	47475000	5.559582659836416e-05	1432	1116	0.051433588449932496	4.6087444847609765e-05	5.559582659836416e-05	5.559582659836416e-05	38.0	0.02653631284916201
chr17	chr17	1900	47500000	5.5577524556983204e-05	1431	1115	0.04989554237732245	4.4749365360827314e-05	5.5577524556983204e-05	5.5577524556983204e-05	41.0	0.0286512928022362
chr17	chr17	1901	47525000	5.5559238165965256e-05	1430	1114	0.055404375845718924	4.973462822775487e-05	5.5559238165965256e-05	5.5559238165965256e-05	44.0	0.03076923076923077
chr17	chr17	1902	47550000	5.5540967403705185e-05	1429	1113	0.04414513989451321	3.966319846766686e-05	5.5540967403705185e-05	5.5540967403705185e-05	34.0	0.023792862141357594
chr17	chr17	1903	47575000	5.5522712248639226e-05	1428	1112	0.04588802265347516	4.126620742218989e-05	5.5522712248639226e-05	5.5522712248639226e-05	33.0	0.023109243697478993
chr17	chr17	1904	47600000	5.55044726792446e-05	1427	1111	0.058864169275490305	5.2983050653006574e-05	5.55044726792446e-05	5.55044726792446e-05	38.0	0.026629292221443588
chr17	chr17	1905	47625000	5.548624867403941e-05	1426	1110	0.037343207052154166	3.364252887581456e-05	5.548624867403941e-05	5.548624867403941e-05	30.0	0.021037868162692847
chr17	chr17	1906	47650000	5.546804021158273e-05	1425	1109	0.04189576598044432	3.77779675206892e-05	5.546804021158273e-05	5.546804021158273e-05	30.0	0.021052631578947368
chr17	chr17	1907	47675000	5.5449847270474406e-05	1424	1108	0.04780314163442195	4.3143629633954834e-05	5.5449847270474406e-05	5.5449847270474406e-05	37.0	0.02598314606741573
chr17	chr17	1908	47700000	5.543166982935487e-05	1423	1107	0.0462994889558661	4.182428993303171e-05	5.543166982935487e-05	5.543166982935487e-05	35.0	0.024595924104005622
chr17	chr17	1909	47725000	5.5413507866905146e-05	1422	1106	0.060091639478386916	5.433240459166991e-05	5.5413507866905146e-05	5.5413507866905146e-05	41.0	0.028832630098452883
chr17	chr17	1910	47750000	5.539536136184684e-05	1421	1105	0.06401123885098571	5.792872294206852e-05	5.539536136184684e-05	5.539536136184684e-05	43.0	0.030260380014074596
chr17	chr17	1911	47775000	5.53772302929417e-05	1420	1104	0.06510798203887055	5.897462141202043e-05	5.53772302929417e-05	5.53772302929417e-05	44.0	0.030985915492957747
chr17	chr17	1912	47800000	5.5359114638991947e-05	1419	1103	0.04623262227816424	4.191534204729306e-05	5.5359114638991947e-05	5.5359114638991947e-05	36.0	0.02536997885835095
chr17	chr17	1913	47825000	5.5341014378839974e-05	1418	1102	0.03967064066589005	3.5998766484473734e-05	5.5341014378839974e-05	5.5341014378839974e-05	29.0	0.020451339915373765
chr17	chr17	1914	47850000	5.532292949136806e-05	1417	1101	0.04057188784646325	3.685003437462602e-05	5.532292949136806e-05	5.532292949136806e-05	33.0	0.02328863796753705
chr17	chr17	1915	47875000	5.530485995549873e-05	1416	1100	0.056475609899294565	5.134146354481324e-05	5.530485995549873e-05	5.530485995549873e-05	39.0	0.02754237288135593
chr17	chr17	1916	47900000	5.528680575019419e-05	1415	1099	0.05870681648208006	5.3418395343111976e-05	5.528680575019419e-05	5.528680575019419e-05	41.0	0.028975265017667843
chr17	chr17	1917	47925000	5.526876685445654e-05	1414	1098	0.03892217922917014	3.544825066408938e-05	5.526876685445654e-05	5.526876685445654e-05	30.0	0.021216407355021217
chr17	chr17	1918	47950000	5.52507432473275e-05	1413	1097	0.07282205708595384	6.638291439011289e-05	5.52507432473275e-05	5.52507432473275e-05	43.0	0.03043170559094126
chr17	chr17	1919	47975000	5.523273490788855e-05	1412	1097	0.0505108910148353	4.604456792601213e-05	5.523273490788855e-05	5.523273490788855e-05	32.0	0.0226628895184136
chr17	chr17	1920	48000000	5.5214741815260495e-05	1411	1096	0.05911684958164644	5.393873137011537e-05	5.5214741815260495e-05	5.5214741815260495e-05	39.0	0.027639971651311126
chr17	chr17	1921	48025000	5.519676394860359e-05	1410	1096	0.05604894614763557	5.113954940477698e-05	5.519676394860359e-05	5.519676394860359e-05	41.0	0.029078014184397163
chr17	chr17	1922	48050000	5.517880128711743e-05	1409	1097	0.04363838243714735	3.9779746980079625e-05	5.517880128711743e-05	5.517880128711743e-05	38.0	0.0269694819020582
chr17	chr17	1923	48075000	5.51601208267176e-05	1408	1097	0.04471898187365608	4.076479660315049e-05	5.51601208267176e-05	5.51601208267176e-05	32.0	0.022727272727272728
chr17	chr17	1924	48100000	5.514145639725117e-05	1407	1096	0.05435010436252068	4.958951127967216e-05	5.514145639725117e-05	5.514145639725117e-05	37.0	0.026297085998578537
chr17	chr17	1925	48125000	5.512280797663949e-05	1406	1095	0.04281464120266305	3.9100128952203694e-05	5.512280797663949e-05	5.512280797663949e-05	29.0	0.020625889046941678
chr17	chr17	1926	48150000	5.5104175542845837e-05	1405	1093	0.05858097490188	5.3596500367685274e-05	5.5104175542845837e-05	5.5104175542845837e-05	42.0	0.0298932384341637
chr17	chr17	1927	48175000	5.508555907387533e-05	1404	1091	0.03520314729257337	3.226686277962729e-05	5.508555907387533e-05	5.508555907387533e-05	26.0	0.018518518518518517
chr17	chr17	1928	48200000	5.5066958547774586e-05	1403	1089	0.03460196668736825	3.177407409308379e-05	5.5066958547774586e-05	5.5066958547774586e-05	30.0	0.021382751247327157
chr17	chr17	1929	48225000	5.504837394263187e-05	1402	1087	0.04666841276726255	4.2933222416984865e-05	5.504837394263187e-05	5.504837394263187e-05	36.0	0.025677603423680456
chr17	chr17	1930	48250000	5.502980523657695e-05	1401	1086	0.05235565102667922	4.820962341314845e-05	5.502980523657695e-05	5.502980523657695e-05	29.0	0.02069950035688794
chr17	chr17	1931	48275000	5.501125240778093e-05	1400	1084	0.050397791902031794	4.649242795390387e-05	5.501125240778093e-05	5.501125240778093e-05	37.0	0.02642857142857143
chr17	chr17	1932	48300000	5.4992715434455986e-05	1399	1084	0.04631535391977328	4.2726341254403395e-05	5.4992715434455986e-05	5.4992715434455986e-05	30.0	0.021443888491779844
chr17	chr17	1933	48325000	5.4974194294855635e-05	1398	1083	0.03465519597203043	3.1999257591902517e-05	5.4974194294855635e-05	5.4974194294855635e-05	25.0	0.0178826895565093
chr17	chr17	1934	48350000	5.4955688967274506e-05	1397	1082	0.04901029904194984	4.529602499255992e-05	5.4955688967274506e-05	5.4955688967274506e-05	34.0	0.024337866857551897
chr17	chr17	1935	48375000	5.4937199430047976e-05	1396	1080	0.0513813901703865	4.757536126887639e-05	5.4937199430047976e-05	5.4937199430047976e-05	39.0	0.027936962750716332
chr17	chr17	1936	48400000	5.4918725661552446e-05	1395	1079	0.038051116586964424	3.526516829190401e-05	5.4918725661552446e-05	5.4918725661552446e-05	29.0	0.02078853046594982
chr17	chr17	1937	48425000	5.490026764020499e-05	1394	1078	0.04482418571186778	4.158087728373635e-05	5.490026764020499e-05	5.490026764020499e-05	36.0	0.02582496413199426
chr17	chr17	1938	48450000	5.4881825344463385e-05	1393	1077	0.04829910851894184	4.484596891266652e-05	5.4881825344463385e-05	5.4881825344463385e-05	31.0	0.022254127781765973
chr17	chr17	1939	48475000	5.486339875282597e-05	1392	1076	0.04355213864349258	4.04759652820563e-05	5.486339875282597e-05	5.486339875282597e-05	31.0	0.022270114942528736
chr17	chr17	1940	48500000	5.484498784383156e-05	1391	1075	0.046781683701042596	4.3517845303295436e-05	5.484498784383156e-05	5.484498784383156e-05	36.0	0.025880661394680086
chr17	chr17	1941	48525000	5.482659259605936e-05	1390	1074	0.04287511041338739	3.992095941656181e-05	5.482659259605936e-05	5.482659259605936e-05	29.0	0.020863309352517987
chr17	chr17	1942	48550000	5.480821298812873e-05	1389	1073	0.03276618957283929	3.053698935026961e-05	5.480821298812873e-05	5.480821298812873e-05	25.0	0.017998560115190784
chr17	chr17	1943	48575000	5.478984899869937e-05	1388	1072	0.03566516088742572	3.3269739633792644e-05	5.478984899869937e-05	5.478984899869937e-05	26.0	0.018731988472622477
chr17	chr17	1944	48600000	5.477150060647103e-05	1387	1071	0.05267345004953251	4.918155933663166e-05	5.477150060647103e-05	5.477150060647103e-05	39.0	0.028118240807498196
chr17	chr17	1945	48625000	5.4753167790183354e-05	1386	1070	0.05778179059441401	5.400167345272338e-05	5.4753167790183354e-05	5.4753167790183354e-05	38.0	0.027417027417027416
chr17	chr17	1946	48650000	5.4734850528615895e-05	1385	1069	0.038482472183245985	3.599857079817211e-05	5.4734850528615895e-05	5.4734850528615895e-05	29.0	0.020938628158844765
chr17	chr17	1947	48675000	5.471654880058807e-05	1384	1068	0.048465916190420164	4.538007133934472e-05	5.471654880058807e-05	5.471654880058807e-05	33.0	0.02384393063583815
chr17	chr17	1948	48700000	5.469826258495897e-05	1383	1067	0.030093179769316723	2.8203542426726075e-05	5.469826258495897e-05	5.469826258495897e-05	23.0	0.016630513376717282
chr17	chr17	1949	48725000	5.467999186062729e-05	1382	1066	0.03005806742870857	2.8197061377775395e-05	5.467999186062729e-05	5.467999186062729e-05	24.0	0.017366136034732273
chr17	chr17	1950	48750000	5.4661736606531214e-05	1381	1065	0.048337442698700044	4.538727013962445e-05	5.4661736606531214e-05	5.4661736606531214e-05	35.0	0.025343953656770456
chr17	chr17	1951	48775000	5.464349680164839e-05	1380	1064	0.052791761708565366	4.9616317395268204e-05	5.464349680164839e-05	5.464349680164839e-05	39.0	0.02826086956521739
chr17	chr17	1952	48800000	5.462527242499575e-05	1379	1063	0.03408675437968395	3.2066561034509825e-05	5.462527242499575e-05	5.462527242499575e-05	26.0	0.01885424220449601
chr17	chr17	1953	48825000	5.460706345562942e-05	1378	1062	0.04189111463521482	3.9445494006793615e-05	5.460706345562942e-05	5.460706345562942e-05	27.0	0.019593613933236574
chr17	chr17	1954	48850000	5.4588869872644754e-05	1377	1061	0.01931193766147092	1.820163775821953e-05	5.4588869872644754e-05	5.4588869872644754e-05	17.0	0.012345679012345678
chr17	chr17	1955	48875000	5.45706916551761e-05	1376	1060	0.043586545478880294	4.111938252724556e-05	5.45706916551761e-05	5.45706916551761e-05	34.0	0.024709302325581394
chr17	chr17	1956	48900000	5.4552528782396723e-05	1375	1059	0.039958171110127075	3.77319840511115e-05	5.4552528782396723e-05	5.4552528782396723e-05	26.0	0.01890909090909091
chr17	chr17	1957	48925000	5.453438123351886e-05	1374	1058	0.043158107731171805	4.079216231679755e-05	5.453438123351886e-05	5.453438123351886e-05	30.0	0.021834061135371178
chr17	chr17	1958	48950000	5.4516248987793346e-05	1373	1058	0.03394931561410267	3.2088200013329556e-05	5.4516248987793346e-05	5.4516248987793346e-05	28.0	0.02039329934450109
chr17	chr17	1959	48975000	5.4498132024509786e-05	1372	1058	0.04321592883660386	4.084681364518323e-05	5.4498132024509786e-05	5.4498132024509786e-05	30.0	0.021865889212827987
chr17	chr17	1960	49000000	5.4480030322996454e-05	1371	1058	0.05762836878349923	5.446915764035844e-05	5.4480030322996454e-05	5.4480030322996454e-05	38.0	0.027716994894237783
chr17	chr17	1961	49025000	5.4461943862619904e-05	1370	1057	0.032997438817859534	3.1218012126641e-05	5.4461943862619904e-05	5.4461943862619904e-05	23.0	0.016788321167883213
chr17	chr17	1962	49050000	5.444387262278531e-05	1369	1057	0.03723511510860754	3.522716661173845e-05	5.444387262278531e-05	5.444387262278531e-05	31.0	0.022644265887509132
chr17	chr17	1963	49075000	5.4425816582935894e-05	1368	1056	0.05307034260417053	5.0256006253949366e-05	5.4425816582935894e-05	5.4425816582935894e-05	35.0	0.025584795321637425
chr17	chr17	1964	49100000	5.440777572255339e-05	1367	1055	0.04052210632069373	3.840957945089453e-05	5.440777572255339e-05	5.440777572255339e-05	29.0	0.02121433796634967
chr17	chr17	1965	49125000	5.4389750021157476e-05	1366	1054	0.05364145630084069	5.0893222296812795e-05	5.4389750021157476e-05	5.4389750021157476e-05	36.0	0.02635431918008785
chr17	chr17	1966	49150000	5.4371739458305885e-05	1365	1053	0.030089894703414288	2.8575398578741013e-05	5.4371739458305885e-05	5.4371739458305885e-05	24.0	0.017582417582417582
chr17	chr17	1967	49175000	5.435374401359431e-05	1364	1052	0.04028412592164503	3.8292895362780444e-05	5.435374401359431e-05	5.435374401359431e-05	30.0	0.021994134897360705
chr17	chr17	1968	49200000	5.433521268411962e-05	1363	1051	0.030522325301671687	2.904122293213291e-05	5.433521268411962e-05	5.433521268411962e-05	23.0	0.016874541452677916
chr17	chr17	1969	49225000	5.431669708182548e-05	1362	1050	0.035176938849843964	3.350184652366092e-05	5.431669708182548e-05	5.431669708182548e-05	27.0	0.019823788546255508
chr17	chr17	1970	49250000	5.429819718538738e-05	1361	1049	0.03949693651790688	3.7651989054248694e-05	5.429819718538738e-05	5.429819718538738e-05	30.0	0.02204261572373255
chr17	chr17	1971	49275000	5.427971297352051e-05	1360	1049	0.04546940958818497	4.334548101828882e-05	5.427971297352051e-05	5.427971297352051e-05	31.0	0.022794117647058822
chr17	chr17	1972	49300000	5.426124442497948e-05	1359	1047	0.044854631039882804	4.284109936951557e-05	5.426124442497948e-05	5.426124442497948e-05	30.0	0.02207505518763797
chr17	chr17	1973	49325000	5.42427915185587e-05	1358	1045	0.03978594711617252	3.80726766661938e-05	5.42427915185587e-05	5.42427915185587e-05	28.0	0.020618556701030927
chr17	chr17	1974	49350000	5.422435423309181e-05	1357	1043	0.03462626347949376	3.319871858053093e-05	5.422435423309181e-05	5.422435423309181e-05	27.0	0.01989683124539425
chr17	chr17	1975	49375000	5.4205932547451966e-05	1356	1041	0.04060671811698933	3.900741413735766e-05	5.4205932547451966e-05	5.4205932547451966e-05	29.0	0.021386430678466076
chr17	chr17	1976	49400000	5.4187526440551486e-05	1355	1039	0.03683995270912263	3.545712484034902e-05	5.4187526440551486e-05	5.4187526440551486e-05	26.0	0.01918819188191882
chr17	chr17	1977	49425000	5.416913589134177e-05	1354	1038	0.040791224336990756	3.9297903985540226e-05	5.416913589134177e-05	5.416913589134177e-05	25.0	0.01846381093057607
chr17	chr17	1978	49450000	5.4150760878813475e-05	1353	1037	0.034954977108114106	3.370778891814282e-05	5.4150760878813475e-05	5.4150760878813475e-05	29.0	0.021433850702143386
chr17	chr17	1979	49475000	5.4132401381996084e-05	1352	1036	0.04340240664480938	4.1894214908117156e-05	5.4132401381996084e-05	5.4132401381996084e-05	30.0	0.022189349112426034
chr17	chr17	1980	49500000	5.411405737995791e-05	1351	1035	0.04316530037206202	4.170560422421451e-05	5.411405737995791e-05	5.411405737995791e-05	33.0	0.02442635085122132
chr17	chr17	1981	49525000	5.409572885180636e-05	1350	1034	0.0491770753612306	4.756003419848221e-05	5.409572885180636e-05	5.409572885180636e-05	37.0	0.027407407407407408
chr17	chr17	1982	49550000	5.407741577668715e-05	1349	1033	0.05632751372226977	5.452808685602107e-05	5.407741577668715e-05	5.407741577668715e-05	35.0	0.025945144551519646
chr17	chr17	1983	49575000	5.405911813378488e-05	1348	1032	0.042022972233075474	4.071993433437546e-05	5.405911813378488e-05	5.405911813378488e-05	32.0	0.02373887240356083
chr17	chr17	1984	49600000	5.404083590232253e-05	1347	1031	0.04180909478029901	4.055198329805918e-05	5.404083590232253e-05	5.404083590232253e-05	26.0	0.019302152932442463
chr17	chr17	1985	49625000	5.402256906156159e-05	1346	1030	0.03557592588762507	3.453973387148065e-05	5.402256906156159e-05	5.402256906156159e-05	25.0	0.018573551263001486
chr17	chr17	1986	49650000	5.4004317590801754e-05	1345	1029	0.04413400055983264	4.289018518934173e-05	5.4004317590801754e-05	5.4004317590801754e-05	31.0	0.023048327137546468
chr17	chr17	1987	49675000	5.3986081469381196e-05	1344	1029	0.04458653454177659	4.3329965541085126e-05	5.3986081469381196e-05	5.3986081469381196e-05	29.0	0.021577380952380952
chr17	chr17	1988	49700000	5.396786067667603e-05	1343	1029	0.04861467464508379	4.7244581773648e-05	5.396786067667603e-05	5.396786067667603e-05	35.0	0.026061057334326135
chr17	chr17	1989	49725000	5.3949655192100465e-05	1342	1028	0.03659371022644832	3.559699438370459e-05	5.3949655192100465e-05	5.3949655192100465e-05	27.0	0.020119225037257823
chr17	chr17	1990	49750000	5.393146499510685e-05	1341	1026	0.052124456679613906	5.080356401521823e-05	5.393146499510685e-05	5.393146499510685e-05	40.0	0.02982848620432513
chr17	chr17	1991	49775000	5.391329006518519e-05	1340	1024	0.04018629716177798	3.924443082204881e-05	5.391329006518519e-05	5.391329006518519e-05	30.0	0.022388059701492536
chr17	chr17	1992	49800000	5.3895130381863446e-05	1339	1023	0.05024414094606668	4.911450727865756e-05	5.3895130381863446e-05	5.3895130381863446e-05	35.0	0.026138909634055265
chr17	chr17	1993	49825000	5.387698592470728e-05	1338	1022	0.035750585535937796	3.498100345982172e-05	5.387698592470728e-05	5.387698592470728e-05	25.0	0.01868460388639761
chr17	chr17	1994	49850000	5.385885667331992e-05	1337	1021	0.0550439988373747	5.391184998763438e-05	5.385885667331992e-05	5.385885667331992e-05	37.0	0.027673896783844427
chr17	chr17	1995	49875000	5.384074260734213e-05	1336	1020	0.050837055144469574	4.984025014163684e-05	5.384074260734213e-05	5.384074260734213e-05	42.0	0.03143712574850299
chr17	chr17	1996	49900000	5.382264370645218e-05	1335	1019	0.03526194011989448	3.4604455466039724e-05	5.382264370645218e-05	5.382264370645218e-05	26.0	0.01947565543071161
chr17	chr17	1997	49925000	5.380455995036566e-05	1334	1018	0.039217151121435166	3.85237240878538e-05	5.380455995036566e-05	5.380455995036566e-05	30.0	0.022488755622188907
chr17	chr17	1998	49950000	5.378649131883548e-05	1333	1017	0.05046877786417241	4.962515030892075e-05	5.378649131883548e-05	5.378649131883548e-05	33.0	0.024756189047261814
chr17	chr17	1999	49975000	5.376843779165157e-05	1332	1016	0.053869448070268104	5.3021110305381995e-05	5.376843779165157e-05	5.376843779165157e-05	40.0	0.03003003003003003
chr17	chr17	2000	50000000	5.37503993486411e-05	1331	1015	0.03463281511678916	3.412100011506321e-05	5.37503993486411e-05	5.37503993486411e-05	24.0	0.018031555221637866
chr17	chr17	2001	50025000	5.373237596966829e-05	1330	1014	0.054480149270279714	5.37279578602364e-05	5.373237596966829e-05	5.373237596966829e-05	45.0	0.03383458646616541
chr17	chr17	2002	50050000	5.3714367634634216e-05	1329	1013	0.0461787849724521	4.5586164829666436e-05	5.3714367634634216e-05	5.3714367634634216e-05	30.0	0.022573363431151242
chr17	chr17	2003	50075000	5.36963743234768e-05	1328	1012	0.0412577490325775	4.07685267120331e-05	5.36963743234768e-05	5.36963743234768e-05	34.0	0.025602409638554216
chr17	chr17	2004	50100000	5.367839601617067e-05	1327	1011	0.042844289625491805	4.237813019336479e-05	5.367839601617067e-05	5.367839601617067e-05	29.0	0.02185380557648832
chr17	chr17	2005	50125000	5.3660432692727186e-05	1326	1010	0.03810436955733334	3.7727098571617163e-05	5.3660432692727186e-05	5.3660432692727186e-05	26.0	0.0196078431372549
chr17	chr17	2006	50150000	5.364248433319428e-05	1325	1009	0.04088656861082668	4.05218717649422e-05	5.364248433319428e-05	5.364248433319428e-05	28.0	0.021132075471698115
chr17	chr17	2007	50175000	5.362455091765641e-05	1324	1008	0.058606634409052935	5.8141502389933465e-05	5.362455091765641e-05	5.362455091765641e-05	42.0	0.03172205438066465
chr17	chr17	2008	50200000	5.3606632426234294e-05	1323	1007	0.052071785173219406	5.1709816458013315e-05	5.3606632426234294e-05	5.3606632426234294e-05	37.0	0.027966742252456538
chr17	chr17	2009	50225000	5.3588728839085184e-05	1322	1006	0.04200616199958173	4.175562823020053e-05	5.3588728839085184e-05	5.3588728839085184e-05	34.0	0.025718608169440244
chr17	chr17	2010	50250000	5.357084013640244e-05	1321	1005	0.041743070472737814	4.1535393505211754e-05	5.357084013640244e-05	5.357084013640244e-05	32.0	0.024224072672218017
chr17	chr17	2011	50275000	5.355296629841564e-05	1320	1004	0.051479429379888	5.127433205168128e-05	5.355296629841564e-05	5.355296629841564e-05	37.0	0.02803030303030303
chr17	chr17	2012	50300000	5.353510730539037e-05	1319	1003	0.0317572341285807	3.166224738642143e-05	5.353510730539037e-05	5.353510730539037e-05	27.0	0.02047005307050796
chr17	chr17	2013	50325000	5.351726313762831e-05	1318	1002	0.0468620775861288	4.6768540505118565e-05	5.351726313762831e-05	5.351726313762831e-05	32.0	0.024279210925644917
chr17	chr17	2014	50350000	5.34990554035312e-05	1317	1001	0.05647428128039735	5.6417863416980374e-05	5.34990554035312e-05	5.34990554035312e-05	36.0	0.02733485193621868
chr17	chr17	2015	50375000	5.348086289782827e-05	1316	1000	0.03410266398009452	3.410266398009452e-05	5.348086289782827e-05	5.348086289782827e-05	25.0	0.018996960486322188
chr17	chr17	2016	50400000	5.346268560023498e-05	1315	999	0.0518149528796545	5.186681969935385e-05	5.346268560023498e-05	5.346268560023498e-05	34.0	0.02585551330798479
chr17	chr17	2017	50425000	5.3444523490503765e-05	1314	998	0.055813796853914605	5.5925648150215035e-05	5.3444523490503765e-05	5.3444523490503765e-05	39.0	0.02968036529680365
chr17	chr17	2018	50450000	5.342637654842402e-05	1313	997	0.0480485084905483	4.819308775380973e-05	5.342637654842402e-05	5.342637654842402e-05	34.0	0.025894897182025894
chr17	chr17	2019	50475000	5.3408244753822143e-05	1312	996	0.042004418249554004	4.21731106923233e-05	5.3408244753822143e-05	5.3408244753822143e-05	32.0	0.024390243902439025
chr17	chr17	2020	50500000	5.339012808656126e-05	1311	995	0.04541392987710594	4.564214058000597e-05	5.339012808656126e-05	5.339012808656126e-05	33.0	0.02517162471395881
chr17	chr17	2021	50525000	5.3372026526541167e-05	1310	994	0.04196188080049277	4.221517183148166e-05	5.3372026526541167e-05	5.3372026526541167e-05	34.0	0.025954198473282442
chr17	chr17	2022	50550000	5.335394005369835e-05	1309	993	0.052571441687361296	5.294203593893383e-05	5.335394005369835e-05	5.335394005369835e-05	38.0	0.029029793735676088
chr17	chr17	2023	50575000	5.333586864800596e-05	1308	992	0.050357146511210774	5.076325253146247e-05	5.333586864800596e-05	5.333586864800596e-05	39.0	0.02981651376146789
chr17	chr17	2024	50600000	5.331781228947344e-05	1307	991	0.05479778217252132	5.529544114280658e-05	5.331781228947344e-05	5.331781228947344e-05	41.0	0.03136954858454476
chr17	chr17	2025	50625000	5.3299770958146714e-05	1306	991	0.035407187997695405	3.572874671815884e-05	5.3299770958146714e-05	5.3299770958146714e-05	26.0	0.019908116385911178
chr17	chr17	2026	50650000	5.328174463410789e-05	1305	990	0.034805860703397154	3.5157435053936516e-05	5.328174463410789e-05	5.328174463410789e-05	28.0	0.021455938697318006
chr17	chr17	2027	50675000	5.326373329747546e-05	1304	989	0.04691928489293891	4.7441137404387166e-05	5.326373329747546e-05	5.326373329747546e-05	34.0	0.02607361963190184
chr17	chr17	2028	50700000	5.324573692840393e-05	1303	988	0.03813644967166784	3.859964541666786e-05	5.324573692840393e-05	5.324573692840393e-05	28.0	0.021488871834228703
chr17	chr17	2029	50725000	5.3227755507083845e-05	1302	988	0.039746931339444035	4.02296875905304e-05	5.3227755507083845e-05	5.3227755507083845e-05	27.0	0.020737327188940093
chr17	chr17	2030	50750000	5.320978901374181e-05	1301	986	0.050656908753330517	5.137617520621756e-05	5.320978901374181e-05	5.320978901374181e-05	36.0	0.027671022290545733
chr17	chr17	2031	50775000	5.319183742864021e-05	1300	984	0.02507536336501167	2.5483092850621617e-05	5.319183742864021e-05	5.319183742864021e-05	19.0	0.014615384615384615
chr17	chr17	2032	50800000	5.317390073207732e-05	1299	983	0.04536234212463961	4.614683837704945e-05	5.317390073207732e-05	5.317390073207732e-05	34.0	0.02617397998460354
chr17	chr17	2033	50825000	5.315597890438701e-05	1298	982	0.043470879721564014	4.426769829079838e-05	5.315597890438701e-05	5.315597890438701e-05	31.0	0.023882896764252697
chr17	chr17	2034	50850000	5.313807192593894e-05	1297	981	0.04788930953384448	4.8816829290361345e-05	5.313807192593894e-05	5.313807192593894e-05	37.0	0.028527370855821126
chr17	chr17	2035	50875000	5.312017977713815e-05	1296	980	0.057151845967263144	5.831821017067668e-05	5.312017977713815e-05	5.312017977713815e-05	40.0	0.030864197530864196
chr17	chr17	2036	50900000	5.310230243842526e-05	1295	979	0.029781266841303486	3.0420088704089362e-05	5.310230243842526e-05	5.310230243842526e-05	21.0	0.016216216216216217
chr17	chr17	2037	50925000	5.308443989027629e-05	1294	978	0.044770083632726505	4.577718162855471e-05	5.308443989027629e-05	5.308443989027629e-05	33.0	0.025502318392581144
chr17	chr17	2038	50950000	5.306659211320245e-05	1293	977	0.04752618255604442	4.864501796933922e-05	5.306659211320245e-05	5.306659211320245e-05	35.0	0.027068832173240527
chr17	chr17	2039	50975000	5.304875908775031e-05	1292	976	0.03665241882164901	3.755370780906661e-05	5.304875908775031e-05	5.304875908775031e-05	25.0	0.01934984520123839
chr17	chr17	2040	51000000	5.303094079450151e-05	1291	976	0.043006417235066256	4.4063952085108867e-05	5.303094079450151e-05	5.303094079450151e-05	31.0	0.024012393493415957
chr17	chr17	2041	51025000	5.301313721407283e-05	1290	976	0.043105532948339756	4.416550507002024e-05	5.301313721407283e-05	5.301313721407283e-05	31.0	0.024031007751937984
chr17	chr17	2042	51050000	5.299534832711588e-05	1289	974	0.03403298944585742	3.4941467603549715e-05	5.299534832711588e-05	5.299534832711588e-05	27.0	0.02094647013188518
chr17	chr17	2043	51075000	5.29775741143173e-05	1288	972	0.05203800967465488	5.3537046990385676e-05	5.29775741143173e-05	5.29775741143173e-05	35.0	0.02717391304347826
chr17	chr17	2044	51100000	5.295981455639858e-05	1287	972	0.03502745453823527	3.603647586238196e-05	5.295981455639858e-05	5.295981455639858e-05	24.0	0.018648018648018648
chr17	chr17	2045	51125000	5.294206963411583e-05	1286	973	0.03220064649213689	3.3094189611651486e-05	5.294206963411583e-05	5.294206963411583e-05	23.0	0.017884914463452566
chr17	chr17	2046	51150000	5.2924339328259884e-05	1285	973	0.04879521007518072	5.014923954283733e-05	5.2924339328259884e-05	5.2924339328259884e-05	32.0	0.024902723735408562
chr17	chr17	2047	51175000	5.2906623619656204e-05	1284	972	0.04571637594888262	4.703330858938541e-05	5.2906623619656204e-05	5.2906623619656204e-05	31.0	0.024143302180685357
chr17	chr17	2048	51200000	5.2888922489164686e-05	1283	970	0.038498263827146856	3.968893178056377e-05	5.2888922489164686e-05	5.2888922489164686e-05	29.0	0.02260327357755261
chr17	chr17	2049	51225000	5.28712359176797e-05	1282	969	0.04901915410275441	5.058736233514387e-05	5.28712359176797e-05	5.28712359176797e-05	38.0	0.029641185647425898
chr17	chr17	2050	51250000	5.2853563886129966e-05	1281	968	0.03447270922424335	3.561230291760677e-05	5.2853563886129966e-05	5.2853563886129966e-05	23.0	0.01795472287275566
chr17	chr17	2051	51275000	5.283590637547842e-05	1280	967	0.0481429293918264	4.97858628664182e-05	5.283590637547842e-05	5.283590637547842e-05	30.0	0.0234375
chr17	chr17	2052	51300000	5.281826336672222e-05	1279	966	0.03194604878891627	3.3070443880865705e-05	5.281826336672222e-05	5.281826336672222e-05	24.0	0.018764659890539485
chr17	chr17	2053	51325000	5.280063484089268e-05	1278	965	0.034724583808104115	3.5984024671610485e-05	5.280063484089268e-05	5.280063484089268e-05	26.0	0.02034428794992175
chr17	chr17	2054	51350000	5.2783020779055084e-05	1277	964	0.04577193376849824	4.7481259095952526e-05	5.2783020779055084e-05	5.2783020779055084e-05	33.0	0.025841816758026624
chr17	chr17	2055	51375000	5.2765421162308676e-05	1276	963	0.029332848637179595	3.0459863590009963e-05	5.2765421162308676e-05	5.2765421162308676e-05	25.0	0.019592476489028215
chr17	chr17	2056	51400000	5.274783597178663e-05	1275	962	0.03237995654166095	3.3658998484055035e-05	5.274783597178663e-05	5.274783597178663e-05	28.0	0.02196078431372549
chr17	chr17	2057	51425000	5.2730265188655925e-05	1274	961	0.042331751475987174	4.404968936106886e-05	5.2730265188655925e-05	5.2730265188655925e-05	33.0	0.025902668759811617
chr17	chr17	2058	51450000	5.27127087941172e-05	1273	960	0.03275812091153065	3.412304261617776e-05	5.27127087941172e-05	5.27127087941172e-05	26.0	0.0204241948153967
chr17	chr17	2059	51475000	5.269516676940477e-05	1272	959	0.030451338317948322	3.175322035239658e-05	5.269516676940477e-05	5.269516676940477e-05	25.0	0.019654088050314465
chr17	chr17	2060	51500000	5.26776390957865e-05	1271	958	0.04763731242065435	4.9725795846194524e-05	5.26776390957865e-05	5.26776390957865e-05	36.0	0.02832415420928403
chr17	chr17	2061	51525000	5.2659907080124634e-05	1270	957	0.05109212521661812	5.3387800644324055e-05	5.2659907080124634e-05	5.2659907080124634e-05	37.0	0.029133858267716535
chr17	chr17	2062	51550000	5.264218963047199e-05	1269	956	0.03935041637548392	4.116152340531791e-05	5.264218963047199e-05	5.264218963047199e-05	26.0	0.02048857368006304
chr17	chr17	2063	51575000	5.2624486727808106e-05	1268	955	0.046449439343967516	4.863815638111782e-05	5.2624486727808106e-05	5.2624486727808106e-05	36.0	0.028391167192429023
chr17	chr17	2064	51600000	5.26067983531462e-05	1267	954	0.03892322813130024	4.08000294877361e-05	5.26067983531462e-05	5.26067983531462e-05	25.0	0.01973164956590371
chr17	chr17	2065	51625000	5.258912448753382e-05	1266	953	0.04554211275982981	4.778815609635867e-05	5.258912448753382e-05	5.258912448753382e-05	36.0	0.02843601895734597
chr17	chr17	2066	51650000	5.2571465112052234e-05	1265	952	0.05658534383276008	5.9438386378949664e-05	5.2571465112052234e-05	5.2571465112052234e-05	42.0	0.03320158102766799
chr17	chr17	2067	51675000	5.255382020781655e-05	1264	951	0.05390337049222824	5.6680726069640635e-05	5.255382020781655e-05	5.255382020781655e-05	42.0	0.03322784810126582
chr17	chr17	2068	51700000	5.2536189755975554e-05	1263	950	0.03963652577120555	4.1722658706532155e-05	5.2536189755975554e-05	5.2536189755975554e-05	27.0	0.021377672209026127
chr17	chr17	2069	51725000	5.2518573737711746e-05	1262	949	0.03667340100522415	3.864425817199594e-05	5.2518573737711746e-05	5.2518573737711746e-05	25.0	0.019809825673534072
chr17	chr17	2070	51750000	5.250097213424121e-05	1261	948	0.05007026405703476	5.281673423737844e-05	5.250097213424121e-05	5.250097213424121e-05	35.0	0.02775574940523394
chr17	chr17	2071	51775000	5.248338492681351e-05	1260	947	0.04628374869745152	4.8874074654119875e-05	5.248338492681351e-05	5.248338492681351e-05	34.0	0.026984126984126985
chr17	chr17	2072	51800000	5.2465812096711696e-05	1259	946	0.03719912237865372	3.932253951231894e-05	5.2465812096711696e-05	5.2465812096711696e-05	29.0	0.023034154090548053
chr17	chr17	2073	51825000	5.2448253625252036e-05	1258	945	0.02788071416463105	2.950340123241381e-05	5.2448253625252036e-05	5.2448253625252036e-05	19.0	0.015103338632750398
chr17	chr17	2074	51850000	5.2430709493784196e-05	1257	944	0.057155683503795414	6.054627489808836e-05	5.2430709493784196e-05	5.2430709493784196e-05	37.0	0.0294351630867144
chr17	chr17	2075	51875000	5.241317968369104e-05	1256	943	0.037062248526303306	3.930249048388473e-05	5.241317968369104e-05	5.241317968369104e-05	27.0	0.021496815286624203
chr17	chr17	2076	51900000	5.239566417638848e-05	1255	942	0.04690819109017773	4.9796381199764045e-05	5.239566417638848e-05	5.239566417638848e-05	33.0	0.026294820717131476
chr17	chr17	2077	51925000	5.237816295332555e-05	1254	941	0.039917771687820444	4.242058627823639e-05	5.237816295332555e-05	5.237816295332555e-05	29.0	0.023125996810207338
chr17	chr17	2078	51950000	5.236067599598426e-05	1253	940	0.035946184485512546	3.8240621793098455e-05	5.236067599598426e-05	5.236067599598426e-05	27.0	0.02154828411811652
chr17	chr17	2079	51975000	5.2343203285879446e-05	1252	939	0.03778974057916643	4.024466515353188e-05	5.2343203285879446e-05	5.2343203285879446e-05	28.0	0.022364217252396165
chr17	chr17	2080	52000000	5.232574480455891e-05	1251	938	0.04537958357772866	4.8379086969859976e-05	5.232574480455891e-05	5.232574480455891e-05	31.0	0.02478017585931255
chr17	chr17	2081	52025000	5.2308300533603084e-05	1250	937	0.04079795367157872	4.354103913722382e-05	5.2308300533603084e-05	5.2308300533603084e-05	31.0	0.0248
chr17	chr17	2082	52050000	5.229087045462511e-05	1249	936	0.03903189873026496	4.170074650669334e-05	5.229087045462511e-05	5.229087045462511e-05	27.0	0.021617293835068056
chr17	chr17	2083	52075000	5.227345454927075e-05	1248	935	0.04387889213052269	4.6929296396280956e-05	5.227345454927075e-05	5.227345454927075e-05	32.0	0.02564102564102564
chr17	chr17	2084	52100000	5.225605279921832e-05	1247	934	0.038845143629559625	4.159008953914307e-05	5.225605279921832e-05	5.225605279921832e-05	31.0	0.024859663191659984
chr17	chr17	2085	52125000	5.2238665186178536e-05	1246	933	0.04943510890079465	5.298511136205214e-05	5.2238665186178536e-05	5.2238665186178536e-05	33.0	0.026484751203852328
chr17	chr17	2086	52150000	5.222129169189466e-05	1245	932	0.030553362884154743	3.2782578201882775e-05	5.222129169189466e-05	5.222129169189466e-05	23.0	0.018473895582329317
chr17	chr17	2087	52175000	5.220393229814205e-05	1244	932	0.037474386919784296	4.020856965642092e-05	5.220393229814205e-05	5.220393229814205e-05	26.0	0.02090032154340836
chr17	chr17	2088	52200000	5.218658698672844e-05	1243	931	0.05286468977268525	5.678269578161681e-05	5.218658698672844e-05	5.218658698672844e-05	37.0	0.029766693483507644
chr17	chr17	2089	52225000	5.216925573949365e-05	1242	930	0.028721592217287872	3.088343249170739e-05	5.216925573949365e-05	5.216925573949365e-05	22.0	0.017713365539452495
chr17	chr17	2090	52250000	5.2151938538309694e-05	1241	929	0.04252269325320343	4.5772543867818546e-05	5.2151938538309694e-05	5.2151938538309694e-05	30.0	0.024174053182917002
chr17	chr17	2091	52275000	5.2134635365080575e-05	1240	928	0.023903225625393147	2.5757786234259858e-05	5.2134635365080575e-05	5.2134635365080575e-05	18.0	0.014516129032258065
chr17	chr17	2092	52300000	5.211734620174223e-05	1239	927	0.03131983461208061	3.378622935499527e-05	5.211734620174223e-05	5.211734620174223e-05	26.0	0.020984665052461663
chr17	chr17	2093	52325000	5.21000710302625e-05	1238	926	0.028617624889434343	3.090456251558784e-05	5.21000710302625e-05	5.21000710302625e-05	24.0	0.01938610662358643
chr17	chr17	2094	52350000	5.208280983264096e-05	1237	925	0.037912823256081064	4.098683595252007e-05	5.208280983264096e-05	5.208280983264096e-05	28.0	0.02263540824575586
chr17	chr17	2095	52375000	5.206556259090907e-05	1236	924	0.050613537115252946	5.477655531953782e-05	5.206556259090907e-05	5.206556259090907e-05	33.0	0.02669902912621359
chr17	chr17	2096	52400000	5.2048329287129804e-05	1235	923	0.03928805945846496	4.2565611547632673e-05	5.2048329287129804e-05	5.2048329287129804e-05	28.0	0.022672064777327937
chr17	chr17	2097	52425000	5.2031109903397855e-05	1234	922	0.05189252053766247	5.628256023607643e-05	5.2031109903397855e-05	5.2031109903397855e-05	38.0	0.03079416531604538
chr17	chr17	2098	52450000	5.2013904421839414e-05	1233	922	0.04212739517837023	4.569131798087878e-05	5.2013904421839414e-05	5.2013904421839414e-05	32.0	0.025952960259529603
chr17	chr17	2099	52475000	5.1996712824612015e-05	1232	922	0.04276726247740802	4.638531722061608e-05	5.1996712824612015e-05	5.1996712824612015e-05	33.0	0.026785714285714284
chr17	chr17	2100	52500000	5.1979535093904744e-05	1231	921	0.02767020861596779	3.004365756348294e-05	5.1979535093904744e-05	5.1979535093904744e-05	23.0	0.01868399675060926
chr17	chr17	2101	52525000	5.19623712119379e-05	1230	920	0.03475328744496085	3.777531244017483e-05	5.19623712119379e-05	5.19623712119379e-05	25.0	0.02032520325203252
chr17	chr17	2102	52550000	5.194522116096302e-05	1229	920	0.04142471472070523	4.502686382685351e-05	5.194522116096302e-05	5.194522116096302e-05	32.0	0.026037428803905614
chr17	chr17	2103	52575000	5.192808492326291e-05	1228	920	0.03329403879222355	3.6189172600242985e-05	5.192808492326291e-05	5.192808492326291e-05	23.0	0.018729641693811076
chr17	chr17	2104	52600000	5.191096248115139e-05	1227	920	0.05335064150466687	5.7989827722463985e-05	5.191096248115139e-05	5.191096248115139e-05	40.0	0.032599837000814993
chr17	chr17	2105	52625000	5.1893853816973394e-05	1226	919	0.04060145452079127	4.4180037563429025e-05	5.1893853816973394e-05	5.1893853816973394e-05	30.0	0.024469820554649267
chr17	chr17	2106	52650000	5.187675891310472e-05	1225	918	0.04759079557351002	5.184182524347497e-05	5.187675891310472e-05	5.187675891310472e-05	35.0	0.02857142857142857
chr17	chr17	2107	52675000	5.18596777519521e-05	1224	917	0.046053787771910375	5.0222233120949155e-05	5.18596777519521e-05	5.18596777519521e-05	32.0	0.026143790849673203
chr17	chr17	2108	52700000	5.184261031595316e-05	1223	916	0.03960914954593784	4.324142963530332e-05	5.184261031595316e-05	5.184261031595316e-05	26.0	0.02125919869174162
chr17	chr17	2109	52725000	5.182548233686238e-05	1222	915	0.04786986581525253	5.2316793240713144e-05	5.182548233686238e-05	5.182548233686238e-05	34.0	0.027823240589198037
chr17	chr17	2110	52750000	5.18083681320122e-05	1221	914	0.037866399535473355	4.142932115478485e-05	5.18083681320122e-05	5.18083681320122e-05	28.0	0.02293202293202293
chr17	chr17	2111	52775000	5.179126768380541e-05	1220	913	0.03209615501051803	3.5154605707029606e-05	5.179126768380541e-05	5.179126768380541e-05	21.0	0.01721311475409836
chr17	chr17	2112	52800000	5.177418097467531e-05	1219	912	0.03830612706583521	4.200233230902983e-05	5.177418097467531e-05	5.177418097467531e-05	29.0	0.02378999179655455
chr17	chr17	2113	52825000	5.1757107987086124e-05	1218	911	0.04946515890890808	5.429764973535465e-05	5.1757107987086124e-05	5.1757107987086124e-05	33.0	0.027093596059113302
chr17	chr17	2114	52850000	5.174004870353258e-05	1217	910	0.03903682182565447	4.2897606401818095e-05	5.174004870353258e-05	5.174004870353258e-05	28.0	0.023007395234182416
chr17	chr17	2115	52875000	5.1723003106540225e-05	1216	909	0.04030913466972961	4.434448258496107e-05	5.1723003106540225e-05	5.1723003106540225e-05	29.0	0.023848684210526317
chr17	chr17	2116	52900000	5.17059711786649e-05	1215	908	0.036590001376732115	4.029735834441863e-05	5.17059711786649e-05	5.17059711786649e-05	23.0	0.018930041152263374
chr17	chr17	2117	52925000	5.168895290249307e-05	1214	907	0.043881520904800145	4.8380949178390455e-05	5.168895290249307e-05	5.168895290249307e-05	33.0	0.027182866556836903
chr17	chr17	2118	52950000	5.167194826064155e-05	1213	906	0.039485666680528796	4.3582413554667545e-05	5.167194826064155e-05	5.167194826064155e-05	28.0	0.023083264633140973
chr17	chr17	2119	52975000	5.165495723575739e-05	1212	905	0.03848065900444882	4.2520065198285985e-05	5.165495723575739e-05	5.165495723575739e-05	28.0	0.0231023102310231
chr17	chr17	2120	53000000	5.163797981051819e-05	1211	904	0.033171406327970034	3.6694033548639417e-05	5.163797981051819e-05	5.163797981051819e-05	24.0	0.01981833195706028
chr17	chr17	2121	53025000	5.162101596763136e-05	1210	903	0.03669829597438277	4.064041636144271e-05	5.162101596763136e-05	5.162101596763136e-05	27.0	0.02231404958677686
chr17	chr17	2122	53050000	5.160406568983466e-05	1209	902	0.03572609407353135	3.960764309704141e-05	5.160406568983466e-05	5.160406568983466e-05	25.0	0.0206782464846981
chr17	chr17	2123	53075000	5.15871289598959e-05	1208	901	0.043042017367487924	4.777138442562478e-05	5.15871289598959e-05	5.15871289598959e-05	29.0	0.024006622516556293
chr17	chr17	2124	53100000	5.1570205760612815e-05	1207	900	0.028243010250826844	3.1381122500918714e-05	5.1570205760612815e-05	5.1570205760612815e-05	23.0	0.019055509527754765
chr17	chr17	2125	53125000	5.155329607481318e-05	1206	899	0.03060823353308105	3.404697834603009e-05	5.155329607481318e-05	5.155329607481318e-05	23.0	0.019071310116086235
chr17	chr17	2126	53150000	5.153639988535446e-05	1205	898	0.046914275478727334	5.224306846183445e-05	5.153639988535446e-05	5.153639988535446e-05	34.0	0.028215767634854772
chr17	chr17	2127	53175000	5.15195171751241e-05	1204	897	0.034719396314068264	3.8706127440432846e-05	5.15195171751241e-05	5.15195171751241e-05	22.0	0.018272425249169437
chr17	chr17	2128	53200000	5.150264792703914e-05	1203	896	0.04113529948299169	4.590993245869608e-05	5.150264792703914e-05	5.150264792703914e-05	31.0	0.025768911055694097
chr17	chr17	2129	53225000	5.1485792124046395e-05	1202	895	0.038727793023115804	4.3271277120799784e-05	5.1485792124046395e-05	5.1485792124046395e-05	25.0	0.020798668885191347
chr17	chr17	2130	53250000	5.146894974912217e-05	1201	894	0.043514971895314114	4.867446520728648e-05	5.146894974912217e-05	5.146894974912217e-05	30.0	0.02497918401332223
chr17	chr17	2131	53275000	5.1452120785272315e-05	1200	893	0.033458238453429684	3.746723231067154e-05	5.1452120785272315e-05	5.1452120785272315e-05	25.0	0.020833333333333332
chr17	chr17	2132	53300000	5.143530521553223e-05	1199	892	0.05896775757735416	6.610735154411902e-05	5.143530521553223e-05	5.143530521553223e-05	43.0	0.03586321934945788
chr17	chr17	2133	53325000	5.14185030229667e-05	1198	891	0.03715710600543813	4.170270034280374e-05	5.14185030229667e-05	5.14185030229667e-05	28.0	0.02337228714524207
chr17	chr17	2134	53350000	5.140171419066979e-05	1197	890	0.050220241653518426	5.642723781294205e-05	5.140171419066979e-05	5.140171419066979e-05	38.0	0.031746031746031744
chr17	chr17	2135	53375000	5.138493870176487e-05	1196	889	0.03296990578616342	3.7086508195909356e-05	5.138493870176487e-05	5.138493870176487e-05	25.0	0.020903010033444816
chr17	chr17	2136	53400000	5.136817653940452e-05	1195	888	0.035318360081462344	3.97729280196648e-05	5.136817653940452e-05	5.136817653940452e-05	25.0	0.02092050209205021
chr17	chr17	2137	53425000	5.135142768677051e-05	1194	887	0.03224281204247161	3.635040816513147e-05	5.135142768677051e-05	5.135142768677051e-05	23.0	0.019262981574539362
chr17	chr17	2138	53450000	5.1334692127073604e-05	1193	886	0.040662114214126834	4.589403410172329e-05	5.1334692127073604e-05	5.1334692127073604e-05	30.0	0.025146689019279127
chr17	chr17	2139	53475000	5.1317969843553635e-05	1192	885	0.05177360954797504	5.850125372652547e-05	5.1317969843553635e-05	5.1317969843553635e-05	36.0	0.030201342281879196
chr17	chr17	2140	53500000	5.130126081947943e-05	1191	884	0.05370048587345394	6.0747155965445636e-05	5.130126081947943e-05	5.130126081947943e-05	40.0	0.033585222502099076
chr17	chr17	2141	53525000	5.1284565038148613e-05	1190	883	0.045407438308398274	5.142405244439215e-05	5.1284565038148613e-05	5.1284565038148613e-05	32.0	0.02689075630252101
chr17	chr17	2142	53550000	5.1267882482887684e-05	1189	882	0.03979446937933664	4.5118446008318186e-05	5.1267882482887684e-05	5.1267882482887684e-05	29.0	0.024390243902439025
chr17	chr17	2143	53575000	5.125121313705193e-05	1188	881	0.036707800871261624	4.1666062282930336e-05	5.125121313705193e-05	5.125121313705193e-05	27.0	0.022727272727272728
chr17	chr17	2144	53600000	5.123455698402534e-05	1187	880	0.03223485389260049	3.663051578704601e-05	5.123455698402534e-05	5.123455698402534e-05	24.0	0.020219039595619208
chr17	chr17	2145	53625000	5.121791400722048e-05	1186	879	0.04239517195332345	4.8231139878638735e-05	5.121791400722048e-05	5.121791400722048e-05	27.0	0.022765598650927487
chr17	chr17	2146	53650000	5.120128419007857e-05	1185	878	0.03748852946505797	4.269764175974712e-05	5.120128419007857e-05	5.120128419007857e-05	25.0	0.02109704641350211
chr17	chr17	2147	53675000	5.118466751606924e-05	1184	877	0.036900427355640426	4.2075743849076884e-05	5.118466751606924e-05	5.118466751606924e-05	26.0	0.02195945945945946
chr17	chr17	2148	53700000	5.1168063968690685e-05	1183	876	0.0494059909074382	5.639953299935867e-05	5.1168063968690685e-05	5.1168063968690685e-05	36.0	0.030431107354184278
chr17	chr17	2149	53725000	5.1151473531469426e-05	1182	875	0.029353057922525527	3.3546351911457745e-05	5.1151473531469426e-05	5.1151473531469426e-05	21.0	0.017766497461928935
chr17	chr17	2150	53750000	5.113489618796033e-05	1181	874	0.043342384117603584	4.959082850984392e-05	5.113489618796033e-05	5.113489618796033e-05	30.0	0.02540220152413209
chr17	chr17	2151	53775000	5.1118331921746525e-05	1180	873	0.04763465815858539	5.456432778761213e-05	5.1118331921746525e-05	5.1118331921746525e-05	30.0	0.025423728813559324
chr17	chr17	2152	53800000	5.110178071643929e-05	1179	872	0.05029892229733239	5.7682250340977516e-05	5.110178071643929e-05	5.110178071643929e-05	35.0	0.029686174724342665
chr17	chr17	2153	53825000	5.108524255567819e-05	1178	871	0.03248264333836573	3.729350555495491e-05	5.108524255567819e-05	5.108524255567819e-05	23.0	0.019524617996604415
chr17	chr17	2154	53850000	5.106871742313066e-05	1177	870	0.03738880966441416	4.297564329243007e-05	5.106871742313066e-05	5.106871742313066e-05	25.0	0.021240441801189464
chr17	chr17	2155	53875000	5.105220530249237e-05	1176	869	0.03469390690267332	3.99239435013502e-05	5.105220530249237e-05	5.105220530249237e-05	26.0	0.022108843537414966
chr17	chr17	2156	53900000	5.103570617748678e-05	1175	868	0.047791636093224975	5.505948858666472e-05	5.103570617748678e-05	5.103570617748678e-05	34.0	0.02893617021276596
chr17	chr17	2157	53925000	5.101922003186533e-05	1174	867	0.03856524004432984	4.448124572587063e-05	5.101922003186533e-05	5.101922003186533e-05	26.0	0.022146507666098807
chr17	chr17	2158	53950000	5.10027468494073e-05	1173	866	0.030666375103248773	3.5411518594975486e-05	5.10027468494073e-05	5.10027468494073e-05	22.0	0.01875532821824382
chr17	chr17	2159	53975000	5.0986343096262795e-05	1172	865	0.03506818347682366	4.054125257436261e-05	5.0986343096262795e-05	5.0986343096262795e-05	20.0	0.017064846416382253
chr17	chr17	2160	54000000	5.096995221139868e-05	1171	864	0.050755428029992354	5.874470836804671e-05	5.096995221139868e-05	5.096995221139868e-05	35.0	0.029888983774551667
chr17	chr17	2161	54025000	5.095357417876958e-05	1170	863	0.04241135030074451	4.914409073087429e-05	5.095357417876958e-05	5.095357417876958e-05	29.0	0.024786324786324785
chr17	chr17	2162	54050000	5.0937208982357614e-05	1169	862	0.031182125657625393	3.61741596956211e-05	5.0937208982357614e-05	5.0937208982357614e-05	26.0	0.022241231822070145
chr17	chr17	2163	54075000	5.0920856606172226e-05	1168	861	0.03607043504637183	4.189365278324254e-05	5.0920856606172226e-05	5.0920856606172226e-05	28.0	0.023972602739726026
chr17	chr17	2164	54100000	5.090451703425012e-05	1167	860	0.04087088721203331	4.752428745585269e-05	5.090451703425012e-05	5.090451703425012e-05	29.0	0.024850042844901457
chr17	chr17	2165	54125000	5.088819025065537e-05	1166	859	0.03860854155678024	4.4945915665634743e-05	5.088819025065537e-05	5.088819025065537e-05	31.0	0.026586620926243566
chr17	chr17	2166	54150000	5.087187623947913e-05	1165	858	0.03625242637373735	4.2252245190836074e-05	5.087187623947913e-05	5.087187623947913e-05	29.0	0.024892703862660945
chr17	chr17	2167	54175000	5.085557498483964e-05	1164	857	0.027011780275104043	3.1518996820424786e-05	5.085557498483964e-05	5.085557498483964e-05	20.0	0.01718213058419244
chr17	chr17	2168	54200000	5.083928647088228e-05	1163	856	0.04357740622749425	5.0908184845203564e-05	5.083928647088228e-05	5.083928647088228e-05	32.0	0.027515047291487533
chr17	chr17	2169	54225000	5.082301068177948e-05	1162	855	0.044174128796514486	5.166564771522162e-05	5.082301068177948e-05	5.082301068177948e-05	32.0	0.027538726333907058
chr17	chr17	2170	54250000	5.080674760173043e-05	1161	854	0.04473148635711847	5.2378789645337784e-05	5.080674760173043e-05	5.080674760173043e-05	29.0	0.024978466838931956
chr17	chr17	2171	54275000	5.079049721496148e-05	1160	853	0.042961664388099285	5.036537442919025e-05	5.079049721496148e-05	5.079049721496148e-05	33.0	0.028448275862068967
chr17	chr17	2172	54300000	5.077425950572555e-05	1159	852	0.03528989858333745	4.1420068759785734e-05	5.077425950572555e-05	5.077425950572555e-05	27.0	0.023295944779982744
chr17	chr17	2173	54325000	5.075803445830253e-05	1158	851	0.042750337638402434	5.0235414381201454e-05	5.075803445830253e-05	5.075803445830253e-05	31.0	0.02677029360967185
chr17	chr17	2174	54350000	5.074182205699887e-05	1157	850	0.043987306180056154	5.174977197653665e-05	5.074182205699887e-05	5.074182205699887e-05	32.0	0.027657735522904063
chr17	chr17	2175	54375000	5.072562228614781e-05	1156	849	0.03625856811838535	4.270738294273892e-05	5.072562228614781e-05	5.072562228614781e-05	27.0	0.023356401384083045
chr17	chr17	2176	54400000	5.070943513010913e-05	1155	848	0.03687804702970031	4.348826300672206e-05	5.070943513010913e-05	5.070943513010913e-05	25.0	0.021645021645021644
chr17	chr17	2177	54425000	5.069326057326908e-05	1154	847	0.03086652107478823	3.6442173642016796e-05	5.069326057326908e-05	5.069326057326908e-05	20.0	0.01733102253032929
chr17	chr17	2178	54450000	5.067709860004058e-05	1153	846	0.036510784922229124	4.3156956172847664e-05	5.067709860004058e-05	5.067709860004058e-05	27.0	0.023417172593235037
chr17	chr17	2179	54475000	5.06609491948628e-05	1152	845	0.03825732123795265	4.527493637627532e-05	5.06609491948628e-05	5.06609491948628e-05	29.0	0.025173611111111112
chr17	chr17	2180	54500000	5.0644812342201385e-05	1151	844	0.048810967750010995	5.783290017773815e-05	5.0644812342201385e-05	5.0644812342201385e-05	35.0	0.030408340573414423
chr17	chr17	2181	54525000	5.062868802654827e-05	1150	843	0.03972047548330531	4.7118001759555526e-05	5.062868802654827e-05	5.062868802654827e-05	27.0	0.023478260869565216
chr17	chr17	2182	54550000	5.0612576232421624e-05	1149	842	0.04286959052394065	5.091400299755421e-05	5.0612576232421624e-05	5.0612576232421624e-05	30.0	0.02610966057441253
chr17	chr17	2183	54575000	5.05964769443658e-05	1148	842	0.032714366108630294	3.885316639979845e-05	5.05964769443658e-05	5.05964769443658e-05	25.0	0.02177700348432056
chr17	chr17	2184	54600000	5.058039014695139e-05	1147	841	0.04045088052445121	4.8098549969620944e-05	5.058039014695139e-05	5.058039014695139e-05	28.0	0.024411508282476024
chr17	chr17	2185	54625000	5.0564315824775e-05	1146	840	0.03808321655798798	4.5337162569033305e-05	5.0564315824775e-05	5.0564315824775e-05	27.0	0.02356020942408377
chr17	chr17	2186	54650000	5.054825396245928e-05	1145	840	0.050333988428602205	5.992141479595501e-05	5.054825396245928e-05	5.054825396245928e-05	35.0	0.03056768558951965
chr17	chr17	2187	54675000	5.053220454465287e-05	1144	838	0.0476621489347388	5.687607271448544e-05	5.053220454465287e-05	5.053220454465287e-05	35.0	0.030594405594405596
chr17	chr17	2188	54700000	5.0516167556030346e-05	1143	836	0.034612116782545964	4.1402053567638716e-05	5.0516167556030346e-05	5.0516167556030346e-05	26.0	0.022747156605424323
chr17	chr17	2189	54725000	5.050014298129211e-05	1142	836	0.044321448430768386	5.3016086639675105e-05	5.050014298129211e-05	5.050014298129211e-05	33.0	0.028896672504378284
chr17	chr17	2190	54750000	5.048413080516435e-05	1141	836	0.04400593339730427	5.263867631256492e-05	5.048413080516435e-05	5.048413080516435e-05	31.0	0.02716914986853637
chr17	chr17	2191	54775000	5.0468131012399157e-05	1140	835	0.02829600445692615	3.3887430487336705e-05	5.0468131012399157e-05	5.0468131012399157e-05	22.0	0.01929824561403509
chr17	chr17	2192	54800000	5.0452143587774155e-05	1139	834	0.03633896080363011	4.357189544799773e-05	5.0452143587774155e-05	5.0452143587774155e-05	26.0	0.0228270412642669
chr17	chr17	2193	54825000	5.0436168516092644e-05	1138	833	0.031010860528389833	3.7227923803589237e-05	5.0436168516092644e-05	5.0436168516092644e-05	26.0	0.022847100175746926
chr17	chr17	2194	54850000	5.0420205782183647e-05	1137	832	0.04327079123588511	5.200816254313114e-05	5.0420205782183647e-05	5.0420205782183647e-05	31.0	0.027264731750219876
chr17	chr17	2195	54875000	5.0404255370901557e-05	1136	831	0.05096280669681925	6.132708387102196e-05	5.0404255370901557e-05	5.0404255370901557e-05	34.0	0.02992957746478873
chr17	chr17	2196	54900000	5.038831726712633e-05	1135	830	0.040256320856465855	4.850159139333236e-05	5.038831726712633e-05	5.038831726712633e-05	28.0	0.024669603524229075
chr17	chr17	2197	54925000	5.037239145576337e-05	1134	829	0.05344419187004906	6.446826522321961e-05	5.037239145576337e-05	5.037239145576337e-05	38.0	0.03350970017636684
chr17	chr17	2198	54950000	5.0356477921743376e-05	1133	828	0.039728590808781196	4.798138986567777e-05	5.0356477921743376e-05	5.0356477921743376e-05	29.0	0.02559576345984113
chr17	chr17	2199	54975000	5.034057665002239e-05	1132	827	0.03788813686768184	4.581395026321867e-05	5.034057665002239e-05	5.034057665002239e-05	29.0	0.02561837455830389
chr17	chr17	2200	55000000	5.032468762558182e-05	1131	826	0.0445305049704224	5.3911022966613074e-05	5.032468762558182e-05	5.032468762558182e-05	35.0	0.03094606542882405
chr17	chr17	2201	55025000	5.030881083342815e-05	1130	825	0.030239112964499736	3.665347025999968e-05	5.030881083342815e-05	5.030881083342815e-05	22.0	0.019469026548672566
chr17	chr17	2202	55050000	5.029294625859304e-05	1129	824	0.04162714899575976	5.0518384703591946e-05	5.029294625859304e-05	5.029294625859304e-05	29.0	0.025686448184233834
chr17	chr17	2203	55075000	5.027709388613332e-05	1128	823	0.04713125199930586	5.726762089830603e-05	5.027709388613332e-05	5.027709388613332e-05	32.0	0.028368794326241134
chr17	chr17	2204	55100000	5.026125370113086e-05	1127	822	0.04991821116213621	6.07277508055185e-05	5.026125370113086e-05	5.026125370113086e-05	36.0	0.03194321206743567
chr17	chr17	2205	55125000	5.024542568869239e-05	1126	821	0.037439490407253126	4.560230256669077e-05	5.024542568869239e-05	5.024542568869239e-05	26.0	0.023090586145648313
chr17	chr17	2206	55150000	5.0229609833949835e-05	1125	820	0.04319321610378983	5.267465378510955e-05	5.0229609833949835e-05	5.0229609833949835e-05	28.0	0.024888888888888887
chr17	chr17	2207	55175000	5.02138061220598e-05	1124	819	0.04485591639091726	5.476912868243866e-05	5.02138061220598e-05	5.02138061220598e-05	32.0	0.028469750889679714
chr17	chr17	2208	55200000	5.0198014538203774e-05	1123	818	0.04024527893507484	4.919960750009149e-05	5.0198014538203774e-05	5.0198014538203774e-05	30.0	0.026714158504007122
chr17	chr17	2209	55225000	5.018223506758811e-05	1122	817	0.03754916731662497	4.5959813117044025e-05	5.018223506758811e-05	5.018223506758811e-05	24.0	0.0213903743315508
chr17	chr17	2210	55250000	5.016663803575936e-05	1121	816	0.058606140354587576	7.18212504345436e-05	5.016663803575936e-05	5.016663803575936e-05	42.0	0.03746654772524532
chr17	chr17	2211	55275000	5.0151052904205825e-05	1120	815	0.04343392471294718	5.32931591569904e-05	5.0151052904205825e-05	5.0151052904205825e-05	32.0	0.02857142857142857
chr17	chr17	2212	55300000	5.013547965847167e-05	1119	814	0.04396418169696771	5.4010051224776055e-05	5.013547965847167e-05	5.013547965847167e-05	31.0	0.02770330652368186
chr17	chr17	2213	55325000	5.0119918284125144e-05	1118	813	0.04951742124095691	6.090703719674897e-05	5.0119918284125144e-05	5.0119918284125144e-05	37.0	0.03309481216457961
chr17	chr17	2214	55350000	5.010436876675847e-05	1117	812	0.05199165567459349	6.402913260417918e-05	5.010436876675847e-05	5.010436876675847e-05	35.0	0.03133393017009848
chr17	chr17	2215	55375000	5.0088831091987906e-05	1116	811	0.05417344083284597	6.679832408489022e-05	5.0088831091987906e-05	5.0088831091987906e-05	40.0	0.035842293906810034
chr17	chr17	2216	55400000	5.007330524545361e-05	1115	810	0.04077250465398403	5.0336425498745715e-05	5.007330524545361e-05	5.007330524545361e-05	28.0	0.025112107623318385
chr17	chr17	2217	55425000	5.0057791212819666e-05	1114	809	0.044314864549401624	5.477733566057061e-05	5.0057791212819666e-05	5.0057791212819666e-05	32.0	0.02872531418312388
chr17	chr17	2218	55450000	5.004228897977389e-05	1113	808	0.05211145676362426	6.449437718270329e-05	5.004228897977389e-05	5.004228897977389e-05	36.0	0.03234501347708895
chr17	chr17	2219	55475000	5.002679853202806e-05	1112	807	0.04483736896861932	5.556055634277487e-05	5.002679853202806e-05	5.002679853202806e-05	32.0	0.02877697841726619
chr17	chr17	2220	55500000	5.001131985531754e-05	1111	806	0.034918276401612526	4.3322923575201644e-05	5.001131985531754e-05	5.001131985531754e-05	25.0	0.022502250225022502
chr17	chr17	2221	55525000	4.999585293540135e-05	1110	805	0.03349966851240418	4.161449504646482e-05	4.999585293540135e-05	4.999585293540135e-05	25.0	0.02252252252252252
chr17	chr17	2222	55550000	4.998039775806229e-05	1109	804	0.03997865498631753	4.9724695256613844e-05	4.998039775806229e-05	4.998039775806229e-05	32.0	0.028854824165915238
chr17	chr17	2223	55575000	4.9964954309106616e-05	1108	803	0.044711964387970905	5.568115116808332e-05	4.9964954309106616e-05	4.9964954309106616e-05	32.0	0.02888086642599278
chr17	chr17	2224	55600000	4.994952257436412e-05	1107	802	0.04807623770647223	5.994543354921724e-05	4.994952257436412e-05	4.994952257436412e-05	31.0	0.028003613369467027
chr17	chr17	2225	55625000	4.9934102539688166e-05	1106	801	0.04238746106594943	5.291817860917532e-05	4.9934102539688166e-05	4.9934102539688166e-05	30.0	0.027124773960216998
chr17	chr17	2226	55650000	4.9918694190955444e-05	1105	800	0.03872853155314178	4.8410664441427225e-05	4.9918694190955444e-05	4.9918694190955444e-05	30.0	0.027149321266968326
chr17	chr17	2227	55675000	4.990329751406613e-05	1104	799	0.037056334372388415	4.637839095417824e-05	4.990329751406613e-05	4.990329751406613e-05	25.0	0.022644927536231884
chr17	chr17	2228	55700000	4.9887912494943584e-05	1103	798	0.035632273264990785	4.465197151001351e-05	4.9887912494943584e-05	4.9887912494943584e-05	25.0	0.022665457842248413
chr17	chr17	2229	55725000	4.987253911953471e-05	1102	797	0.046189733844491015	5.795449666811922e-05	4.987253911953471e-05	4.987253911953471e-05	33.0	0.029945553539019964
chr17	chr17	2230	55750000	4.9857177373809265e-05	1101	796	0.045026558177899335	5.656602786168258e-05	4.9857177373809265e-05	4.9857177373809265e-05	35.0	0.03178928247048138
chr17	chr17	2231	55775000	4.984182724376062e-05	1100	795	0.0422336050201016	5.312403147182591e-05	4.984182724376062e-05	4.984182724376062e-05	30.0	0.02727272727272727
chr17	chr17	2232	55800000	4.982648871540497e-05	1099	794	0.04031527502884223	5.077490557788694e-05	4.982648871540497e-05	4.982648871540497e-05	29.0	0.026387625113739762
chr17	chr17	2233	55825000	4.981116177478173e-05	1098	793	0.03490884469843832	4.402124173825766e-05	4.981116177478173e-05	4.981116177478173e-05	26.0	0.023679417122040074
chr17	chr17	2234	55850000	4.97958464079533e-05	1097	792	0.03930243084216098	4.962428136636487e-05	4.97958464079533e-05	4.97958464079533e-05	29.0	0.02643573381950775
chr17	chr17	2235	55875000	4.9780542601005144e-05	1096	791	0.0432829714043853	5.471930645307876e-05	4.9780542601005144e-05	4.9780542601005144e-05	31.0	0.028284671532846715
chr17	chr17	2236	55900000	4.976525034004559e-05	1095	790	0.0357081012721667	4.5200128192616076e-05	4.976525034004559e-05	4.976525034004559e-05	26.0	0.023744292237442923
chr17	chr17	2237	55925000	4.974996961120597e-05	1094	789	0.04738876078636043	6.006180074316911e-05	4.974996961120597e-05	4.974996961120597e-05	34.0	0.031078610603290677
chr17	chr17	2238	55950000	4.973470040064038e-05	1093	788	0.03368955244467585	4.2753239142989654e-05	4.973470040064038e-05	4.973470040064038e-05	25.0	0.022872827081427266
chr17	chr17	2239	55975000	4.971944269452565e-05	1092	787	0.033955214078640814	4.3145125894079817e-05	4.971944269452565e-05	4.971944269452565e-05	27.0	0.024725274725274724
chr17	chr17	2240	56000000	4.970419647906155e-05	1091	786	0.030612371570469737	3.894703762146277e-05	4.970419647906155e-05	4.970419647906155e-05	22.0	0.02016498625114574
chr17	chr17	2241	56025000	4.968896174047041e-05	1090	786	0.0360067347221261	4.58100950663182e-05	4.968896174047041e-05	4.968896174047041e-05	26.0	0.023853211009174313
chr17	chr17	2242	56050000	4.9673738464997285e-05	1089	785	0.04612001635509087	5.875161319119856e-05	4.9673738464997285e-05	4.9673738464997285e-05	31.0	0.028466483011937556
chr17	chr17	2243	56075000	4.965852663890977e-05	1088	785	0.04465500396202025	5.6885355365630885e-05	4.965852663890977e-05	4.965852663890977e-05	33.0	0.030330882352941176
chr17	chr17	2244	56100000	4.964332624849814e-05	1087	785	0.037356604864208165	4.758803167415053e-05	4.964332624849814e-05	4.964332624849814e-05	29.0	0.02667893284268629
chr17	chr17	2245	56125000	4.962813728007508e-05	1086	784	0.036600649629144576	4.668450207799053e-05	4.962813728007508e-05	4.962813728007508e-05	26.0	0.02394106813996317
chr17	chr17	2246	56150000	4.961295971997579e-05	1085	783	0.04230628305641138	5.403101284343727e-05	4.961295971997579e-05	4.961295971997579e-05	31.0	0.02857142857142857
chr17	chr17	2247	56175000	4.959779355455783e-05	1084	783	0.05359394707870767	6.844693113500341e-05	4.959779355455783e-05	4.959779355455783e-05	38.0	0.03505535055350553
chr17	chr17	2248	56200000	4.9582638770201305e-05	1083	783	0.048530678487776764	6.198043229601119e-05	4.9582638770201305e-05	4.9582638770201305e-05	38.0	0.03508771929824561
chr17	chr17	2249	56225000	4.956749535330849e-05	1082	783	0.046149988942776325	5.893996033560195e-05	4.956749535330849e-05	4.956749535330849e-05	34.0	0.031423290203327174
chr17	chr17	2250	56250000	4.9552363290303896e-05	1081	783	0.04567483602117663	5.8333123909548704e-05	4.9552363290303896e-05	4.9552363290303896e-05	34.0	0.03145235892691952
chr17	chr17	2251	56275000	4.9537242567634493e-05	1080	783	0.04746776680084876	6.0622946105809395e-05	4.9537242567634493e-05	4.9537242567634493e-05	31.0	0.028703703703703703
chr17	chr17	2252	56300000	4.9522133171769244e-05	1079	783	0.03811589523838916	4.8679304263587686e-05	4.9522133171769244e-05	4.9522133171769244e-05	27.0	0.025023169601482854
chr17	chr17	2253	56325000	4.950703508919932e-05	1078	783	0.039921396240517354	5.098518038380249e-05	4.950703508919932e-05	4.950703508919932e-05	27.0	0.02504638218923933
chr17	chr17	2254	56350000	4.949194830643797e-05	1077	784	0.045210784735585756	5.766681726477775e-05	4.949194830643797e-05	4.949194830643797e-05	33.0	0.03064066852367688
chr17	chr17	2255	56375000	4.94768728100206e-05	1076	783	0.046378319796305266	5.9231570621079524e-05	4.94768728100206e-05	4.94768728100206e-05	33.0	0.03066914498141264
chr17	chr17	2256	56400000	4.946180858650449e-05	1075	783	0.047235564022085286	6.0326390832803686e-05	4.946180858650449e-05	4.946180858650449e-05	34.0	0.03162790697674418
chr17	chr17	2257	56425000	4.9446755622468906e-05	1074	783	0.04175206083731055	5.332319391738256e-05	4.9446755622468906e-05	4.9446755622468906e-05	31.0	0.028864059590316574
chr17	chr17	2258	56450000	4.9431713904515055e-05	1073	783	0.049033191596939765	6.262221149034452e-05	4.9431713904515055e-05	4.9431713904515055e-05	35.0	0.032618825722273995
chr17	chr17	2259	56475000	4.941668341926602e-05	1072	783	0.05072486488437054	6.478271377314244e-05	4.941668341926602e-05	4.941668341926602e-05	37.0	0.03451492537313433
chr17	chr17	2260	56500000	4.940166415336677e-05	1071	783	0.046590585552575677	5.950266354096511e-05	4.940166415336677e-05	4.940166415336677e-05	34.0	0.031746031746031744
chr17	chr17	2261	56525000	4.938665609348382e-05	1070	784	0.045685286641816335	5.827204928803104e-05	4.938665609348382e-05	4.938665609348382e-05	28.0	0.026168224299065422
chr17	chr17	2262	56550000	4.937192518458517e-05	1069	783	0.045885241577980455	5.860184109576048e-05	4.937192518458517e-05	4.937192518458517e-05	35.0	0.03274087932647334
chr17	chr17	2263	56575000	4.935720517756613e-05	1068	783	0.0486994162204413	6.219593387029541e-05	4.935720517756613e-05	4.935720517756613e-05	36.0	0.033707865168539325
chr17	chr17	2264	56600000	4.9342496059546457e-05	1067	783	0.06900907174061399	8.813419123960918e-05	4.9342496059546457e-05	4.9342496059546457e-05	51.0	0.04779756326148079
chr17	chr17	2265	56625000	4.9327797817666793e-05	1066	783	0.04022376966051622	5.137135333399262e-05	4.9327797817666793e-05	4.9327797817666793e-05	28.0	0.02626641651031895
chr17	chr17	2266	56650000	4.931311043908871e-05	1065	783	0.030643442180720227	3.9135941482401314e-05	4.931311043908871e-05	4.931311043908871e-05	22.0	0.020657276995305163
chr17	chr17	2267	56675000	4.929843391099447e-05	1064	783	0.05612710043357542	7.168212060482174e-05	4.929843391099447e-05	4.929843391099447e-05	44.0	0.041353383458646614
chr17	chr17	2268	56700000	4.9283768220587224e-05	1063	783	0.05371010652491996	6.859528291816087e-05	4.9283768220587224e-05	4.9283768220587224e-05	38.0	0.03574788334901223
chr17	chr17	2269	56725000	4.9269113355090795e-05	1062	783	0.04194958774915227	5.35754632811651e-05	4.9269113355090795e-05	4.9269113355090795e-05	31.0	0.02919020715630885
chr17	chr17	2270	56750000	4.9254469301749656e-05	1061	784	0.047126724352451584	6.011061779649437e-05	4.9254469301749656e-05	4.9254469301749656e-05	35.0	0.03298774740810556
chr17	chr17	2271	56775000	4.923983604782896e-05	1060	784	0.04664771019722569	5.9499630353604194e-05	4.923983604782896e-05	4.923983604782896e-05	34.0	0.03207547169811321
chr17	chr17	2272	56800000	4.922521358061447e-05	1059	783	0.03950458920191354	5.04528597725588e-05	4.922521358061447e-05	4.922521358061447e-05	31.0	0.02927289896128423
chr17	chr17	2273	56825000	4.921060188741242e-05	1058	783	0.05983887051738889	7.642256771058607e-05	4.921060188741242e-05	4.921060188741242e-05	44.0	0.04158790170132325
chr17	chr17	2274	56850000	4.9196000955549734e-05	1057	783	0.041553465280293446	5.306955974494693e-05	4.9196000955549734e-05	4.9196000955549734e-05	32.0	0.030274361400189215
chr17	chr17	2275	56875000	4.918141077237365e-05	1056	784	0.052443918234316725	6.689275284989378e-05	4.918141077237365e-05	4.918141077237365e-05	35.0	0.03314393939393939
chr17	chr17	2276	56900000	4.916683132525188e-05	1055	783	0.045680955079396	5.8340938798717754e-05	4.916683132525188e-05	4.916683132525188e-05	35.0	0.03317535545023697
chr17	chr17	2277	56925000	4.9152262601572526e-05	1054	784	0.04940552636607152	6.301725301794836e-05	4.9152262601572526e-05	4.9152262601572526e-05	34.0	0.03225806451612903
chr17	chr17	2278	56950000	4.913770458874406e-05	1053	784	0.038376120671097344	4.894913350905273e-05	4.913770458874406e-05	4.913770458874406e-05	29.0	0.027540360873694207
chr17	chr17	2279	56975000	4.9123157274195156e-05	1052	784	0.05019840075074728	6.402857238615725e-05	4.9123157274195156e-05	4.9123157274195156e-05	38.0	0.03612167300380228
chr17	chr17	2280	57000000	4.910862064537499e-05	1051	783	0.04652863127127665	5.942353929920389e-05	4.910862064537499e-05	4.910862064537499e-05	33.0	0.03139866793529972
chr17	chr17	2281	57025000	4.9094094689752676e-05	1050	783	0.06867795950953877	8.771131482699716e-05	4.9094094689752676e-05	4.9094094689752676e-05	52.0	0.049523809523809526
chr17	chr17	2282	57050000	4.907957939481765e-05	1049	784	0.05288667042746644	6.745748779013577e-05	4.907957939481765e-05	4.907957939481765e-05	39.0	0.037178265014299335
chr17	chr17	2283	57075000	4.9065074748079497e-05	1048	783	0.06819316742601106	8.709216784931169e-05	4.9065074748079497e-05	4.9065074748079497e-05	44.0	0.04198473282442748
chr17	chr17	2284	57100000	4.905058073706782e-05	1047	783	0.04311547134418872	5.5064458932552646e-05	4.905058073706782e-05	4.905058073706782e-05	31.0	0.029608404966571154
chr17	chr17	2285	57125000	4.903609734933237e-05	1046	783	0.047256917748895746	6.0353662514553956e-05	4.903609734933237e-05	4.903609734933237e-05	35.0	0.033460803059273424
chr17	chr17	2286	57150000	4.9021624572442874e-05	1045	784	0.06397023410453653	8.159468635782721e-05	4.9021624572442874e-05	4.9021624572442874e-05	45.0	0.0430622009569378
chr17	chr17	2287	57175000	4.9007162393988976e-05	1044	783	0.04176943267432544	5.3345380171552284e-05	4.9007162393988976e-05	4.9007162393988976e-05	31.0	0.029693486590038315
chr17	chr17	2288	57200000	4.899271080158036e-05	1043	783	0.04646377710986253	5.9340711506848696e-05	4.899271080158036e-05	4.899271080158036e-05	35.0	0.03355704697986577
chr17	chr17	2289	57225000	4.897826978284651e-05	1042	783	0.05134790214925928	6.557841909228516e-05	4.897826978284651e-05	4.897826978284651e-05	36.0	0.0345489443378119
chr17	chr17	2290	57250000	4.896383932543687e-05	1041	783	0.051525597720072036	6.580536107288894e-05	4.896383932543687e-05	4.896383932543687e-05	38.0	0.03650336215177714
chr17	chr17	2291	57275000	4.894941941702055e-05	1040	783	0.04635990022270294	5.9208046261434157e-05	4.894941941702055e-05	4.894941941702055e-05	33.0	0.03173076923076923
chr17	chr17	2292	57300000	4.893501004528653e-05	1039	783	0.0504720398687871	6.445982103293371e-05	4.893501004528653e-05	4.893501004528653e-05	33.0	0.03176130895091434
chr17	chr17	2293	57325000	4.892061119794346e-05	1038	783	0.04712462968381439	6.018471223986512e-05	4.892061119794346e-05	4.892061119794346e-05	36.0	0.03468208092485549
chr17	chr17	2294	57350000	4.89062228627198e-05	1037	783	0.046235879341675515	5.9049654331641784e-05	4.89062228627198e-05	4.89062228627198e-05	34.0	0.03278688524590164
chr17	chr17	2295	57375000	4.889184502736347e-05	1036	783	0.0437039014225156	5.5815966056852624e-05	4.889184502736347e-05	4.889184502736347e-05	31.0	0.029922779922779922
chr17	chr17	2296	57400000	4.887747767964226e-05	1035	783	0.044947261755394374	5.7403910287859995e-05	4.887747767964226e-05	4.887747767964226e-05	32.0	0.030917874396135265
chr17	chr17	2297	57425000	4.886312080734321e-05	1034	783	0.0400860873170821	5.119551381491967e-05	4.886312080734321e-05	4.886312080734321e-05	25.0	0.024177949709864602
chr17	chr17	2298	57450000	4.8848774398273165e-05	1033	783	0.036649114763387	4.6806021409178804e-05	4.8848774398273165e-05	4.8848774398273165e-05	29.0	0.028073572120038724
chr17	chr17	2299	57475000	4.883443844025826e-05	1032	783	0.05486964718693335	7.007617776108985e-05	4.883443844025826e-05	4.883443844025826e-05	40.0	0.03875968992248062
chr17	chr17	2300	57500000	4.882011292114429e-05	1031	783	0.05258292669832286	6.715571736695129e-05	4.882011292114429e-05	4.882011292114429e-05	36.0	0.03491755577109602
chr17	chr17	2301	57525000	4.880579782879628e-05	1030	783	0.04289200438550508	5.477906051788643e-05	4.880579782879628e-05	4.880579782879628e-05	33.0	0.03203883495145631
chr17	chr17	2302	57550000	4.8791493151098693e-05	1029	783	0.0324800323389149	4.148152278277765e-05	4.8791493151098693e-05	4.8791493151098693e-05	25.0	0.024295432458697766
chr17	chr17	2303	57575000	4.8777198875955354e-05	1028	783	0.04260523358123214	5.441281427998996e-05	4.8777198875955354e-05	4.8777198875955354e-05	31.0	0.030155642023346304
chr17	chr17	2304	57600000	4.87629149912893e-05	1027	783	0.055534552926393484	7.092535495069411e-05	4.87629149912893e-05	4.87629149912893e-05	38.0	0.03700097370983447
chr17	chr17	2305	57625000	4.8748641485042916e-05	1026	783	0.05045461072083954	6.443756158472483e-05	4.8748641485042916e-05	4.8748641485042916e-05	37.0	0.036062378167641324
chr17	chr17	2306	57650000	4.8734378345177824e-05	1025	783	0.04096294642075984	5.2315384956270545e-05	4.8734378345177824e-05	4.8734378345177824e-05	28.0	0.027317073170731707
chr17	chr17	2307	57675000	4.8720125559674584e-05	1024	783	0.03493917264191376	4.462218728213763e-05	4.8720125559674584e-05	4.8720125559674584e-05	24.0	0.0234375
chr17	chr17	2308	57700000	4.870588311653326e-05	1023	783	0.04760029547878723	6.0792203676612045e-05	4.870588311653326e-05	4.870588311653326e-05	32.0	0.03128054740957967
chr17	chr17	2309	57725000	4.8691651003772725e-05	1022	783	0.043538285220036096	5.560445111115721e-05	4.8691651003772725e-05	4.8691651003772725e-05	30.0	0.029354207436399216
chr17	chr17	2310	57750000	4.867742920943101e-05	1021	783	0.03995328839365448	5.1025911103007e-05	4.867742920943101e-05	4.867742920943101e-05	28.0	0.02742409402546523
chr17	chr17	2311	57775000	4.866321772156517e-05	1020	783	0.060670016197388946	7.748405644621832e-05	4.866321772156517e-05	4.866321772156517e-05	45.0	0.04411764705882353
chr17	chr17	2312	57800000	4.864901652825124e-05	1019	783	0.04314438698991847	5.5101388237443774e-05	4.864901652825124e-05	4.864901652825124e-05	29.0	0.02845927379784102
chr17	chr17	2313	57825000	4.8634825617584304e-05	1018	783	0.054593438619374705	6.97234209698272e-05	4.8634825617584304e-05	4.8634825617584304e-05	38.0	0.03732809430255403
chr17	chr17	2314	57850000	4.86206449776781e-05	1017	783	0.05766689599310689	7.364865388647113e-05	4.86206449776781e-05	4.86206449776781e-05	41.0	0.04031465093411996
chr17	chr17	2315	57875000	4.8606819020387496e-05	1016	783	0.05628692160703874	7.188623449174808e-05	4.8606819020387496e-05	4.8606819020387496e-05	42.0	0.04133858267716536
chr17	chr17	2316	57900000	4.859300296320029e-05	1015	783	0.03975424515767918	5.0771705182221176e-05	4.859300296320029e-05	4.859300296320029e-05	29.0	0.02857142857142857
chr17	chr17	2317	57925000	4.857919679475734e-05	1014	783	0.04199313622503887	5.363108074717608e-05	4.857919679475734e-05	4.857919679475734e-05	27.0	0.026627218934911243
chr17	chr17	2318	57950000	4.856540050371754e-05	1013	783	0.05703162182889385	7.283732034341487e-05	4.856540050371754e-05	4.856540050371754e-05	40.0	0.039486673247778874
chr17	chr17	2319	57975000	4.855161407875769e-05	1012	783	0.04546693150114137	5.806760089545513e-05	4.855161407875769e-05	4.855161407875769e-05	33.0	0.03260869565217391
chr17	chr17	2320	58000000	4.853783750857239e-05	1011	783	0.03867917598849933	4.939869219476287e-05	4.853783750857239e-05	4.853783750857239e-05	27.0	0.026706231454005934
chr17	chr17	2321	58025000	4.852407078187405e-05	1010	783	0.056907979013219555	7.267941125570824e-05	4.852407078187405e-05	4.852407078187405e-05	44.0	0.04356435643564356
chr17	chr17	2322	58050000	4.851031388739299e-05	1009	783	0.05179042852205563	6.614358687363426e-05	4.851031388739299e-05	4.851031388739299e-05	38.0	0.03766105054509415
chr17	chr17	2323	58075000	4.849656681387711e-05	1008	783	0.05258068715153009	6.71528571539337e-05	4.849656681387711e-05	4.849656681387711e-05	36.0	0.03571428571428571
chr17	chr17	2324	58100000	4.84828295500921e-05	1007	783	0.0507427252904254	6.480552399798902e-05	4.84828295500921e-05	4.84828295500921e-05	38.0	0.03773584905660377
chr17	chr17	2325	58125000	4.846910208482134e-05	1006	783	0.039890220465417014	5.0945364579076646e-05	4.846910208482134e-05	4.846910208482134e-05	29.0	0.02882703777335984
chr17	chr17	2326	58150000	4.8455384406865845e-05	1005	783	0.03394843574785756	4.335687834975423e-05	4.8455384406865845e-05	4.8455384406865845e-05	26.0	0.025870646766169153
chr17	chr17	2327	58175000	4.8441676505044216e-05	1004	783	0.04310932151752249	5.505660474779373e-05	4.8441676505044216e-05	4.8441676505044216e-05	32.0	0.03187250996015936
chr17	chr17	2328	58200000	4.842797836819269e-05	1003	783	0.049031454939587965	6.261999353714938e-05	4.842797836819269e-05	4.842797836819269e-05	32.0	0.031904287138584245
chr17	chr17	2329	58225000	4.841428998516491e-05	1002	783	0.05288703853460513	6.754411051673707e-05	4.841428998516491e-05	4.841428998516491e-05	40.0	0.03992015968063872
chr17	chr17	2330	58250000	4.840061134483221e-05	1001	783	0.04948303421579045	6.319672313638627e-05	4.840061134483221e-05	4.840061134483221e-05	37.0	0.03696303696303696
chr17	chr17	2331	58275000	4.838694243608317e-05	1000	783	0.04544574546276681	5.8040543375181106e-05	4.838694243608317e-05	4.838694243608317e-05	33.0	0.033
chr17	chr17	2332	58300000	4.837328324782398e-05	999	783	0.03721704558735409	4.7531348131997564e-05	4.837328324782398e-05	4.837328324782398e-05	29.0	0.02902902902902903
chr17	chr17	2333	58325000	4.835963376897816e-05	998	783	0.04804995689416661	6.136648390059593e-05	4.835963376897816e-05	4.835963376897816e-05	32.0	0.03206412825651302
chr17	chr17	2334	58350000	4.834599398848659e-05	997	783	0.049403619738840915	6.309529979417742e-05	4.834599398848659e-05	4.834599398848659e-05	34.0	0.034102306920762285
chr17	chr17	2335	58375000	4.8332363895307446e-05	996	783	0.04781139000448626	6.10618007720131e-05	4.8332363895307446e-05	4.8332363895307446e-05	33.0	0.03313253012048193
chr17	chr17	2336	58400000	4.831874347841625e-05	995	783	0.03323739522917532	4.2448780624744984e-05	4.831874347841625e-05	4.831874347841625e-05	24.0	0.024120603015075376
chr17	chr17	2337	58425000	4.830513272680581e-05	994	783	0.04737916555911034	6.050978998609239e-05	4.830513272680581e-05	4.830513272680581e-05	34.0	0.03420523138832998
chr17	chr17	2338	58450000	4.829153162948609e-05	993	783	0.04432614692183316	5.661066018114069e-05	4.829153162948609e-05	4.829153162948609e-05	31.0	0.03121852970795569
chr17	chr17	2339	58475000	4.8277940175484244e-05	992	783	0.04827312985246874	6.165150683584769e-05	4.8277940175484244e-05	4.8277940175484244e-05	34.0	0.034274193548387094
chr17	chr17	2340	58500000	4.826435835384461e-05	991	783	0.034374286511424955	4.3900749056736854e-05	4.826435835384461e-05	4.826435835384461e-05	27.0	0.027245206861755803
chr17	chr17	2341	58525000	4.825078615362867e-05	990	783	0.05322634968160722	6.797745808634383e-05	4.825078615362867e-05	4.825078615362867e-05	37.0	0.03737373737373737
chr17	chr17	2342	58550000	4.823722356391493e-05	989	783	0.037641897724565096	4.8073943454106125e-05	4.823722356391493e-05	4.823722356391493e-05	26.0	0.0262891809908999
chr17	chr17	2343	58575000	4.8223670573799046e-05	988	783	0.04684082264081865	5.9822251137699426e-05	4.8223670573799046e-05	4.8223670573799046e-05	34.0	0.03441295546558704
chr17	chr17	2344	58600000	4.8210127172393555e-05	987	783	0.04156580250395708	5.308531609700777e-05	4.8210127172393555e-05	4.8210127172393555e-05	31.0	0.031408308004052685
chr17	chr17	2345	58625000	4.819659334882808e-05	986	783	0.053313613896681156	6.808890663688525e-05	4.819659334882808e-05	4.819659334882808e-05	36.0	0.036511156186612576
chr17	chr17	2346	58650000	4.8183069092249245e-05	985	783	0.05639954659743692	7.203007228280577e-05	4.8183069092249245e-05	4.8183069092249245e-05	41.0	0.0416243654822335
chr17	chr17	2347	58675000	4.8169554391820394e-05	984	783	0.043014269117054436	5.493520960032495e-05	4.8169554391820394e-05	4.8169554391820394e-05	30.0	0.03048780487804878
chr17	chr17	2348	58700000	4.8156049236722004e-05	983	783	0.05118332045000691	6.536822535122211e-05	4.8156049236722004e-05	4.8156049236722004e-05	37.0	0.03763987792472025
chr17	chr17	2349	58725000	4.814255361615127e-05	982	783	0.05732111219385362	7.320703983889352e-05	4.814255361615127e-05	4.814255361615127e-05	40.0	0.04073319755600815
chr17	chr17	2350	58750000	4.812906751932211e-05	981	783	0.049448129376120586	6.315214479708888e-05	4.812906751932211e-05	4.812906751932211e-05	35.0	0.03567787971457696
chr17	chr17	2351	58775000	4.811559093546551e-05	980	783	0.05488287422210174	7.00930705263113e-05	4.811559093546551e-05	4.811559093546551e-05	40.0	0.04081632653061224
chr17	chr17	2352	58800000	4.8102123853828866e-05	979	783	0.031061313015964553	3.966962071004413e-05	4.8102123853828866e-05	4.8102123853828866e-05	21.0	0.021450459652706845
chr17	chr17	2353	58825000	4.8088666263676525e-05	978	783	0.03490586748905292	4.457965196558483e-05	4.8088666263676525e-05	4.8088666263676525e-05	26.0	0.026584867075664622
chr17	chr17	2354	58850000	4.807521815428948e-05	977	783	0.035513721950394525	4.5355966731027493e-05	4.807521815428948e-05	4.807521815428948e-05	26.0	0.02661207778915046
chr17	chr17	2355	58875000	4.8061779514965265e-05	976	783	0.046213238207143514	5.9020738451013426e-05	4.8061779514965265e-05	4.8061779514965265e-05	33.0	0.03381147540983607
chr17	chr17	2356	58900000	4.804835033501821e-05	975	783	0.041530592661435294	5.304034822660957e-05	4.804835033501821e-05	4.804835033501821e-05	29.0	0.029743589743589743
chr17	chr17	2357	58925000	4.80349306037791e-05	974	783	0.05988859481391873	7.648607255928318e-05	4.80349306037791e-05	4.80349306037791e-05	42.0	0.043121149897330596
chr17	chr17	2358	58950000	4.80215203105953e-05	973	783	0.043670761747937846	5.5773642079103254e-05	4.80215203105953e-05	4.80215203105953e-05	32.0	0.0328879753340185
chr17	chr17	2359	58975000	4.8008119444830774e-05	972	783	0.03807740547582757	4.863014747870699e-05	4.8008119444830774e-05	4.8008119444830774e-05	30.0	0.030864197530864196
chr17	chr17	2360	59000000	4.7994727995865815e-05	971	784	0.03654394600381853	4.661217602527874e-05	4.7994727995865815e-05	4.7994727995865815e-05	26.0	0.026776519052523172
chr17	chr17	2361	59025000	4.7981345953097306e-05	970	784	0.03915811851296102	4.994657973591967e-05	4.7981345953097306e-05	4.7981345953097306e-05	28.0	0.0288659793814433
chr17	chr17	2362	59050000	4.796797330593848e-05	969	783	0.0347676218700377	4.440309306518225e-05	4.796797330593848e-05	4.796797330593848e-05	25.0	0.025799793601651185
chr17	chr17	2363	59075000	4.795461004381908e-05	968	782	0.04800570291455973	6.138836689841398e-05	4.795461004381908e-05	4.795461004381908e-05	35.0	0.03615702479338843
chr17	chr17	2364	59100000	4.7941256156185036e-05	967	783	0.05301206217502001	6.770378310985952e-05	4.7941256156185036e-05	4.7941256156185036e-05	38.0	0.03929679420889348
chr17	chr17	2365	59125000	4.7927911632498715e-05	966	784	0.05442335506802936	6.941754472962929e-05	4.7927911632498715e-05	4.7927911632498715e-05	39.0	0.040372670807453416
chr17	chr17	2366	59150000	4.791457646223878e-05	965	783	0.046415157360940484	5.927861731920879e-05	4.791457646223878e-05	4.791457646223878e-05	34.0	0.035233160621761656
chr17	chr17	2367	59175000	4.790125063490007e-05	964	784	0.06375928279663721	8.132561581203727e-05	4.790125063490007e-05	4.790125063490007e-05	41.0	0.04253112033195021
chr17	chr17	2368	59200000	4.788793413999377e-05	963	785	0.0470409739246696	5.992480754734981e-05	4.788793413999377e-05	4.788793413999377e-05	34.0	0.035306334371754934
chr17	chr17	2369	59225000	4.787503828255919e-05	962	784	0.06546384626577885	8.349980391043221e-05	4.787503828255919e-05	4.787503828255919e-05	46.0	0.04781704781704782
chr17	chr17	2370	59250000	4.7862151338121685e-05	961	783	0.038468937580599084	4.913018848096946e-05	4.7862151338121685e-05	4.7862151338121685e-05	27.0	0.02809573361082206
chr17	chr17	2371	59275000	4.7849273296764074e-05	960	782	0.029638466707881898	3.790085256762391e-05	4.7849273296764074e-05	4.7849273296764074e-05	22.0	0.022916666666666665
chr17	chr17	2372	59300000	4.783640414858454e-05	959	782	0.07688088339034714	9.831315011553343e-05	4.783640414858454e-05	4.783640414858454e-05	58.0	0.06047966631908238
chr17	chr17	2373	59325000	4.782354388369634e-05	958	781	0.04250872423046929	5.4428584161932505e-05	4.782354388369634e-05	4.782354388369634e-05	28.0	0.029227557411273485
chr17	chr17	2374	59350000	4.781069249222793e-05	957	782	0.045872226727420314	5.866013648007713e-05	4.781069249222793e-05	4.781069249222793e-05	33.0	0.034482758620689655
chr17	chr17	2375	59375000	4.7797849964322906e-05	956	784	0.048071500188634916	6.131568901611596e-05	4.7797849964322906e-05	4.7797849964322906e-05	37.0	0.038702928870292884
chr17	chr17	2376	59400000	4.778501629013992e-05	955	783	0.05464711366916832	6.979197148041931e-05	4.778501629013992e-05	4.778501629013992e-05	38.0	0.039790575916230364
chr17	chr17	2377	59425000	4.777219145985266e-05	954	784	0.04596490888774457	5.862871031600073e-05	4.777219145985266e-05	4.777219145985266e-05	35.0	0.03668763102725367
chr17	chr17	2378	59450000	4.775937546364991e-05	953	784	0.058726221525103116	7.490589480242744e-05	4.775937546364991e-05	4.775937546364991e-05	38.0	0.03987408184679958
chr17	chr17	2379	59475000	4.774656829173543e-05	952	785	0.06375694665060966	8.121904031924798e-05	4.774656829173543e-05	4.774656829173543e-05	44.0	0.046218487394957986
chr17	chr17	2380	59500000	4.773376993432799e-05	951	783	0.04348482962679844	5.553618087713722e-05	4.773376993432799e-05	4.773376993432799e-05	30.0	0.031545741324921134
chr17	chr17	2381	59525000	4.772098038166121e-05	950	784	0.03691418650952753	4.7084421568274916e-05	4.772098038166121e-05	4.772098038166121e-05	27.0	0.028421052631578948
chr17	chr17	2382	59550000	4.7708199623983716e-05	949	784	0.04711978740437413	6.0101769648436386e-05	4.7708199623983716e-05	4.7708199623983716e-05	35.0	0.0368809272918862
chr17	chr17	2383	59575000	4.769542765155903e-05	948	783	0.0529218048475934	6.758851193817804e-05	4.769542765155903e-05	4.769542765155903e-05	37.0	0.039029535864978905
chr17	chr17	2384	59600000	4.768266445466543e-05	947	783	0.0724550442028349	9.253517778139833e-05	4.768266445466543e-05	4.768266445466543e-05	53.0	0.0559662090813094
chr17	chr17	2385	59625000	4.766991002359615e-05	946	782	0.06363458428177807	8.137414869792592e-05	4.766991002359615e-05	4.766991002359615e-05	44.0	0.046511627906976744
chr17	chr17	2386	59650000	4.7657164348659174e-05	945	784	0.07412593995994156	9.45483928060479e-05	4.7657164348659174e-05	4.7657164348659174e-05	55.0	0.0582010582010582
chr17	chr17	2387	59675000	4.764442742017719e-05	944	784	0.04312348556591011	5.500444587488534e-05	4.764442742017719e-05	4.764442742017719e-05	34.0	0.036016949152542374
chr17	chr17	2388	59700000	4.763169922848774e-05	943	784	0.04022484100923367	5.130719516483886e-05	4.763169922848774e-05	4.763169922848774e-05	31.0	0.032873806998939555
chr17	chr17	2389	59725000	4.7618979763943056e-05	942	784	0.03855793614352724	4.918104099939699e-05	4.7618979763943056e-05	4.7618979763943056e-05	27.0	0.028662420382165606
chr17	chr17	2390	59750000	4.760626901690997e-05	941	785	0.04888308969899868	6.227145184585819e-05	4.760626901690997e-05	4.760626901690997e-05	31.0	0.03294367693942614
chr17	chr17	2391	59775000	4.759356697777002e-05	940	784	0.03901194670678074	4.9760136105587675e-05	4.759356697777002e-05	4.759356697777002e-05	29.0	0.030851063829787233
chr17	chr17	2392	59800000	4.7580873636919476e-05	939	784	0.03870883420184379	4.9373513012555854e-05	4.7580873636919476e-05	4.7580873636919476e-05	29.0	0.0308839190628328
chr17	chr17	2393	59825000	4.756818898476908e-05	938	784	0.04380037363275097	5.586782351116196e-05	4.756818898476908e-05	4.756818898476908e-05	33.0	0.035181236673773986
chr17	chr17	2394	59850000	4.755551301174411e-05	937	784	0.04085750904020032	5.211416969413306e-05	4.755551301174411e-05	4.755551301174411e-05	31.0	0.033084311632870865
chr17	chr17	2395	59875000	4.7542845708284564e-05	936	785	0.05597349300379516	7.13038127436881e-05	4.7542845708284564e-05	4.7542845708284564e-05	43.0	0.045940170940170943
chr17	chr17	2396	59900000	4.753018706484487e-05	935	786	0.04310270680653675	5.483804937218416e-05	4.753018706484487e-05	4.753018706484487e-05	32.0	0.034224598930481284
chr17	chr17	2397	59925000	4.7517537071893834e-05	934	786	0.03411039945427503	4.3397454776431335e-05	4.7517537071893834e-05	4.7517537071893834e-05	26.0	0.027837259100642397
chr17	chr17	2398	59950000	4.750489571991488e-05	933	785	0.046888421913279736	5.973047377487864e-05	4.750489571991488e-05	4.750489571991488e-05	35.0	0.03751339764201501
chr17	chr17	2399	59975000	4.749226299940581e-05	932	785	0.04216522923045177	5.3713667809492694e-05	4.749226299940581e-05	4.749226299940581e-05	33.0	0.03540772532188841
chr17	chr17	2400	60000000	4.747963890087886e-05	931	787	0.04975935843978411	6.322663080023394e-05	4.747963890087886e-05	4.747963890087886e-05	39.0	0.04189044038668099
chr17	chr17	2401	60025000	4.746702341486057e-05	930	787	0.02242461040148574	2.8493787041277944e-05	4.746702341486057e-05	4.746702341486057e-05	18.0	0.01935483870967742
chr17	chr17	2402	60050000	4.745441653189182e-05	929	787	0.036875458430350665	4.68557286281457e-05	4.745441653189182e-05	4.745441653189182e-05	29.0	0.031216361679224973
chr17	chr17	2403	60075000	4.7441818242527955e-05	928	786	0.04362828884359598	5.5506728808646286e-05	4.7441818242527955e-05	4.7441818242527955e-05	33.0	0.03556034482758621
chr17	chr17	2404	60100000	4.742922853733842e-05	927	787	0.051786949124940716	6.58029849109793e-05	4.742922853733842e-05	4.742922853733842e-05	36.0	0.038834951456310676
chr17	chr17	2405	60125000	4.741664740690709e-05	926	788	0.04626593818814505	5.8713119528102854e-05	4.741664740690709e-05	4.741664740690709e-05	36.0	0.038876889848812095
chr17	chr17	2406	60150000	4.7404074841831966e-05	925	788	0.039507753110565924	5.013674252609889e-05	4.7404074841831966e-05	4.7404074841831966e-05	29.0	0.03135135135135135
chr17	chr17	2407	60175000	4.739151083272536e-05	924	788	0.04253270734844778	5.3975516939654545e-05	4.739151083272536e-05	4.739151083272536e-05	31.0	0.03354978354978355
chr17	chr17	2408	60200000	4.737895537021367e-05	923	787	0.04862626535303412	6.178686830118694e-05	4.737895537021367e-05	4.737895537021367e-05	36.0	0.0390032502708559
chr17	chr17	2409	60225000	4.736640844493751e-05	922	786	0.04898308942543739	6.231945219521297e-05	4.736640844493751e-05	4.736640844493751e-05	35.0	0.03796095444685466
chr17	chr17	2410	60250000	4.7353870047551615e-05	921	786	0.05079471999221395	6.462432568983964e-05	4.7353870047551615e-05	4.7353870047551615e-05	35.0	0.038002171552660155
chr17	chr17	2411	60275000	4.73413401687248e-05	920	786	0.030888440069076598	3.929826980798549e-05	4.73413401687248e-05	4.73413401687248e-05	23.0	0.025
chr17	chr17	2412	60300000	4.7328818799139965e-05	919	786	0.05134704629174613	6.532703090552943e-05	4.7328818799139965e-05	4.7328818799139965e-05	38.0	0.041349292709466814
chr17	chr17	2413	60325000	4.731630592949408e-05	918	787	0.04386813123646541	5.5740954557135204e-05	4.731630592949408e-05	4.731630592949408e-05	35.0	0.03812636165577342
chr17	chr17	2414	60350000	4.7303801550498065e-05	917	788	0.04519847581389786	5.735847184504805e-05	4.7303801550498065e-05	4.7303801550498065e-05	32.0	0.03489640130861505
chr17	chr17	2415	60375000	4.7291305652876976e-05	916	787	0.036481672707815216	4.6355365575368764e-05	4.7291305652876976e-05	4.7291305652876976e-05	27.0	0.02947598253275109
chr17	chr17	2416	60400000	4.7278818227369645e-05	915	786	0.04666684906643418	5.937258150945825e-05	4.7278818227369645e-05	4.7278818227369645e-05	37.0	0.040437158469945354
chr17	chr17	2417	60425000	4.726633926472904e-05	914	787	0.045635666562921166	5.798686983852753e-05	4.726633926472904e-05	4.726633926472904e-05	32.0	0.0350109409190372
chr17	chr17	2418	60450000	4.725386875572188e-05	913	787	0.04396845308959545	5.5868428322230556e-05	4.725386875572188e-05	4.725386875572188e-05	34.0	0.03723986856516977
chr17	chr17	2419	60475000	4.7241406691128884e-05	912	786	0.040889024864263754	5.2021660132651086e-05	4.7241406691128884e-05	4.7241406691128884e-05	29.0	0.03179824561403509
chr17	chr17	2420	60500000	4.722895306174457e-05	911	785	0.03530527336305337	4.497487052618264e-05	4.722895306174457e-05	4.722895306174457e-05	27.0	0.029637760702524697
chr17	chr17	2421	60525000	4.7216507858377304e-05	910	785	0.035811417283102796	4.5619639851086365e-05	4.7216507858377304e-05	4.7216507858377304e-05	25.0	0.027472527472527472
chr17	chr17	2422	60550000	4.720407107184921e-05	909	785	0.043040975788896	5.4829268520886624e-05	4.720407107184921e-05	4.720407107184921e-05	31.0	0.034103410341034104
chr17	chr17	2423	60575000	4.719164269299628e-05	908	785	0.03426483343877308	4.364946934875552e-05	4.719164269299628e-05	4.719164269299628e-05	27.0	0.02973568281938326
chr17	chr17	2424	60600000	4.717922271266829e-05	907	785	0.039877423769148594	5.079926594795999e-05	4.717922271266829e-05	4.717922271266829e-05	30.0	0.03307607497243661
chr17	chr17	2425	60625000	4.7167276026355246e-05	906	785	0.04020929242539463	5.1222028567381694e-05	4.7167276026355246e-05	4.7167276026355246e-05	31.0	0.03421633554083885
chr17	chr17	2426	60650000	4.715533728875561e-05	905	785	0.04704713052684836	5.993265035267308e-05	4.715533728875561e-05	4.715533728875561e-05	34.0	0.03756906077348066
chr17	chr17	2427	60675000	4.714340649130747e-05	904	785	0.03788627843026276	4.826277507039842e-05	4.714340649130747e-05	4.714340649130747e-05	32.0	0.035398230088495575
chr17	chr17	2428	60700000	4.7131483625461706e-05	903	784	0.02939467808836413	3.749321184740323e-05	4.7131483625461706e-05	4.7131483625461706e-05	23.0	0.02547065337763012
chr17	chr17	2429	60725000	4.711956868268193e-05	902	783	0.02811618643681984	3.590828408278396e-05	4.711956868268193e-05	4.711956868268193e-05	23.0	0.025498891352549888
chr17	chr17	2430	60750000	4.710766165444446e-05	901	782	0.04434011404555506	5.670091310173281e-05	4.710766165444446e-05	4.710766165444446e-05	34.0	0.03773584905660377
chr17	chr17	2431	60775000	4.709576253223822e-05	900	781	0.046711866140490374	5.981032796477641e-05	4.709576253223822e-05	4.709576253223822e-05	35.0	0.03888888888888889
chr17	chr17	2432	60800000	4.7083871307564784e-05	899	781	0.04262049753252851	5.4571699785567875e-05	4.7083871307564784e-05	4.7083871307564784e-05	30.0	0.03337041156840934
chr17	chr17	2433	60825000	4.707198797193856e-05	898	781	0.04557122080704109	5.8349834580078216e-05	4.707198797193856e-05	4.707198797193856e-05	34.0	0.0378619153674833
chr17	chr17	2434	60850000	4.706011251688623e-05	897	781	0.036279279310965515	4.6452342267561476e-05	4.706011251688623e-05	4.706011251688623e-05	29.0	0.032329988851727984
chr17	chr17	2435	60875000	4.7048244933947264e-05	896	782	0.040444671687407	5.171952901202941e-05	4.7048244933947264e-05	4.7048244933947264e-05	33.0	0.036830357142857144
chr17	chr17	2436	60900000	4.7036385214673624e-05	895	783	0.037872716072836106	4.836873061664892e-05	4.7036385214673624e-05	4.7036385214673624e-05	29.0	0.03240223463687151
chr17	chr17	2437	60925000	4.702453335062984e-05	894	783	0.034489465340522926	4.4047848455329405e-05	4.702453335062984e-05	4.702453335062984e-05	27.0	0.030201342281879196
chr17	chr17	2438	60950000	4.701268933339291e-05	893	781	0.038032342869784255	4.869698190753426e-05	4.701268933339291e-05	4.701268933339291e-05	28.0	0.03135498320268757
chr17	chr17	2439	60975000	4.700085315455231e-05	892	780	0.03973302095857264	5.093977045970851e-05	4.700085315455231e-05	4.700085315455231e-05	27.0	0.030269058295964126
chr17	chr17	2440	61000000	4.698902480571003e-05	891	779	0.04214271663319895	5.4098480915531386e-05	4.698902480571003e-05	4.698902480571003e-05	29.0	0.03254769921436588
chr17	chr17	2441	61025000	4.697720427848034e-05	890	779	0.03719796180092775	4.775091373674936e-05	4.697720427848034e-05	4.697720427848034e-05	30.0	0.033707865168539325
chr17	chr17	2442	61050000	4.6965391564490184e-05	889	778	0.031393302970081534	4.035128916462922e-05	4.6965391564490184e-05	4.6965391564490184e-05	22.0	0.024746906636670417
chr17	chr17	2443	61075000	4.695358665537857e-05	888	778	0.026905570596836494	3.458299562575385e-05	4.695358665537857e-05	4.695358665537857e-05	21.0	0.02364864864864865
chr17	chr17	2444	61100000	4.6941789542797254e-05	887	779	0.03615762678107791	4.64154387433606e-05	4.6941789542797254e-05	4.6941789542797254e-05	27.0	0.030439684329199548
chr17	chr17	2445	61125000	4.6930000218409905e-05	886	779	0.02394293616530937	3.073547646381177e-05	4.6930000218409905e-05	4.6930000218409905e-05	19.0	0.02144469525959368
chr17	chr17	2446	61150000	4.69182186738929e-05	885	778	0.023601128561753275	3.0335640824875674e-05	4.69182186738929e-05	4.69182186738929e-05	21.0	0.023728813559322035
chr17	chr17	2447	61175000	4.6906444900934616e-05	884	778	0.04028909318378998	5.1785466817210775e-05	4.6906444900934616e-05	4.6906444900934616e-05	29.0	0.032805429864253395
chr17	chr17	2448	61200000	4.689467889123586e-05	883	779	0.026396412545615516	3.3884996849313886e-05	4.689467889123586e-05	4.689467889123586e-05	21.0	0.02378255945639864
chr17	chr17	2449	61225000	4.688292063650972e-05	882	779	0.03210021099632806	4.1206946080010345e-05	4.688292063650972e-05	4.688292063650972e-05	24.0	0.027210884353741496
chr17	chr17	2450	61250000	4.6871170128481336e-05	881	779	0.035528192735493326	4.5607436117449715e-05	4.6871170128481336e-05	4.6871170128481336e-05	26.0	0.029511918274687854
chr17	chr17	2451	61275000	4.685942735888819e-05	880	779	0.029321839715123074	3.764035906947763e-05	4.685942735888819e-05	4.685942735888819e-05	23.0	0.026136363636363635
chr17	chr17	2452	61300000	4.684769231947988e-05	879	779	0.035330684649736724	4.535389557090722e-05	4.684769231947988e-05	4.684769231947988e-05	26.0	0.02957906712172924
chr17	chr17	2453	61325000	4.6835965002018264e-05	878	779	0.034348930617471386	4.409362081832014e-05	4.6835965002018264e-05	4.6835965002018264e-05	26.0	0.029612756264236904
chr17	chr17	2454	61350000	4.682424539827724e-05	877	779	0.03162143791035841	4.059234648313018e-05	4.682424539827724e-05	4.682424539827724e-05	21.0	0.02394526795895097
chr17	chr17	2455	61375000	4.681253350004276e-05	876	779	0.0323073070302643	4.147279464732259e-05	4.681253350004276e-05	4.681253350004276e-05	26.0	0.02968036529680365
chr17	chr17	2456	61400000	4.6800829299112955e-05	875	778	0.023143753802584224	2.974775553031391e-05	4.6800829299112955e-05	4.6800829299112955e-05	19.0	0.021714285714285714
chr17	chr17	2457	61425000	4.678913278729804e-05	874	778	0.027674996090971234	3.5571974409988734e-05	4.678913278729804e-05	4.678913278729804e-05	21.0	0.02402745995423341
chr17	chr17	2458	61450000	4.677744395642021e-05	873	777	0.044597638181509844	5.73972177368209e-05	4.677744395642021e-05	4.677744395642021e-05	32.0	0.03665521191294387
chr17	chr17	2459	61475000	4.676576279831374e-05	872	776	0.026992435302402015	3.4784066111342804e-05	4.676576279831374e-05	4.676576279831374e-05	20.0	0.022935779816513763
chr17	chr17	2460	61500000	4.6754089304824827e-05	871	776	0.03310736784696194	4.266413382340456e-05	4.6754089304824827e-05	4.6754089304824827e-05	27.0	0.030998851894374284
chr17	chr17	2461	61525000	4.674242346781168e-05	870	775	0.03373935142307732	4.353464699751912e-05	4.674242346781168e-05	4.674242346781168e-05	26.0	0.029885057471264367
chr17	chr17	2462	61550000	4.673076527914447e-05	869	775	0.029886609254750784	3.856336678032359e-05	4.673076527914447e-05	4.673076527914447e-05	23.0	0.026467203682393557
chr17	chr17	2463	61575000	4.671911473070532e-05	868	776	0.021626270993332912	2.786890591924344e-05	4.671911473070532e-05	4.671911473070532e-05	18.0	0.020737327188940093
chr17	chr17	2464	61600000	4.6707471814388176e-05	867	776	0.03276067819297565	4.2217368805380996e-05	4.6707471814388176e-05	4.6707471814388176e-05	24.0	0.02768166089965398
chr17	chr17	2465	61625000	4.6695836522099e-05	866	776	0.025069544158938792	3.2306113606879884e-05	4.6695836522099e-05	4.6695836522099e-05	21.0	0.02424942263279446
chr17	chr17	2466	61650000	4.668420884575548e-05	865	775	0.031722829106297	4.093268271780258e-05	4.668420884575548e-05	4.668420884575548e-05	23.0	0.026589595375722544
chr17	chr17	2467	61675000	4.66725887772872e-05	864	774	0.03112840430613903	4.021757662291864e-05	4.66725887772872e-05	4.66725887772872e-05	24.0	0.027777777777777776
chr17	chr17	2468	61700000	4.666097630863563e-05	863	772	0.03768652605971454	4.88167436006665e-05	4.666097630863563e-05	4.666097630863563e-05	28.0	0.03244495944380069
chr17	chr17	2469	61725000	4.664937143175393e-05	862	771	0.02766408583287309	3.588078577545148e-05	4.664937143175393e-05	4.664937143175393e-05	22.0	0.025522041763341066
chr17	chr17	2470	61750000	4.663777413860713e-05	861	771	0.03545273805418327	4.598279903266313e-05	4.663777413860713e-05	4.663777413860713e-05	30.0	0.03484320557491289
chr17	chr17	2471	61775000	4.6626184421171914e-05	860	772	0.04194763479200135	5.4336314497411074e-05	4.6626184421171914e-05	4.6626184421171914e-05	31.0	0.03604651162790698
chr17	chr17	2472	61800000	4.6614602271436754e-05	859	772	0.0368591763801705	4.774504712457319e-05	4.6614602271436754e-05	4.6614602271436754e-05	29.0	0.033760186263096625
chr17	chr17	2473	61825000	4.660302768140182e-05	858	771	0.02925414539908005	3.794311984316478e-05	4.660302768140182e-05	4.660302768140182e-05	23.0	0.026806526806526808
chr17	chr17	2474	61850000	4.659146064307898e-05	857	769	0.0348153953989094	4.527359609741144e-05	4.659146064307898e-05	4.659146064307898e-05	28.0	0.03267211201866978
chr17	chr17	2475	61875000	4.657990114849177e-05	856	768	0.02640890525760804	3.4386595387510465e-05	4.657990114849177e-05	4.657990114849177e-05	21.0	0.02453271028037383
chr17	chr17	2476	61900000	4.6568349189675336e-05	855	767	0.020142020700497462	2.6260783181874136e-05	4.6568349189675336e-05	4.6568349189675336e-05	15.0	0.017543859649122806
chr17	chr17	2477	61925000	4.65568047586765e-05	854	766	0.027983887374383006	3.653249004488643e-05	4.65568047586765e-05	4.65568047586765e-05	23.0	0.026932084309133488
chr17	chr17	2478	61950000	4.6545267847553655e-05	853	765	0.02246926703499055	2.9371590895412482e-05	4.6545267847553655e-05	4.6545267847553655e-05	17.0	0.01992966002344666
chr17	chr17	2479	61975000	4.653373844837673e-05	852	765	0.020555257915311237	2.686961818994933e-05	4.653373844837673e-05	4.653373844837673e-05	17.0	0.01995305164319249
chr17	chr17	2480	62000000	4.6522216553227315e-05	851	763	0.02362889507140048	3.0968407695151346e-05	4.6522216553227315e-05	4.6522216553227315e-05	20.0	0.023501762632197415
chr17	chr17	2481	62025000	4.6510702154198384e-05	850	763	0.02733517657773487	3.582591949899721e-05	4.6510702154198384e-05	4.6510702154198384e-05	22.0	0.02588235294117647
chr17	chr17	2482	62050000	4.6499697530890615e-05	849	762	0.03676276761561047	4.824510185775652e-05	4.6499697530890615e-05	4.6499697530890615e-05	28.0	0.03297997644287397
chr17	chr17	2483	62075000	4.6488699942628555e-05	848	761	0.02318513568715531	3.0466669759731026e-05	4.6488699942628555e-05	4.6488699942628555e-05	19.0	0.02240566037735849
chr17	chr17	2484	62100000	4.647770938208437e-05	847	759	0.03904819836525557	5.1446901667003385e-05	4.647770938208437e-05	4.647770938208437e-05	29.0	0.03423848878394333
chr17	chr17	2485	62125000	4.646672584194056e-05	846	759	0.018737952261268637	2.4687684138693856e-05	4.646672584194056e-05	4.646672584194056e-05	15.0	0.01773049645390071
chr17	chr17	2486	62150000	4.645574931489043e-05	845	759	0.03056908317318076	4.0275471901423926e-05	4.645574931489043e-05	4.645574931489043e-05	24.0	0.028402366863905324
chr17	chr17	2487	62175000	4.6444779793637666e-05	844	759	0.02230577163650146	2.9388368427538156e-05	4.6444779793637666e-05	4.6444779793637666e-05	18.0	0.02132701421800948
chr17	chr17	2488	62200000	4.643381727089656e-05	843	758	0.028686185427892412	3.7844571804607406e-05	4.643381727089656e-05	4.643381727089656e-05	21.0	0.02491103202846975
chr17	chr17	2489	62225000	4.6422861739391864e-05	842	757	0.04380331590563498	5.7864353904405524e-05	4.6422861739391864e-05	4.6422861739391864e-05	32.0	0.03800475059382423
chr17	chr17	2490	62250000	4.64119131918588e-05	841	756	0.037007352540076414	4.89515245239106e-05	4.64119131918588e-05	4.64119131918588e-05	28.0	0.03329369797859691
chr17	chr17	2491	62275000	4.640097162104309e-05	840	755	0.033417693200304785	4.426184529841693e-05	4.640097162104309e-05	4.640097162104309e-05	28.0	0.03333333333333333
chr17	chr17	2492	62300000	4.63900370197009e-05	839	754	0.029077424139529972	3.85642229967241e-05	4.63900370197009e-05	4.63900370197009e-05	22.0	0.026221692491060787
chr17	chr17	2493	62325000	4.6379109380598794e-05	838	755	0.02898390946343215	3.8389284057526024e-05	4.6379109380598794e-05	4.6379109380598794e-05	22.0	0.026252983293556086
chr17	chr17	2494	62350000	4.636818869651372e-05	837	755	0.030484070637461034	4.037625249994839e-05	4.636818869651372e-05	4.636818869651372e-05	26.0	0.03106332138590203
chr17	chr17	2495	62375000	4.6357274960233086e-05	836	756	0.03894388404063807	5.151307412782813e-05	4.6357274960233086e-05	4.6357274960233086e-05	29.0	0.034688995215311005
chr17	chr17	2496	62400000	4.6346368164554595e-05	835	756	0.03405865156641534	4.50511264106023e-05	4.6346368164554595e-05	4.6346368164554595e-05	30.0	0.03592814371257485
chr17	chr17	2497	62425000	4.63354683022863e-05	834	756	0.039620040335765716	5.240746076159486e-05	4.63354683022863e-05	4.63354683022863e-05	30.0	0.03597122302158273
chr17	chr17	2498	62450000	4.632457536624671e-05	833	755	0.02859875666786786	3.787914790446074e-05	4.632457536624671e-05	4.632457536624671e-05	20.0	0.024009603841536616
chr17	chr17	2499	62475000	4.63136893492644e-05	832	754	0.030512144187303334	4.046703473117153e-05	4.63136893492644e-05	4.63136893492644e-05	22.0	0.026442307692307692
chr17	chr17	2500	62500000	4.630281024417852e-05	831	753	0.025135651010273905	3.338067863250187e-05	4.630281024417852e-05	4.630281024417852e-05	20.0	0.024067388688327317
chr17	chr17	2501	62525000	4.6291938043838184e-05	830	753	0.02292433903821292	3.044400934689631e-05	4.6291938043838184e-05	4.6291938043838184e-05	19.0	0.02289156626506024
chr17	chr17	2502	62550000	4.6281072741103105e-05	829	754	0.02805651122775081	3.7210227092507706e-05	4.6281072741103105e-05	4.6281072741103105e-05	21.0	0.025331724969843185
chr17	chr17	2503	62575000	4.627021432884291e-05	828	755	0.03379632164802836	4.476333993116339e-05	4.627021432884291e-05	4.627021432884291e-05	26.0	0.03140096618357488
chr17	chr17	2504	62600000	4.625936279993767e-05	827	754	0.028597116004648114	3.7927209555236226e-05	4.625936279993767e-05	4.625936279993767e-05	22.0	0.026602176541717048
chr17	chr17	2505	62625000	4.6248518147277514e-05	826	754	0.03632121260850271	4.8171369507298027e-05	4.6248518147277514e-05	4.6248518147277514e-05	26.0	0.031476997578692496
chr17	chr17	2506	62650000	4.623768036376279e-05	825	754	0.0368174990622859	4.882957435316433e-05	4.623768036376279e-05	4.623768036376279e-05	27.0	0.03272727272727273
chr17	chr17	2507	62675000	4.6226849442304074e-05	824	754	0.04082870565866546	5.414947700088258e-05	4.6226849442304074e-05	4.6226849442304074e-05	34.0	0.0412621359223301
chr17	chr17	2508	62700000	4.621602537582197e-05	823	754	0.022768895087380482	3.0197473590690294e-05	4.621602537582197e-05	4.621602537582197e-05	19.0	0.023086269744835967
chr17	chr17	2509	62725000	4.62052081572473e-05	822	754	0.035387382182726426	4.6932867616348046e-05	4.62052081572473e-05	4.62052081572473e-05	24.0	0.029197080291970802
chr17	chr17	2510	62750000	4.6194397779520916e-05	821	753	0.019015624149248248	2.5253152920648404e-05	4.6194397779520916e-05	4.6194397779520916e-05	16.0	0.0194884287454324
chr17	chr17	2511	62775000	4.6183594235593764e-05	820	752	0.021564640076666277	2.867638308067324e-05	4.6183594235593764e-05	4.6183594235593764e-05	17.0	0.020731707317073172
chr17	chr17	2512	62800000	4.617279751842696e-05	819	752	0.03576512449306312	4.7560005974817977e-05	4.617279751842696e-05	4.617279751842696e-05	28.0	0.03418803418803419
chr17	chr17	2513	62825000	4.616200762099152e-05	818	752	0.03707138287032477	4.929705168926166e-05	4.616200762099152e-05	4.616200762099152e-05	27.0	0.03300733496332518
chr17	chr17	2514	62850000	4.6151224536268585e-05	817	752	0.02613591082300826	3.4755200562510984e-05	4.6151224536268585e-05	4.6151224536268585e-05	21.0	0.025703794369645042
chr17	chr17	2515	62875000	4.614044825724927e-05	816	752	0.03229192217283864	4.294138586813649e-05	4.614044825724927e-05	4.614044825724927e-05	26.0	0.031862745098039214
chr17	chr17	2516	62900000	4.612967877693473e-05	815	751	0.02868943811093773	3.82016486164284e-05	4.612967877693473e-05	4.612967877693473e-05	23.0	0.02822085889570552
chr17	chr17	2517	62925000	4.611891608833603e-05	814	751	0.03368285196257345	4.485066839224161e-05	4.611891608833603e-05	4.611891608833603e-05	27.0	0.033169533169533166
chr17	chr17	2518	62950000	4.6108160184474185e-05	813	751	0.026513323155929813	3.530402550723011e-05	4.6108160184474185e-05	4.6108160184474185e-05	22.0	0.02706027060270603
chr17	chr17	2519	62975000	4.609741105838031e-05	812	750	0.030020150650854338	4.002686753447245e-05	4.609741105838031e-05	4.609741105838031e-05	23.0	0.02832512315270936
chr17	chr17	2520	63000000	4.6086668703095195e-05	811	749	0.024025193464545003	3.2076359765747666e-05	4.6086668703095195e-05	4.6086668703095195e-05	20.0	0.02466091245376079
chr17	chr17	2521	63025000	4.607593311166974e-05	810	748	0.020445014382034343	2.73329069278534e-05	4.607593311166974e-05	4.607593311166974e-05	15.0	0.018518518518518517
chr17	chr17	2522	63050000	4.606520427716458e-05	809	747	0.031612194222692125	4.2318867767994814e-05	4.606520427716458e-05	4.606520427716458e-05	24.0	0.029666254635352288
chr17	chr17	2523	63075000	4.6054482192650375e-05	808	746	0.026161733701121626	3.5069348124827914e-05	4.6054482192650375e-05	4.6054482192650375e-05	21.0	0.02599009900990099
chr17	chr17	2524	63100000	4.6043766851207405e-05	807	745	0.019012665758537037	2.5520356722868505e-05	4.6043766851207405e-05	4.6043766851207405e-05	15.0	0.01858736059479554
chr17	chr17	2525	63125000	4.6033058245926086e-05	806	744	0.027763741933422317	3.731685743739559e-05	4.6033058245926086e-05	4.6033058245926086e-05	24.0	0.02977667493796526
chr17	chr17	2526	63150000	4.602235636990636e-05	805	743	0.024087267066634634	3.241893279493221e-05	4.602235636990636e-05	4.602235636990636e-05	20.0	0.024844720496894408
chr17	chr17	2527	63175000	4.6011661216258135e-05	804	742	0.012709866374142457	1.712919996515156e-05	4.6011661216258135e-05	4.6011661216258135e-05	9.0	0.011194029850746268
chr17	chr17	2528	63200000	4.6000972778101025e-05	803	741	0.0325189861946283	4.3885271517717005e-05	4.6000972778101025e-05	4.6000972778101025e-05	27.0	0.033623910336239106
chr17	chr17	2529	63225000	4.599029104856445e-05	802	740	0.021776788890553792	2.942809309534296e-05	4.599029104856445e-05	4.599029104856445e-05	18.0	0.022443890274314215
chr17	chr17	2530	63250000	4.597961602078755e-05	801	739	0.022219197297858078	3.0066572798184138e-05	4.597961602078755e-05	4.597961602078755e-05	19.0	0.02372034956304619
chr17	chr17	2531	63275000	4.596894768791918e-05	800	738	0.02173120046005064	2.9446071084079458e-05	4.596894768791918e-05	4.596894768791918e-05	16.0	0.02
chr17	chr17	2532	63300000	4.5958286043117926e-05	799	737	0.029552576126303354	4.0098475069611066e-05	4.5958286043117926e-05	4.5958286043117926e-05	23.0	0.028785982478097622
chr17	chr17	2533	63325000	4.594763107955203e-05	798	736	0.03098095936672486	4.2093694791745735e-05	4.594763107955203e-05	4.594763107955203e-05	23.0	0.02882205513784461
chr17	chr17	2534	63350000	4.5936982790399465e-05	797	735	0.02935935470750658	3.994470028232187e-05	4.5936982790399465e-05	4.5936982790399465e-05	25.0	0.03136762860727729
chr17	chr17	2535	63375000	4.5926341168847744e-05	796	734	0.02834187132537707	3.861290371304778e-05	4.5926341168847744e-05	4.5926341168847744e-05	24.0	0.03015075376884422
chr17	chr17	2536	63400000	4.5915706208094116e-05	795	732	0.020289355481495935	2.7717698745213026e-05	4.5915706208094116e-05	4.5915706208094116e-05	15.0	0.018867924528301886
chr17	chr17	2537	63425000	4.590507790134549e-05	794	730	0.027885388220258912	3.819916194556016e-05	4.590507790134549e-05	4.590507790134549e-05	21.0	0.02644836272040302
chr17	chr17	2538	63450000	4.589445624181824e-05	793	729	0.020399142103551444	2.798236228196357e-05	4.589445624181824e-05	4.589445624181824e-05	15.0	0.018915510718789406
chr17	chr17	2539	63475000	4.588384122273838e-05	792	728	0.036256720132457364	4.9803186995133744e-05	4.588384122273838e-05	4.588384122273838e-05	27.0	0.03409090909090909
chr17	chr17	2540	63500000	4.58737662676446e-05	791	727	0.021372376084444835	2.939804138162976e-05	4.58737662676446e-05	4.58737662676446e-05	19.0	0.02402022756005057
chr17	chr17	2541	63525000	4.586369748919266e-05	790	726	0.026553790265117755	3.65754686847352e-05	4.586369748919266e-05	4.586369748919266e-05	21.0	0.026582278481012658
chr17	chr17	2542	63550000	4.585363488116734e-05	789	725	0.029445973054377534	4.0615135247417286e-05	4.585363488116734e-05	4.585363488116734e-05	23.0	0.029150823827629912
chr17	chr17	2543	63575000	4.5843578437362083e-05	788	724	0.027685590542334517	3.823976594245099e-05	4.5843578437362083e-05	4.5843578437362083e-05	22.0	0.027918781725888325
chr17	chr17	2544	63600000	4.5833528151578956e-05	787	723	0.028683236274248323	3.967252596714844e-05	4.5833528151578956e-05	4.5833528151578956e-05	23.0	0.029224904701397714
chr17	chr17	2545	63625000	4.582348401762877e-05	786	722	0.022267149395558152	3.084092714066226e-05	4.582348401762877e-05	4.582348401762877e-05	18.0	0.022900763358778626
chr17	chr17	2546	63650000	4.581344602933089e-05	785	721	0.019920422508500683	2.762888003952938e-05	4.581344602933089e-05	4.581344602933089e-05	17.0	0.02165605095541401
chr17	chr17	2547	63675000	4.5803414180513476e-05	784	720	0.020137961097579288	2.7969390413304566e-05	4.5803414180513476e-05	4.5803414180513476e-05	17.0	0.021683673469387755
chr17	chr17	2548	63700000	4.579338846501318e-05	783	719	0.02365510489694915	3.290000681077768e-05	4.579338846501318e-05	4.579338846501318e-05	20.0	0.02554278416347382
chr17	chr17	2549	63725000	4.5783368876675196e-05	782	718	0.028377991317931728	3.952366478820575e-05	4.5783368876675196e-05	4.5783368876675196e-05	21.0	0.026854219948849106
chr17	chr17	2550	63750000	4.5773355409353474e-05	781	717	0.029256378948716508	4.080387580016249e-05	4.5773355409353474e-05	4.5773355409353474e-05	21.0	0.026888604353393086
chr17	chr17	2551	63775000	4.576334805691048e-05	780	716	0.02197651652746903	3.069345883724725e-05	4.576334805691048e-05	4.576334805691048e-05	18.0	0.023076923076923078
chr17	chr17	2552	63800000	4.575334681321707e-05	779	715	0.02302034951978822	3.219629303466884e-05	4.575334681321707e-05	4.575334681321707e-05	17.0	0.021822849807445442
chr17	chr17	2553	63825000	4.574335167215297e-05	778	714	0.024586746094911946	3.443521862032485e-05	4.574335167215297e-05	4.574335167215297e-05	19.0	0.02442159383033419
chr17	chr17	2554	63850000	4.573336262760613e-05	777	713	0.023677771300904024	3.320865540098741e-05	4.573336262760613e-05	4.573336262760613e-05	17.0	0.021879021879021878
chr17	chr17	2555	63875000	4.572337967347313e-05	776	712	0.0309625561219408	4.348673612632135e-05	4.572337967347313e-05	4.572337967347313e-05	24.0	0.030927835051546393
chr17	chr17	2556	63900000	4.571340280365909e-05	775	711	0.026166678866777503	3.680264256930732e-05	4.571340280365909e-05	4.571340280365909e-05	23.0	0.02967741935483871
chr17	chr17	2557	63925000	4.570343201207758e-05	774	710	0.023959576623044432	3.3745882567668216e-05	4.570343201207758e-05	4.570343201207758e-05	20.0	0.025839793281653745
chr17	chr17	2558	63950000	4.569346729265052e-05	773	709	0.017972394970110776	2.534893507773029e-05	4.569346729265052e-05	4.569346729265052e-05	15.0	0.019404915912031046
chr17	chr17	2559	63975000	4.568350863930847e-05	772	708	0.025062411408917806	3.539888617078786e-05	4.568350863930847e-05	4.568350863930847e-05	22.0	0.02849740932642487
chr17	chr17	2560	64000000	4.567355604599029e-05	771	708	0.021642388350485355	3.056834512780417e-05	4.567355604599029e-05	4.567355604599029e-05	18.0	0.023346303501945526
chr17	chr17	2561	64025000	4.566360950664331e-05	770	708	0.02192892765984564	3.097306166644864e-05	4.566360950664331e-05	4.566360950664331e-05	19.0	0.024675324675324677
chr17	chr17	2562	64050000	4.565366901522334e-05	769	708	0.027097080036194446	3.827271191552888e-05	4.565366901522334e-05	4.565366901522334e-05	25.0	0.032509752925877766
chr17	chr17	2563	64075000	4.5643734565694435e-05	768	708	0.033362779620517834	4.7122570085477164e-05	4.5643734565694435e-05	4.5643734565694435e-05	27.0	0.03515625
chr17	chr17	2564	64100000	4.563380615202907e-05	767	708	0.01524504415368383	2.1532548239666426e-05	4.563380615202907e-05	4.563380615202907e-05	13.0	0.01694915254237288
chr17	chr17	2565	64125000	4.5623883768208124e-05	766	708	0.026288271365061216	3.713032678680963e-05	4.5623883768208124e-05	4.5623883768208124e-05	20.0	0.02610966057441253
chr17	chr17	2566	64150000	4.561396740822086e-05	765	708	0.0205819481195872	2.9070548191507346e-05	4.561396740822086e-05	4.561396740822086e-05	16.0	0.02091503267973856
chr17	chr17	2567	64175000	4.560405706606473e-05	764	708	0.021163522889092803	2.9891981481769497e-05	4.560405706606473e-05	4.560405706606473e-05	17.0	0.02225130890052356
chr17	chr17	2568	64200000	4.5594152735745666e-05	763	707	0.023467493089064963	3.31930595319165e-05	4.5594152735745666e-05	4.5594152735745666e-05	19.0	0.02490170380078637
chr17	chr17	2569	64225000	4.558425441127777e-05	762	706	0.02757438786931177	3.905720661375605e-05	4.558425441127777e-05	4.558425441127777e-05	23.0	0.030183727034120734
chr17	chr17	2570	64250000	4.5574362086683486e-05	761	705	0.028745578536591907	4.0773870264669374e-05	4.5574362086683486e-05	4.5574362086683486e-05	24.0	0.03153745072273324
chr17	chr17	2571	64275000	4.5564475755993594e-05	760	704	0.02939328901338181	4.1751830984917346e-05	4.5564475755993594e-05	4.5564475755993594e-05	22.0	0.02894736842105263
chr17	chr17	2572	64300000	4.555459541324698e-05	759	703	0.028124585225438627	4.000652236904499e-05	4.555459541324698e-05	4.555459541324698e-05	22.0	0.028985507246376812
chr17	chr17	2573	64325000	4.5544721052490864e-05	758	702	0.02377582047312013	3.386869013264976e-05	4.5544721052490864e-05	4.5544721052490864e-05	19.0	0.025065963060686015
chr17	chr17	2574	64350000	4.553485266778073e-05	757	702	0.027609296138586155	3.932948167889766e-05	4.553485266778073e-05	4.553485266778073e-05	21.0	0.02774108322324967
chr17	chr17	2575	64375000	4.5524990253180284e-05	756	702	0.025717438984876908	3.663452846848562e-05	4.5524990253180284e-05	4.5524990253180284e-05	21.0	0.027777777777777776
chr17	chr17	2576	64400000	4.551513380276129e-05	755	702	0.02436553084809768	3.470873340184854e-05	4.551513380276129e-05	4.551513380276129e-05	20.0	0.026490066225165563
chr17	chr17	2577	64425000	4.550528331060384e-05	754	702	0.011142136371774431	1.5871989133581812e-05	4.550528331060384e-05	4.550528331060384e-05	10.0	0.013262599469496022
chr17	chr17	2578	64450000	4.549543877079608e-05	753	702	0.02993133745025486	4.2637232835120886e-05	4.549543877079608e-05	4.549543877079608e-05	25.0	0.033200531208499334
chr17	chr17	2579	64475000	4.5485600177434494e-05	752	701	0.01488181148756045	2.1229402977974963e-05	4.5485600177434494e-05	4.5485600177434494e-05	13.0	0.017287234042553192
chr17	chr17	2580	64500000	4.5475767524623495e-05	751	701	0.02220867418094033	3.168141823243984e-05	4.5475767524623495e-05	4.5475767524623495e-05	18.0	0.023968042609853527
chr17	chr17	2581	64525000	4.546594080647577e-05	750	701	0.03005140619926596	4.286933837270465e-05	4.546594080647577e-05	4.546594080647577e-05	25.0	0.03333333333333333
chr17	chr17	2582	64550000	4.5456120017112025e-05	749	701	0.028795638909848213	4.1077944236588034e-05	4.5456120017112025e-05	4.5456120017112025e-05	24.0	0.03204272363150868
chr17	chr17	2583	64575000	4.5446305150661106e-05	748	701	0.022189138025624038	3.165354925196011e-05	4.5446305150661106e-05	4.5446305150661106e-05	18.0	0.02406417112299465
chr17	chr17	2584	64600000	4.543649620126004e-05	747	701	0.02764595993837955	3.943788864248152e-05	4.543649620126004e-05	4.543649620126004e-05	21.0	0.028112449799196786
chr17	chr17	2585	64625000	4.542669316305369e-05	746	701	0.016060802457295225	2.2911273120249966e-05	4.542669316305369e-05	4.542669316305369e-05	13.0	0.01742627345844504
chr17	chr17	2586	64650000	4.5416896030195225e-05	745	701	0.019099586084024574	2.7246199834557166e-05	4.5416896030195225e-05	4.5416896030195225e-05	15.0	0.020134228187919462
chr17	chr17	2587	64675000	4.540710479684568e-05	744	701	0.025162439465442426	3.589506343144426e-05	4.540710479684568e-05	4.540710479684568e-05	19.0	0.025537634408602152
chr17	chr17	2588	64700000	4.539731945717425e-05	743	702	0.021519269846418075	3.06542305504531e-05	4.539731945717425e-05	4.539731945717425e-05	17.0	0.02288021534320323
chr17	chr17	2589	64725000	4.538754000535795e-05	742	703	0.02172258065248172	3.08998302311262e-05	4.538754000535795e-05	4.538754000535795e-05	17.0	0.022911051212938006
chr17	chr17	2590	64750000	4.537776643558205e-05	741	704	0.026423009144315848	3.7532683443630464e-05	4.537776643558205e-05	4.537776643558205e-05	22.0	0.029689608636977057
chr17	chr17	2591	64775000	4.536799874203958e-05	740	705	0.024050152334593435	3.411369125474246e-05	4.536799874203958e-05	4.536799874203958e-05	18.0	0.024324324324324326
chr17	chr17	2592	64800000	4.5358236918931686e-05	739	706	0.02404709869308211	3.406104630748174e-05	4.5358236918931686e-05	4.5358236918931686e-05	18.0	0.02435723951285521
chr17	chr17	2593	64825000	4.5348480960467416e-05	738	706	0.020320661517547394	2.8782806682078463e-05	4.5348480960467416e-05	4.5348480960467416e-05	17.0	0.023035230352303523
chr17	chr17	2594	64850000	4.5338730860863744e-05	737	705	0.023722913436449566	3.3649522604893e-05	4.5338730860863744e-05	4.5338730860863744e-05	20.0	0.027137042062415198
chr17	chr17	2595	64875000	4.532898661434562e-05	736	704	0.017818455561700763	2.5310306195597675e-05	4.532898661434562e-05	4.532898661434562e-05	11.0	0.014945652173913044
chr17	chr17	2596	64900000	4.531924821514584e-05	735	703	0.01755071063220869	2.496544897895973e-05	4.531924821514584e-05	4.531924821514584e-05	15.0	0.02040816326530612
chr17	chr17	2597	64925000	4.530951565750519e-05	734	703	0.01811497430283327	2.576810000403026e-05	4.530951565750519e-05	4.530951565750519e-05	16.0	0.021798365122615803
chr17	chr17	2598	64950000	4.529978893567226e-05	733	702	0.01660113941059385	2.364834673873768e-05	4.529978893567226e-05	4.529978893567226e-05	14.0	0.019099590723055934
chr17	chr17	2599	64975000	4.5290068043903555e-05	732	701	0.02206256339032519	3.147298629147673e-05	4.5290068043903555e-05	4.5290068043903555e-05	19.0	0.025956284153005466
chr17	chr17	2600	65000000	4.5280908315092256e-05	731	701	0.02523953500083496	3.600504279719681e-05	4.5280908315092256e-05	4.5280908315092256e-05	20.0	0.027359781121751026
chr17	chr17	2601	65025000	4.527175396002522e-05	730	700	0.012282468070723382	1.754638295817626e-05	4.527175396002522e-05	4.527175396002522e-05	11.0	0.015068493150684932
chr17	chr17	2602	65050000	4.52626049734855e-05	729	699	0.020148822453884035	2.8825210949762567e-05	4.52626049734855e-05	4.52626049734855e-05	16.0	0.02194787379972565
chr17	chr17	2603	65075000	4.525346135026346e-05	728	698	0.01562690447782629	2.23881152977454e-05	4.525346135026346e-05	4.525346135026346e-05	11.0	0.01510989010989011
chr17	chr17	2604	65100000	4.524432308515631e-05	727	696	0.019264146439634155	2.767837132131344e-05	4.524432308515631e-05	4.524432308515631e-05	17.0	0.023383768913342505
chr17	chr17	2605	65125000	4.523519017296836e-05	726	694	0.018623763431224325	2.6835393993118624e-05	4.523519017296836e-05	4.523519017296836e-05	15.0	0.02066115702479339
chr17	chr17	2606	65150000	4.522606260851105e-05	725	693	0.018244696683928373	2.6327123642032285e-05	4.522606260851105e-05	4.522606260851105e-05	14.0	0.019310344827586208
chr17	chr17	2607	65175000	4.5216940386602697e-05	724	692	0.025860825958131405	3.737113577764654e-05	4.5216940386602697e-05	4.5216940386602697e-05	20.0	0.027624309392265192
chr17	chr17	2608	65200000	4.520782350206874e-05	723	691	0.015229612316982343	2.2039959937745792e-05	4.520782350206874e-05	4.520782350206874e-05	12.0	0.016597510373443983
chr17	chr17	2609	65225000	4.519871194974155e-05	722	690	0.024898208176179243	3.608435967562209e-05	4.519871194974155e-05	4.519871194974155e-05	17.0	0.023545706371191136
chr17	chr17	2610	65250000	4.51896057244605e-05	721	689	0.016995193560816864	2.4666463803798062e-05	4.51896057244605e-05	4.51896057244605e-05	13.0	0.018030513176144243
chr17	chr17	2611	65275000	4.5180504821071885e-05	720	688	0.01835775324556304	2.6682780880178837e-05	4.5180504821071885e-05	4.5180504821071885e-05	15.0	0.020833333333333332
chr17	chr17	2612	65300000	4.517140923442897e-05	719	687	0.018541740505417813	2.698943305009871e-05	4.517140923442897e-05	4.517140923442897e-05	15.0	0.02086230876216968
chr17	chr17	2613	65325000	4.516231895939205e-05	718	686	0.018955290418685152	2.763161868612996e-05	4.516231895939205e-05	4.516231895939205e-05	14.0	0.019498607242339833
chr17	chr17	2614	65350000	4.515323399082823e-05	717	685	0.025663536409295883	3.74650166559064e-05	4.515323399082823e-05	4.515323399082823e-05	20.0	0.02789400278940028
chr17	chr17	2615	65375000	4.514415432361168e-05	716	684	0.010600312512342235	1.5497532912781047e-05	4.514415432361168e-05	4.514415432361168e-05	10.0	0.013966480446927373
chr17	chr17	2616	65400000	4.513507995262334e-05	715	683	0.023777093986550556	3.481272911647226e-05	4.513507995262334e-05	4.513507995262334e-05	19.0	0.026573426573426574
chr17	chr17	2617	65425000	4.5126010872751126e-05	714	682	0.01559893514021075	2.287233891526503e-05	4.5126010872751126e-05	4.5126010872751126e-05	13.0	0.018207282913165267
chr17	chr17	2618	65450000	4.511694707888984e-05	713	681	0.02345351200895879	3.4439812054271354e-05	4.511694707888984e-05	4.511694707888984e-05	18.0	0.025245441795231416
chr17	chr17	2619	65475000	4.510788856594106e-05	712	680	0.020661062888521337	3.0383916012531377e-05	4.510788856594106e-05	4.510788856594106e-05	16.0	0.02247191011235955
chr17	chr17	2620	65500000	4.509883532881335e-05	711	679	0.022496229765399847	3.313141349837975e-05	4.509883532881335e-05	4.509883532881335e-05	17.0	0.02390998593530239
chr17	chr17	2621	65525000	4.508978736242209e-05	710	678	0.006890967305974742	1.01636685928831e-05	4.508978736242209e-05	4.508978736242209e-05	6.0	0.008450704225352112
chr17	chr17	2622	65550000	4.508074466168944e-05	709	677	0.018087916061465186	2.671774898296187e-05	4.508074466168944e-05	4.508074466168944e-05	16.0	0.022566995768688293
chr17	chr17	2623	65575000	4.507170722154449e-05	708	676	0.011936766352967795	1.7657938391964195e-05	4.507170722154449e-05	4.507170722154449e-05	10.0	0.014124293785310734
chr17	chr17	2624	65600000	4.5062675036923016e-05	707	675	0.010307283503243461	1.5270049634434757e-05	4.5062675036923016e-05	4.5062675036923016e-05	8.0	0.011315417256011316
chr17	chr17	2625	65625000	4.505364810276772e-05	706	674	0.012072550690273435	1.7911796276370082e-05	4.505364810276772e-05	4.505364810276772e-05	9.0	0.012747875354107648
chr17	chr17	2626	65650000	4.5044626414027973e-05	705	673	0.013232660677875055	1.9662200115713306e-05	4.5044626414027973e-05	4.5044626414027973e-05	11.0	0.015602836879432624
chr17	chr17	2627	65675000	4.503560996566005e-05	704	672	0.019885839162018925	2.959202256252816e-05	4.503560996566005e-05	4.503560996566005e-05	14.0	0.019886363636363636
chr17	chr17	2628	65700000	4.502659875262695e-05	703	671	0.02257098146687215	3.363782632916863e-05	4.502659875262695e-05	4.502659875262695e-05	19.0	0.02702702702702703
chr17	chr17	2629	65725000	4.501759276989833e-05	702	670	0.010407481061144964	1.5533553822604423e-05	4.501759276989833e-05	4.501759276989833e-05	8.0	0.011396011396011397
chr17	chr17	2630	65750000	4.500859201245075e-05	701	669	0.01195910260475517	1.7876087600530897e-05	4.500859201245075e-05	4.500859201245075e-05	9.0	0.012838801711840228
chr17	chr17	2631	65775000	4.499959647526737e-05	700	668	0.016213593636627083	2.4271846761417787e-05	4.499959647526737e-05	4.499959647526737e-05	13.0	0.018571428571428572
chr17	chr17	2632	65800000	4.499060615333816e-05	699	667	0.015710282194661206	2.3553646468757432e-05	4.499060615333816e-05	4.499060615333816e-05	12.0	0.017167381974248927
chr17	chr17	2633	65825000	4.498162104165977e-05	698	666	0.01543429339022967	2.317461470004455e-05	4.498162104165977e-05	4.498162104165977e-05	13.0	0.01862464183381089
chr17	chr17	2634	65850000	4.497264113523554e-05	697	665	0.01897503392938507	2.8533885608097852e-05	4.497264113523554e-05	4.497264113523554e-05	15.0	0.021520803443328552
chr17	chr17	2635	65875000	4.4963666429075515e-05	696	664	0.011226601765406614	1.690753277922683e-05	4.4963666429075515e-05	4.4963666429075515e-05	10.0	0.014367816091954023
chr17	chr17	2636	65900000	4.495469691819632e-05	695	664	0.009808722009961066	1.4772171701748592e-05	4.495469691819632e-05	4.495469691819632e-05	9.0	0.012949640287769784
chr17	chr17	2637	65925000	4.4945732597621446e-05	694	664	0.015421978952593904	2.3225871916557084e-05	4.4945732597621446e-05	4.4945732597621446e-05	14.0	0.020172910662824207
chr17	chr17	2638	65950000	4.493677346238084e-05	693	663	0.013178715032050448	1.98773982383868e-05	4.493677346238084e-05	4.493677346238084e-05	12.0	0.017316017316017316
chr17	chr17	2639	65975000	4.492781950751115e-05	692	661	0.015729478869557632	2.379648845621427e-05	4.492781950751115e-05	4.492781950751115e-05	13.0	0.01878612716763006
chr17	chr17	2640	66000000	4.4918870728055724e-05	691	660	0.020039929451788736	3.0363529472407176e-05	4.4918870728055724e-05	4.4918870728055724e-05	16.0	0.023154848046309694
chr17	chr17	2641	66025000	4.490992711906436e-05	690	660	0.01682398014077524	2.5490879001174607e-05	4.490992711906436e-05	4.490992711906436e-05	13.0	0.01884057971014493
chr17	chr17	2642	66050000	4.4900988675593766e-05	689	659	0.01627315521151885	2.4693710487888997e-05	4.4900988675593766e-05	4.4900988675593766e-05	14.0	0.020319303338171262
chr17	chr17	2643	66075000	4.489205539270691e-05	688	658	0.01751344203900842	2.6616173311562947e-05	4.489205539270691e-05	4.489205539270691e-05	15.0	0.02180232558139535
chr17	chr17	2644	66100000	4.488312726547347e-05	687	656	0.015983608078981748	2.4365256217959983e-05	4.488312726547347e-05	4.488312726547347e-05	13.0	0.018922852983988356
chr17	chr17	2645	66125000	4.4874204288969785e-05	686	655	0.014418764685469885	2.2013381199190663e-05	4.4874204288969785e-05	4.4874204288969785e-05	13.0	0.018950437317784258
chr17	chr17	2646	66150000	4.4865286458278666e-05	685	655	0.020994791517249187	3.2053116820227767e-05	4.4865286458278666e-05	4.4865286458278666e-05	17.0	0.024817518248175182
chr17	chr17	2647	66175000	4.4856373768489485e-05	684	654	0.005753858646219766	8.797949000336033e-06	4.4856373768489485e-05	4.4856373768489485e-05	5.0	0.007309941520467836
chr17	chr17	2648	66200000	4.484746621469821e-05	683	653	0.02198908443219349	3.367394246890274e-05	4.484746621469821e-05	4.484746621469821e-05	19.0	0.027818448023426062
chr17	chr17	2649	66225000	4.4838563792007193e-05	682	652	0.02441932478117086	3.7452952118360214e-05	4.4838563792007193e-05	4.4838563792007193e-05	20.0	0.02932551319648094
chr17	chr17	2650	66250000	4.482966649552547e-05	681	650	0.021023481752508764	3.2343818080782714e-05	4.482966649552547e-05	4.482966649552547e-05	16.0	0.023494860499265784
chr17	chr17	2651	66275000	4.482077432036845e-05	680	648	0.012500491742612372	1.9290882318846254e-05	4.482077432036845e-05	4.482077432036845e-05	12.0	0.01764705882352941
chr17	chr17	2652	66300000	4.481188726165811e-05	679	647	0.014612565093849492	2.2585108336707096e-05	4.481188726165811e-05	4.481188726165811e-05	13.0	0.01914580265095729
chr17	chr17	2653	66325000	4.4803005314522955e-05	678	646	0.02247325850839197	3.478832586438386e-05	4.4803005314522955e-05	4.4803005314522955e-05	19.0	0.028023598820058997
chr17	chr17	2654	66350000	4.479412847409788e-05	677	645	0.013957351637396706	2.163930486418094e-05	4.479412847409788e-05	4.479412847409788e-05	12.0	0.01772525849335303
chr17	chr17	2655	66375000	4.4785256735524196e-05	676	645	0.021936624193506	3.4010270067451165e-05	4.4785256735524196e-05	4.4785256735524196e-05	20.0	0.029585798816568046
chr17	chr17	2656	66400000	4.477639009394985e-05	675	644	0.019017569047672572	2.9530386719988467e-05	4.477639009394985e-05	4.477639009394985e-05	15.0	0.022222222222222223
chr17	chr17	2657	66425000	4.4767528544529e-05	674	644	0.014661803785960664	2.276677606515631e-05	4.4767528544529e-05	4.4767528544529e-05	10.0	0.01483679525222552
chr17	chr17	2658	66450000	4.475867208242242e-05	673	644	0.011995089934381633	1.862591604717645e-05	4.475867208242242e-05	4.475867208242242e-05	11.0	0.01634472511144131
chr17	chr17	2659	66475000	4.474982070279719e-05	672	644	0.020434266159721992	3.173022695609005e-05	4.474982070279719e-05	4.474982070279719e-05	17.0	0.025297619047619048
chr17	chr17	2660	66500000	4.474097440082683e-05	671	644	0.017168805818051434	2.6659636363433906e-05	4.474097440082683e-05	4.474097440082683e-05	14.0	0.020864381520119227
chr17	chr17	2661	66525000	4.473269813413772e-05	670	644	0.01169713162633632	1.8163247866981865e-05	4.473269813413772e-05	4.473269813413772e-05	10.0	0.014925373134328358
chr17	chr17	2662	66550000	4.472442650716977e-05	669	643	0.01667253280167139	2.592928896060869e-05	4.472442650716977e-05	4.472442650716977e-05	15.0	0.02242152466367713
chr17	chr17	2663	66575000	4.4716159515580375e-05	668	642	0.02624606326932856	4.0881718488050716e-05	4.4716159515580375e-05	4.4716159515580375e-05	22.0	0.03293413173652695
chr17	chr17	2664	66600000	4.4707897155032696e-05	667	641	0.02082187237892948	3.248342024793991e-05	4.4707897155032696e-05	4.4707897155032696e-05	17.0	0.025487256371814093
chr17	chr17	2665	66625000	4.469963942119567e-05	666	640	0.013401021741589879	2.0939096471234186e-05	4.469963942119567e-05	4.469963942119567e-05	11.0	0.016516516516516516
chr17	chr17	2666	66650000	4.469138630974376e-05	665	639	0.021695913169759867	3.395291575862264e-05	4.469138630974376e-05	4.469138630974376e-05	17.0	0.02556390977443609
chr17	chr17	2667	66675000	4.468313781635709e-05	664	638	0.014036040400223429	2.2000063323234215e-05	4.468313781635709e-05	4.468313781635709e-05	11.0	0.016566265060240965
chr17	chr17	2668	66700000	4.4674893936721575e-05	663	637	0.021101864313572312	3.3126945547209284e-05	4.4674893936721575e-05	4.4674893936721575e-05	18.0	0.027149321266968326
chr17	chr17	2669	66725000	4.4666654666528686e-05	662	636	0.014173574235131528	2.2285494080395484e-05	4.4666654666528686e-05	4.4666654666528686e-05	13.0	0.019637462235649546
chr17	chr17	2670	66750000	4.46584200014755e-05	661	635	0.0145414099936898	2.2899858257779213e-05	4.46584200014755e-05	4.46584200014755e-05	12.0	0.018154311649016642
chr17	chr17	2671	66775000	4.465018993726481e-05	660	634	0.013033806404338601	2.05580542655183e-05	4.465018993726481e-05	4.465018993726481e-05	12.0	0.01818181818181818
chr17	chr17	2672	66800000	4.4641964469604944e-05	659	633	0.009904249747921312	1.5646524088343306e-05	4.4641964469604944e-05	4.4641964469604944e-05	8.0	0.012139605462822459
chr17	chr17	2673	66825000	4.46337435942099e-05	658	632	0.0157453009431521	2.4913450859417878e-05	4.46337435942099e-05	4.46337435942099e-05	14.0	0.02127659574468085
chr17	chr17	2674	66850000	4.4625527306799164e-05	657	631	0.02060622915443652	3.265646458706263e-05	4.4625527306799164e-05	4.4625527306799164e-05	16.0	0.0243531202435312
chr17	chr17	2675	66875000	4.461731560309798e-05	656	630	0.01386677992903859	2.2010761792124747e-05	4.461731560309798e-05	4.461731560309798e-05	12.0	0.018292682926829267
chr17	chr17	2676	66900000	4.460910847883708e-05	655	629	0.013107545715573486	2.0838705430164525e-05	4.460910847883708e-05	4.460910847883708e-05	12.0	0.0183206106870229
chr17	chr17	2677	66925000	4.4600905929752696e-05	654	628	0.01390699377780497	2.2144894550644856e-05	4.4600905929752696e-05	4.4600905929752696e-05	13.0	0.019877675840978593
chr17	chr17	2678	66950000	4.459270795158671e-05	653	627	0.015308758750658473	2.4415883174893897e-05	4.459270795158671e-05	4.459270795158671e-05	13.0	0.019908116385911178
chr17	chr17	2679	66975000	4.458451454008655e-05	652	626	0.01689312185408792	2.698581765828741e-05	4.458451454008655e-05	4.458451454008655e-05	16.0	0.024539877300613498
chr17	chr17	2680	67000000	4.457632569100525e-05	651	625	0.026439640814428907	4.230342530308625e-05	4.457632569100525e-05	4.457632569100525e-05	22.0	0.03379416282642089
chr17	chr17	2681	67025000	4.456814140010116e-05	650	624	0.014448837981720112	2.3155189073269412e-05	4.456814140010116e-05	4.456814140010116e-05	12.0	0.018461538461538463
chr17	chr17	2682	67050000	4.4559961663138395e-05	649	623	0.009084237848263052	1.458144116896156e-05	4.4559961663138395e-05	4.4559961663138395e-05	8.0	0.012326656394453005
chr17	chr17	2683	67075000	4.455178647588645e-05	648	622	0.014007564044561084	2.2520199428554797e-05	4.455178647588645e-05	4.455178647588645e-05	12.0	0.018518518518518517
chr17	chr17	2684	67100000	4.4543615834120336e-05	647	621	0.015718665218519456	2.5311860255264825e-05	4.4543615834120336e-05	4.4543615834120336e-05	12.0	0.01854714064914992
chr17	chr17	2685	67125000	4.4535449733620604e-05	646	620	0.01556680024729419	2.5107742334345468e-05	4.4535449733620604e-05	4.4535449733620604e-05	14.0	0.021671826625386997
chr17	chr17	2686	67150000	4.45272881701733e-05	645	619	0.010656082579058574	1.7214996088947617e-05	4.45272881701733e-05	4.45272881701733e-05	10.0	0.015503875968992248
chr17	chr17	2687	67175000	4.4519131139569844e-05	644	618	0.016291370102823673	2.6361440295831184e-05	4.4519131139569844e-05	4.4519131139569844e-05	15.0	0.023291925465838508
chr17	chr17	2688	67200000	4.451097863760723e-05	643	617	0.010778909688121438	1.7469869834880774e-05	4.451097863760723e-05	4.451097863760723e-05	9.0	0.013996889580093312
chr17	chr17	2689	67225000	4.450283066008788e-05	642	616	0.010005464806135046	1.6242637672297152e-05	4.450283066008788e-05	4.450283066008788e-05	8.0	0.012461059190031152
chr17	chr17	2690	67250000	4.449468720281968e-05	641	615	0.023202622764667075	3.7727841893767604e-05	4.449468720281968e-05	4.449468720281968e-05	19.0	0.029641185647425898
chr17	chr17	2691	67275000	4.448654826161585e-05	640	614	0.018370206394359868	2.9918902922410207e-05	4.448654826161585e-05	4.448654826161585e-05	17.0	0.0265625
chr17	chr17	2692	67300000	4.447841383229526e-05	639	613	0.016609626992896993	2.7095639466389875e-05	4.447841383229526e-05	4.447841383229526e-05	15.0	0.023474178403755867
chr17	chr17	2693	67325000	4.447028391068202e-05	638	612	0.017610499120564865	2.8775325360400105e-05	4.447028391068202e-05	4.447028391068202e-05	13.0	0.02037617554858934
chr17	chr17	2694	67350000	4.446215849260563e-05	637	612	0.02280331160483185	3.726031307979061e-05	4.446215849260563e-05	4.446215849260563e-05	18.0	0.0282574568288854
chr17	chr17	2695	67375000	4.445403757390119e-05	636	612	0.016831894039902293	2.7503094836441655e-05	4.445403757390119e-05	4.445403757390119e-05	15.0	0.02358490566037736
chr17	chr17	2696	67400000	4.444592115040899e-05	635	612	0.014094579748076565	2.3030359065484585e-05	4.444592115040899e-05	4.444592115040899e-05	13.0	0.02047244094488189
chr17	chr17	2697	67425000	4.443780921797488e-05	634	611	0.011613597868544627	1.9007525153100862e-05	4.443780921797488e-05	4.443780921797488e-05	11.0	0.017350157728706624
chr17	chr17	2698	67450000	4.44297017724499e-05	633	611	0.023355362859163422	3.822481646344259e-05	4.44297017724499e-05	4.44297017724499e-05	18.0	0.02843601895734597
chr17	chr17	2699	67475000	4.4421598809690595e-05	632	611	0.017256390063036614	2.8242864260289056e-05	4.4421598809690595e-05	4.4421598809690595e-05	15.0	0.023734177215189875
chr17	chr17	2700	67500000	4.4413500325558907e-05	631	611	0.02411380751365879	3.9466133410243517e-05	4.4413500325558907e-05	4.4413500325558907e-05	19.0	0.030110935023771792
chr17	chr17	2701	67525000	4.4405406315921934e-05	630	611	0.015469596546990018	2.5318488620278262e-05	4.4405406315921934e-05	4.4405406315921934e-05	11.0	0.01746031746031746
chr17	chr17	2702	67550000	4.439731677665233e-05	629	610	0.016533055947073345	2.710337040503827e-05	4.439731677665233e-05	4.439731677665233e-05	13.0	0.02066772655007949
chr17	chr17	2703	67575000	4.438923170362796e-05	628	611	0.013552256178661858	2.2180452010903205e-05	4.438923170362796e-05	4.438923170362796e-05	13.0	0.020700636942675158
chr17	chr17	2704	67600000	4.4381151092732016e-05	627	611	0.018930463108628493	3.098275467860637e-05	4.4381151092732016e-05	4.4381151092732016e-05	15.0	0.023923444976076555
chr17	chr17	2705	67625000	4.4373074939853114e-05	626	610	0.013780495350574675	2.2590975984548647e-05	4.4373074939853114e-05	4.4373074939853114e-05	13.0	0.020766773162939296
chr17	chr17	2706	67650000	4.4365003240884984e-05	625	610	0.01654862135116883	2.712888746093251e-05	4.4365003240884984e-05	4.4365003240884984e-05	15.0	0.024
chr17	chr17	2707	67675000	4.435693599172687e-05	624	610	0.019488467446007716	3.194830728853724e-05	4.435693599172687e-05	4.435693599172687e-05	17.0	0.027243589743589744
chr17	chr17	2708	67700000	4.4348873188283116e-05	623	609	0.017068650043192638	2.8027339972401706e-05	4.4348873188283116e-05	4.4348873188283116e-05	15.0	0.024077046548956663
chr17	chr17	2709	67725000	4.4340814826463476e-05	622	608	0.0142338471319546	2.3410932782820065e-05	4.4340814826463476e-05	4.4340814826463476e-05	12.0	0.01929260450160772
chr17	chr17	2710	67750000	4.43327609021829e-05	621	607	0.017924381358215783	2.9529458580256645e-05	4.43327609021829e-05	4.43327609021829e-05	15.0	0.024154589371980676
chr17	chr17	2711	67775000	4.4324711411361635e-05	620	606	0.016966104374145273	2.7996871904530154e-05	4.4324711411361635e-05	4.4324711411361635e-05	16.0	0.025806451612903226
chr17	chr17	2712	67800000	4.4316666349925224e-05	619	605	0.016822167830683375	2.7805236083774175e-05	4.4316666349925224e-05	4.4316666349925224e-05	14.0	0.022617124394184167
chr17	chr17	2713	67825000	4.430862571380436e-05	618	604	0.022236221235711326	3.681493582071412e-05	4.430862571380436e-05	4.430862571380436e-05	19.0	0.030744336569579287
chr17	chr17	2714	67850000	4.4300589498935004e-05	617	603	0.016217593882955593	2.689484889379037e-05	4.4300589498935004e-05	4.4300589498935004e-05	14.0	0.022690437601296597
chr17	chr17	2715	67875000	4.429255770125845e-05	616	602	0.01419986429756081	2.3587814447775433e-05	4.429255770125845e-05	4.429255770125845e-05	13.0	0.021103896103896104
chr17	chr17	2716	67900000	4.428453031672102e-05	615	601	0.015179444951143338	2.5256979951985586e-05	4.428453031672102e-05	4.428453031672102e-05	14.0	0.022764227642276424
chr17	chr17	2717	67925000	4.427650734127438e-05	614	600	0.031380349435425135	5.230058239237523e-05	4.427650734127438e-05	4.427650734127438e-05	27.0	0.043973941368078175
chr17	chr17	2718	67950000	4.426848877087539e-05	613	599	0.01634950130415569	2.7294659940159747e-05	4.426848877087539e-05	4.426848877087539e-05	14.0	0.022838499184339316
chr17	chr17	2719	67975000	4.426047460148606e-05	612	598	0.012321093585024773	2.060383542646283e-05	4.426047460148606e-05	4.426047460148606e-05	10.0	0.016339869281045753
chr17	chr17	2720	68000000	4.4252464829073645e-05	611	597	0.02396461004403542	4.01417253668935e-05	4.4252464829073645e-05	4.4252464829073645e-05	19.0	0.031096563011456628
chr17	chr17	2721	68025000	4.424445944961047e-05	610	596	0.012693364319184473	2.1297591139571263e-05	4.424445944961047e-05	4.424445944961047e-05	11.0	0.018032786885245903
chr17	chr17	2722	68050000	4.4236458459074145e-05	609	595	0.01751257303582024	2.943289585852141e-05	4.4236458459074145e-05	4.4236458459074145e-05	14.0	0.022988505747126436
chr17	chr17	2723	68075000	4.422903450163197e-05	608	594	0.01434048435355135	2.4142229551433248e-05	4.422903450163197e-05	4.422903450163197e-05	13.0	0.02138157894736842
chr17	chr17	2724	68100000	4.422161451531355e-05	607	593	0.01808196169021086	3.0492346863761992e-05	4.422161451531355e-05	4.422161451531355e-05	15.0	0.02471169686985173
chr17	chr17	2725	68125000	4.4214198496538075e-05	606	592	0.017507834960989933	2.9574045542212727e-05	4.4214198496538075e-05	4.4214198496538075e-05	14.0	0.0231023102310231
chr17	chr17	2726	68150000	4.420678644172922e-05	605	591	0.010970266760053167	1.8562211099920757e-05	4.420678644172922e-05	4.420678644172922e-05	10.0	0.01652892561983471
chr17	chr17	2727	68175000	4.419937834731518e-05	604	590	0.01498576087263295	2.539959469937788e-05	4.419937834731518e-05	4.419937834731518e-05	11.0	0.018211920529801324
chr17	chr17	2728	68200000	4.419197420972884e-05	603	589	0.010868369330183252	1.8452239949377335e-05	4.419197420972884e-05	4.419197420972884e-05	9.0	0.014925373134328358
chr17	chr17	2729	68225000	4.418457402540742e-05	602	588	0.02119679878428346	3.60489775242916e-05	4.418457402540742e-05	4.418457402540742e-05	18.0	0.029900332225913623
chr17	chr17	2730	68250000	4.417717779079265e-05	601	587	0.012776993127754818	2.1766598173347218e-05	4.417717779079265e-05	4.417717779079265e-05	11.0	0.018302828618968387
chr17	chr17	2731	68275000	4.416978550233092e-05	600	586	0.023230834185890534	3.964306175066644e-05	4.416978550233092e-05	4.416978550233092e-05	20.0	0.03333333333333333
chr17	chr17	2732	68300000	4.4162397156472994e-05	599	585	0.014556206372649773	2.4882404055811575e-05	4.4162397156472994e-05	4.4162397156472994e-05	12.0	0.02003338898163606
chr17	chr17	2733	68325000	4.4155012749674106e-05	598	584	0.0214879028160491	3.679435413707038e-05	4.4155012749674106e-05	4.4155012749674106e-05	18.0	0.030100334448160536
chr17	chr17	2734	68350000	4.4147632278394134e-05	597	583	0.01575189689269267	2.7018691068083483e-05	4.4147632278394134e-05	4.4147632278394134e-05	13.0	0.021775544388609715
chr17	chr17	2735	68375000	4.4140255739097224e-05	596	582	0.02106495195944489	3.619407553169225e-05	4.4140255739097224e-05	4.4140255739097224e-05	17.0	0.028523489932885907
chr17	chr17	2736	68400000	4.413288312825215e-05	595	581	0.013599249539318538	2.3406625713112802e-05	4.413288312825215e-05	4.413288312825215e-05	11.0	0.018487394957983194
chr17	chr17	2737	68425000	4.4125514442332024e-05	594	580	0.01713943826784938	2.955075563422307e-05	4.4125514442332024e-05	4.4125514442332024e-05	15.0	0.025252525252525252
chr17	chr17	2738	68450000	4.41181496778145e-05	593	579	0.009977816611990703	1.723284388944854e-05	4.41181496778145e-05	4.41181496778145e-05	8.0	0.013490725126475547
chr17	chr17	2739	68475000	4.411078883118166e-05	592	578	0.009875402848002866	1.708547205536828e-05	4.411078883118166e-05	4.411078883118166e-05	8.0	0.013513513513513514
chr17	chr17	2740	68500000	4.410343189892004e-05	591	577	0.01518704768823734	2.632070656540267e-05	4.410343189892004e-05	4.410343189892004e-05	13.0	0.021996615905245348
chr17	chr17	2741	68525000	4.409607887752048e-05	590	576	0.007066173981661027	1.226766316260595e-05	4.409607887752048e-05	4.409607887752048e-05	7.0	0.011864406779661017
chr17	chr17	2742	68550000	4.408872976347845e-05	589	575	0.009448536931135783	1.643223814110571e-05	4.408872976347845e-05	4.408872976347845e-05	8.0	0.013582342954159592
chr17	chr17	2743	68575000	4.408138455329372e-05	588	574	0.012381138848980674	2.15699283083287e-05	4.408138455329372e-05	4.408138455329372e-05	10.0	0.017006802721088437
chr17	chr17	2744	68600000	4.407404324347042e-05	587	573	0.011082267228408535	1.9340780503330777e-05	4.407404324347042e-05	4.407404324347042e-05	10.0	0.017035775127768313
chr17	chr17	2745	68625000	4.406670583051722e-05	586	572	0.012913114601757366	2.2575375177897494e-05	4.406670583051722e-05	4.406670583051722e-05	11.0	0.01877133105802048
chr17	chr17	2746	68650000	4.4059372310947025e-05	585	571	0.015587933600284029	2.729935831923648e-05	4.4059372310947025e-05	4.4059372310947025e-05	11.0	0.018803418803418803
chr17	chr17	2747	68675000	4.4052042681277327e-05	584	570	0.005451870979222197	9.564685928459996e-06	4.4052042681277327e-05	4.4052042681277327e-05	5.0	0.008561643835616438
chr17	chr17	2748	68700000	4.404471693802981e-05	583	569	0.01905147518755105	3.348238170044121e-05	4.404471693802981e-05	4.404471693802981e-05	17.0	0.029159519725557463
chr17	chr17	2749	68725000	4.40373950777306e-05	582	568	0.010864088833099148	1.91269169596816e-05	4.40373950777306e-05	4.40373950777306e-05	8.0	0.013745704467353952
chr17	chr17	2750	68750000	4.403007709691026e-05	581	567	0.012193529737590697	2.150534345254091e-05	4.403007709691026e-05	4.403007709691026e-05	11.0	0.0189328743545611
chr17	chr17	2751	68775000	4.402276299210362e-05	580	566	0.01780534436609401	3.145820559380567e-05	4.402276299210362e-05	4.402276299210362e-05	15.0	0.02586206896551724
chr17	chr17	2752	68800000	4.401545275984987e-05	579	565	0.006818512076278609	1.2068162966864794e-05	4.401545275984987e-05	4.401545275984987e-05	6.0	0.010362694300518135
chr17	chr17	2753	68825000	4.400814639669268e-05	578	564	0.01164230539058597	2.0642385444301364e-05	4.400814639669268e-05	4.400814639669268e-05	9.0	0.015570934256055362
chr17	chr17	2754	68850000	4.40008438991798e-05	577	563	0.015814310474577917	2.8089361411328448e-05	4.40008438991798e-05	4.40008438991798e-05	12.0	0.02079722703639515
chr17	chr17	2755	68875000	4.3993545263863605e-05	576	562	0.011472574914680279	2.0413834367758504e-05	4.3993545263863605e-05	4.3993545263863605e-05	10.0	0.017361111111111112
chr17	chr17	2756	68900000	4.3986250487300534e-05	575	561	0.0098601659737639	1.7576053429169162e-05	4.3986250487300534e-05	4.3986250487300534e-05	8.0	0.01391304347826087
chr17	chr17	2757	68925000	4.397895956605153e-05	574	560	0.011892488659953739	2.1236586892774533e-05	4.397895956605153e-05	4.397895956605153e-05	9.0	0.0156794425087108
chr17	chr17	2758	68950000	4.39716724966818e-05	573	559	0.013412905542353557	2.3994464297591338e-05	4.39716724966818e-05	4.39716724966818e-05	11.0	0.019197207678883072
chr17	chr17	2759	68975000	4.3964389275760804e-05	572	558	0.006689922452183502	1.1989108337246419e-05	4.3964389275760804e-05	4.3964389275760804e-05	6.0	0.01048951048951049
chr17	chr17	2760	69000000	4.395710989986235e-05	571	557	0.013471631051791891	2.4186052157615604e-05	4.395710989986235e-05	4.395710989986235e-05	12.0	0.021015761821366025
chr17	chr17	2761	69025000	4.394983436556449e-05	570	557	0.012839870589953993	2.3051832297942537e-05	4.394983436556449e-05	4.394983436556449e-05	10.0	0.017543859649122806
chr17	chr17	2762	69050000	4.39425626694496e-05	569	556	0.007072318112362818	1.2719996604969097e-05	4.39425626694496e-05	4.39425626694496e-05	6.0	0.01054481546572935
chr17	chr17	2763	69075000	4.393529480810434e-05	568	555	0.009170321007374412	1.652310091418813e-05	4.393529480810434e-05	4.393529480810434e-05	8.0	0.014084507042253521
chr17	chr17	2764	69100000	4.392803077811961e-05	567	554	0.010676509015791188	1.927167692381081e-05	4.392803077811961e-05	4.392803077811961e-05	9.0	0.015873015873015872
chr17	chr17	2765	69125000	4.3920770576090586e-05	566	553	0.01042516081520789	1.8852008707428372e-05	4.3920770576090586e-05	4.3920770576090586e-05	9.0	0.015901060070671377
chr17	chr17	2766	69150000	4.391351419861665e-05	565	552	0.010043990667146835	1.8195635266570354e-05	4.391351419861665e-05	4.391351419861665e-05	7.0	0.012389380530973451
chr17	chr17	2767	69175000	4.3906261642301537e-05	564	551	0.01642962733887984	2.981783546076196e-05	4.3906261642301537e-05	4.3906261642301537e-05	13.0	0.02304964539007092
chr17	chr17	2768	69200000	4.389901290375317e-05	563	550	0.007956559227744285	1.4466471323171428e-05	4.389901290375317e-05	4.389901290375317e-05	7.0	0.012433392539964476
chr17	chr17	2769	69225000	4.389176797958364e-05	562	549	0.016915092162333722	3.0810732536127e-05	4.389176797958364e-05	4.389176797958364e-05	14.0	0.02491103202846975
chr17	chr17	2770	69250000	4.388452686640935e-05	561	548	0.01421823722381197	2.5945688364620384e-05	4.388452686640935e-05	4.388452686640935e-05	10.0	0.017825311942959002
chr17	chr17	2771	69275000	4.387728956085095e-05	560	547	0.014721426119611082	2.69130276409709e-05	4.387728956085095e-05	4.387728956085095e-05	12.0	0.02142857142857143
chr17	chr17	2772	69300000	4.3870056059533255e-05	559	546	0.007831029417521656	1.4342544720735633e-05	4.3870056059533255e-05	4.3870056059533255e-05	7.0	0.012522361359570662
chr17	chr17	2773	69325000	4.3862826359085267e-05	558	545	0.013695205123199425	2.512881673981546e-05	4.3862826359085267e-05	4.3862826359085267e-05	11.0	0.01971326164874552
chr17	chr17	2774	69350000	4.385560045614016e-05	557	544	0.011242883460849775	2.0667065185385617e-05	4.385560045614016e-05	4.385560045614016e-05	9.0	0.01615798922800718
chr17	chr17	2775	69375000	4.384837834733549e-05	556	543	0.012014125960728615	2.212546217445417e-05	4.384837834733549e-05	4.384837834733549e-05	10.0	0.017985611510791366
chr17	chr17	2776	69400000	4.384116002931271e-05	555	542	0.015134708711029482	2.7923816810017495e-05	4.384116002931271e-05	4.384116002931271e-05	11.0	0.01981981981981982
chr17	chr17	2777	69425000	4.383394549871776e-05	554	541	0.01273012871223705	2.3530736991196027e-05	4.383394549871776e-05	4.383394549871776e-05	9.0	0.016245487364620937
chr17	chr17	2778	69450000	4.382673475220052e-05	553	540	0.001998245823581231	3.7004552288541317e-06	4.382673475220052e-05	4.382673475220052e-05	2.0	0.003616636528028933
chr17	chr17	2779	69475000	4.381952778641512e-05	552	539	0.010097846810997586	1.8734409667899044e-05	4.381952778641512e-05	4.381952778641512e-05	8.0	0.014492753623188406
chr17	chr17	2780	69500000	4.381232459801991e-05	551	538	0.010889762895719968	2.0241194973457187e-05	4.381232459801991e-05	4.381232459801991e-05	9.0	0.016333938294010888
chr17	chr17	2781	69525000	4.3805125183677285e-05	550	537	0.009891376135571239	1.8419694852087968e-05	4.3805125183677285e-05	4.3805125183677285e-05	9.0	0.016363636363636365
chr17	chr17	2782	69550000	4.379792954005385e-05	549	536	0.011383616810413038	2.1238091064203428e-05	4.379792954005385e-05	4.379792954005385e-05	10.0	0.018214936247723135
chr17	chr17	2783	69575000	4.379073766382037e-05	548	535	0.010199805834095412	1.9065057633823198e-05	4.379073766382037e-05	4.379073766382037e-05	9.0	0.016423357664233577
chr17	chr17	2784	69600000	4.378354955165174e-05	547	534	0.017339740861959677	3.247142483513048e-05	4.378354955165174e-05	4.378354955165174e-05	14.0	0.025594149908592323
chr17	chr17	2785	69625000	4.377636520022687e-05	546	533	0.015947423406747575	2.9920118962002956e-05	4.377636520022687e-05	4.377636520022687e-05	14.0	0.02564102564102564
chr17	chr17	2786	69650000	4.376918460622899e-05	545	532	0.0091830837155443	1.72614355555344e-05	4.376918460622899e-05	4.376918460622899e-05	9.0	0.01651376146788991
chr17	chr17	2787	69675000	4.37625823873372e-05	544	531	0.01057098285139053	1.990768898566955e-05	4.37625823873372e-05	4.37625823873372e-05	9.0	0.016544117647058824
chr17	chr17	2788	69700000	4.3755983532308714e-05	543	530	0.015531529111958438	2.9304771909355543e-05	4.3755983532308714e-05	4.3755983532308714e-05	14.0	0.02578268876611418
chr17	chr17	2789	69725000	4.374938803822397e-05	542	529	0.016972715325870906	3.208452802622099e-05	4.374938803822397e-05	4.374938803822397e-05	14.0	0.025830258302583026
chr17	chr17	2790	69750000	4.374279590216699e-05	541	528	0.011336930428454683	2.1471459144800537e-05	4.374279590216699e-05	4.374279590216699e-05	9.0	0.0166358595194085
chr17	chr17	2791	69775000	4.37362071212254e-05	540	527	0.010853306935614895	2.0594510314259762e-05	4.37362071212254e-05	4.37362071212254e-05	9.0	0.016666666666666666
chr17	chr17	2792	69800000	4.3729621692490424e-05	539	526	0.01426541913868994	2.7120568704733724e-05	4.3729621692490424e-05	4.3729621692490424e-05	12.0	0.022263450834879406
chr17	chr17	2793	69825000	4.372303961305677e-05	538	525	0.009858035822138784	1.877721108978816e-05	4.372303961305677e-05	4.372303961305677e-05	8.0	0.01486988847583643
chr17	chr17	2794	69850000	4.3716460880022785e-05	537	524	0.010136795170134417	1.93450289506382e-05	4.3716460880022785e-05	4.3716460880022785e-05	9.0	0.01675977653631285
chr17	chr17	2795	69875000	4.370988549049029e-05	536	523	0.012122244130119605	2.3178287055678023e-05	4.370988549049029e-05	4.370988549049029e-05	9.0	0.016791044776119403
chr17	chr17	2796	69900000	4.370331344156472e-05	535	522	0.013886988746727598	2.6603426717868962e-05	4.370331344156472e-05	4.370331344156472e-05	11.0	0.020560747663551402
chr17	chr17	2797	69925000	4.3696744730355004e-05	534	521	0.012659873720334145	2.4299181804864002e-05	4.3696744730355004e-05	4.3696744730355004e-05	11.0	0.020599250936329586
chr17	chr17	2798	69950000	4.369017935397359e-05	533	520	0.0114919120133054	2.2099830794818076e-05	4.369017935397359e-05	4.369017935397359e-05	9.0	0.016885553470919325
chr17	chr17	2799	69975000	4.3683617309536545e-05	532	519	0.014749776427589071	2.8419607760287226e-05	4.3683617309536545e-05	4.3683617309536545e-05	12.0	0.022556390977443608
chr17	chr17	2800	70000000	4.367705859416334e-05	531	518	0.018640533108788573	3.598558515210149e-05	4.367705859416334e-05	4.367705859416334e-05	15.0	0.02824858757062147
chr17	chr17	2801	70025000	4.36705032049771e-05	530	517	0.014145772078476783	2.7361261273649483e-05	4.36705032049771e-05	4.36705032049771e-05	12.0	0.022641509433962263
chr17	chr17	2802	70050000	4.366395113910431e-05	529	516	0.022060458301932734	4.2752826166536306e-05	4.366395113910431e-05	4.366395113910431e-05	15.0	0.02835538752362949
chr17	chr17	2803	70075000	4.365740239367509e-05	528	515	0.0086859747239364	1.6865970337740583e-05	4.365740239367509e-05	4.365740239367509e-05	8.0	0.015151515151515152
chr17	chr17	2804	70100000	4.3650856965822954e-05	527	514	0.02024082303956501	3.937903315090469e-05	4.3650856965822954e-05	4.3650856965822954e-05	15.0	0.028462998102466792
chr17	chr17	2805	70125000	4.364431485268502e-05	526	513	0.011132626413091571	2.170102614637733e-05	4.364431485268502e-05	4.364431485268502e-05	9.0	0.017110266159695818
chr17	chr17	2806	70150000	4.36377760514018e-05	525	512	0.015952937958172188	3.1158081949555054e-05	4.36377760514018e-05	4.36377760514018e-05	14.0	0.02666666666666667
chr17	chr17	2807	70175000	4.363124055911738e-05	524	511	0.006325696899247828	1.2379054597353871e-05	4.363124055911738e-05	4.363124055911738e-05	6.0	0.011450381679389313
chr17	chr17	2808	70200000	4.3624708372979274e-05	523	510	0.0135814962572916	2.6630384818218822e-05	4.3624708372979274e-05	4.3624708372979274e-05	11.0	0.021032504780114723
chr17	chr17	2809	70225000	4.36181794901384e-05	522	509	0.014403819523342777	2.829827018338463e-05	4.36181794901384e-05	4.36181794901384e-05	11.0	0.0210727969348659
chr17	chr17	2810	70250000	4.3611653907749305e-05	521	508	0.01784214981500348	3.512234215551866e-05	4.3611653907749305e-05	4.3611653907749305e-05	15.0	0.028790786948176585
chr17	chr17	2811	70275000	4.360513162296986e-05	520	507	0.017697902787578556	3.4907106089898534e-05	4.360513162296986e-05	4.360513162296986e-05	13.0	0.025
chr17	chr17	2812	70300000	4.3598612632961456e-05	519	506	0.010941292834544755	2.1623108368665522e-05	4.3598612632961456e-05	4.3598612632961456e-05	9.0	0.017341040462427744
chr17	chr17	2813	70325000	4.3592096934888954e-05	518	505	0.012841035060965627	2.5427792199931935e-05	4.3592096934888954e-05	4.3592096934888954e-05	11.0	0.021235521235521235
chr17	chr17	2814	70350000	4.358558452592056e-05	517	504	0.009369750585150608	1.859077497053692e-05	4.358558452592056e-05	4.358558452592056e-05	8.0	0.015473887814313346
chr17	chr17	2815	70375000	4.357907540322812e-05	516	503	0.017422490425727914	3.4637157904031634e-05	4.357907540322812e-05	4.357907540322812e-05	15.0	0.029069767441860465
chr17	chr17	2816	70400000	4.3572569563986654e-05	515	502	0.011905880579275677	2.3716893584214494e-05	4.3572569563986654e-05	4.3572569563986654e-05	11.0	0.021359223300970873
chr17	chr17	2817	70425000	4.356606700537483e-05	514	501	0.01345172934169818	2.6849759165066226e-05	4.356606700537483e-05	4.356606700537483e-05	11.0	0.021400778210116732
chr17	chr17	2818	70450000	4.3559567724574635e-05	513	500	0.01816212365421439	3.632424730842878e-05	4.3559567724574635e-05	4.3559567724574635e-05	16.0	0.031189083820662766
chr17	chr17	2819	70475000	4.3553071718771467e-05	512	499	0.017039051314231363	3.414639541930133e-05	4.3553071718771467e-05	4.3553071718771467e-05	15.0	0.029296875
chr17	chr17	2820	70500000	4.354657898515421e-05	511	498	0.010455673734790661	2.09953287847202e-05	4.354657898515421e-05	4.354657898515421e-05	7.0	0.0136986301369863
chr17	chr17	2821	70525000	4.3540089520915115e-05	510	497	0.013719580502897696	2.760478974426096e-05	4.3540089520915115e-05	4.3540089520915115e-05	12.0	0.023529411764705882
chr17	chr17	2822	70550000	4.353360332324981e-05	509	496	0.015332909376436603	3.091312374281573e-05	4.353360332324981e-05	4.353360332324981e-05	13.0	0.025540275049115914
chr17	chr17	2823	70575000	4.3527120389357404e-05	508	495	0.015447176384043707	3.120641693746203e-05	4.3527120389357404e-05	4.3527120389357404e-05	13.0	0.025590551181102362
chr17	chr17	2824	70600000	4.3520640716440234e-05	507	494	0.021905110970790564	4.434232990038576e-05	4.3520640716440234e-05	4.3520640716440234e-05	17.0	0.03353057199211045
chr17	chr17	2825	70625000	4.35141643017043e-05	506	493	0.008032411946042206	1.6292924839842203e-05	4.35141643017043e-05	4.35141643017043e-05	7.0	0.01383399209486166
chr17	chr17	2826	70650000	4.350769114235867e-05	505	492	0.008436357016309489	1.7147067106320098e-05	4.350769114235867e-05	4.350769114235867e-05	8.0	0.015841584158415842
chr17	chr17	2827	70675000	4.350122123561597e-05	504	491	0.013770944834838603	2.804673082451854e-05	4.350122123561597e-05	4.350122123561597e-05	11.0	0.021825396825396824
chr17	chr17	2828	70700000	4.349475457869224e-05	503	490	0.006475418477964262	1.3215139750947474e-05	4.349475457869224e-05	4.349475457869224e-05	5.0	0.009940357852882704
chr17	chr17	2829	70725000	4.348829116880671e-05	502	489	0.007181615169206234	1.46863295893788e-05	4.348829116880671e-05	4.348829116880671e-05	7.0	0.013944223107569721
chr17	chr17	2830	70750000	4.348183100318216e-05	501	488	0.011158471668513527	2.286572063219985e-05	4.348183100318216e-05	4.348183100318216e-05	9.0	0.017964071856287425
chr17	chr17	2831	70775000	4.3475374079044555e-05	500	487	0.015452492920156637	3.172996492845305e-05	4.3475374079044555e-05	4.3475374079044555e-05	14.0	0.028
chr17	chr17	2832	70800000	4.34689203936234e-05	499	486	0.026661316076914257	5.485867505537913e-05	4.34689203936234e-05	4.34689203936234e-05	20.0	0.04008016032064128
chr17	chr17	2833	70825000	4.3462469944151334e-05	498	485	0.015293757435423053	3.153352048540836e-05	4.3462469944151334e-05	4.3462469944151334e-05	13.0	0.02610441767068273
chr17	chr17	2834	70850000	4.345602272786448e-05	497	484	0.01305850295298406	2.698037800203318e-05	4.345602272786448e-05	4.345602272786448e-05	11.0	0.022132796780684104
chr17	chr17	2835	70875000	4.3449578742002256e-05	496	483	0.009686342753713809	2.0054539862761508e-05	4.3449578742002256e-05	4.3449578742002256e-05	7.0	0.014112903225806451
chr17	chr17	2836	70900000	4.344313798380744e-05	495	482	0.012394295371452922	2.5714305749902326e-05	4.344313798380744e-05	4.344313798380744e-05	10.0	0.020202020202020204
chr17	chr17	2837	70925000	4.3436700450526054e-05	494	481	0.019839056624227563	4.124543996720907e-05	4.3436700450526054e-05	4.3436700450526054e-05	15.0	0.030364372469635626
chr17	chr17	2838	70950000	4.3430266139407566e-05	493	480	0.014283685664812407	2.9757678468359182e-05	4.3430266139407566e-05	4.3430266139407566e-05	13.0	0.02636916835699797
chr17	chr17	2839	70975000	4.342383504770458e-05	492	479	0.013241846528091784	2.7644773545076794e-05	4.342383504770458e-05	4.342383504770458e-05	10.0	0.02032520325203252
chr17	chr17	2840	71000000	4.341740717267316e-05	491	478	0.01038522466074473	2.1726411424152154e-05	4.341740717267316e-05	4.341740717267316e-05	9.0	0.018329938900203666
chr17	chr17	2841	71025000	4.3410982511572635e-05	490	477	0.018553107122046324	3.889540277158559e-05	4.3410982511572635e-05	4.3410982511572635e-05	17.0	0.03469387755102041
chr17	chr17	2842	71050000	4.340456106166566e-05	489	476	0.01760540019607523	3.6986134865704265e-05	4.340456106166566e-05	4.340456106166566e-05	14.0	0.028629856850715747
chr17	chr17	2843	71075000	4.3398142820218075e-05	488	475	0.01177745214993187	2.4794636105119726e-05	4.3398142820218075e-05	4.3398142820218075e-05	10.0	0.020491803278688523
chr17	chr17	2844	71100000	4.339172778449913e-05	487	474	0.015381039730140236	3.2449450907468855e-05	4.339172778449913e-05	4.339172778449913e-05	13.0	0.026694045174537988
chr17	chr17	2845	71125000	4.338531595178128e-05	486	473	0.014046526868697689	2.9696674141009914e-05	4.338531595178128e-05	4.338531595178128e-05	12.0	0.024691358024691357
chr17	chr17	2846	71150000	4.33789073193403e-05	485	472	0.009144246377937265	1.9373403343087424e-05	4.33789073193403e-05	4.33789073193403e-05	8.0	0.016494845360824743
chr17	chr17	2847	71175000	4.337250188445526e-05	484	471	0.013004550846656023	2.76105113517113e-05	4.337250188445526e-05	4.337250188445526e-05	10.0	0.02066115702479339
chr17	chr17	2848	71200000	4.336609964440838e-05	483	470	0.012138314470385289	2.5826201000819765e-05	4.336609964440838e-05	4.336609964440838e-05	9.0	0.018633540372670808
chr17	chr17	2849	71225000	4.335970059648531e-05	482	469	0.018626659639299832	3.971569219466915e-05	4.335970059648531e-05	4.335970059648531e-05	13.0	0.026970954356846474
chr17	chr17	2850	71250000	4.3353304737974814e-05	481	468	0.013107710650072974	2.8007928739472167e-05	4.3353304737974814e-05	4.3353304737974814e-05	11.0	0.02286902286902287
chr17	chr17	2851	71275000	4.3346912066168983e-05	480	467	0.012210720182551921	2.6147152425164713e-05	4.3346912066168983e-05	4.3346912066168983e-05	10.0	0.020833333333333332
chr17	chr17	2852	71300000	4.33410944525296e-05	479	466	0.019658776631525682	4.218621594748e-05	4.33410944525296e-05	4.33410944525296e-05	15.0	0.031315240083507306
chr17	chr17	2853	71325000	4.333527965874391e-05	478	465	0.01491883980556256	3.20835264635754e-05	4.333527965874391e-05	4.333527965874391e-05	11.0	0.02301255230125523
chr17	chr17	2854	71350000	4.332946768245741e-05	477	464	0.009140936804103921	1.9700294836430865e-05	4.332946768245741e-05	4.332946768245741e-05	7.0	0.014675052410901468
chr17	chr17	2855	71375000	4.332365852131839e-05	476	463	0.01402902077241831	3.0300260847555745e-05	4.332365852131839e-05	4.332365852131839e-05	11.0	0.023109243697478993
chr17	chr17	2856	71400000	4.331785217297803e-05	475	462	0.015212859816933851	3.292826800202132e-05	4.331785217297803e-05	4.331785217297803e-05	12.0	0.02526315789473684
chr17	chr17	2857	71425000	4.3312048635090185e-05	474	461	0.013362058803092157	2.89849431737357e-05	4.3312048635090185e-05	4.3312048635090185e-05	11.0	0.023206751054852322
chr17	chr17	2858	71450000	4.3306247905311454e-05	473	460	0.011984695842391752	2.6053686613895114e-05	4.3306247905311454e-05	4.3306247905311454e-05	9.0	0.019027484143763214
chr17	chr17	2859	71475000	4.3300449981301354e-05	472	459	0.009831733859660172	2.1419899476383817e-05	4.3300449981301354e-05	4.3300449981301354e-05	7.0	0.014830508474576272
chr17	chr17	2860	71500000	4.329465486072205e-05	471	458	0.010538982227520227	2.3010878226026697e-05	4.329465486072205e-05	4.329465486072205e-05	9.0	0.01910828025477707
chr17	chr17	2861	71525000	4.328886254123851e-05	470	457	0.013641260336713203	2.9849584981866965e-05	4.328886254123851e-05	4.328886254123851e-05	11.0	0.023404255319148935
chr17	chr17	2862	71550000	4.3283073020518436e-05	469	456	0.011666873865490625	2.55852497050233e-05	4.3283073020518436e-05	4.3283073020518436e-05	10.0	0.021321961620469083
chr17	chr17	2863	71575000	4.327728629623235e-05	468	455	0.0181126650878828	3.9808055138203955e-05	4.327728629623235e-05	4.327728629623235e-05	15.0	0.03205128205128205
chr17	chr17	2864	71600000	4.327150236605345e-05	467	454	0.013465157103592244	2.965893635152477e-05	4.327150236605345e-05	4.327150236605345e-05	10.0	0.021413276231263382
chr17	chr17	2865	71625000	4.326572122765777e-05	466	453	0.008964609058138345	1.978942396940032e-05	4.326572122765777e-05	4.326572122765777e-05	8.0	0.017167381974248927
chr17	chr17	2866	71650000	4.3259942878723964e-05	465	452	0.010648944363052231	2.3559611422681927e-05	4.3259942878723964e-05	4.3259942878723964e-05	8.0	0.017204301075268817
chr17	chr17	2867	71675000	4.325416731693354e-05	464	451	0.013478074842563796	2.9884866613223495e-05	4.325416731693354e-05	4.325416731693354e-05	10.0	0.021551724137931036
chr17	chr17	2868	71700000	4.324839453997071e-05	463	450	0.013773708147155964	3.060824032701325e-05	4.324839453997071e-05	4.324839453997071e-05	12.0	0.02591792656587473
chr17	chr17	2869	71725000	4.324262454552242e-05	462	449	0.01775871306283277	3.9551699471787906e-05	4.324262454552242e-05	4.324262454552242e-05	14.0	0.030303030303030304
chr17	chr17	2870	71750000	4.323685733127825e-05	461	448	0.02177480259345403	4.860447007467417e-05	4.323685733127825e-05	4.323685733127825e-05	18.0	0.039045553145336226
chr17	chr17	2871	71775000	4.323109289493061e-05	460	447	0.017080850705113625	3.821219397117142e-05	4.323109289493061e-05	4.323109289493061e-05	15.0	0.03260869565217391
chr17	chr17	2872	71800000	4.322533123417463e-05	459	446	0.024590960101243845	5.5136681841353915e-05	4.322533123417463e-05	4.322533123417463e-05	19.0	0.04139433551198257
chr17	chr17	2873	71825000	4.321957234670809e-05	458	445	0.01456787119820085	3.273678920944011e-05	4.321957234670809e-05	4.321957234670809e-05	12.0	0.026200873362445413
chr17	chr17	2874	71850000	4.321381623023152e-05	457	444	0.014271459879161421	3.2142927655768965e-05	4.321381623023152e-05	4.321381623023152e-05	13.0	0.028446389496717725
chr17	chr17	2875	71875000	4.320806288244815e-05	456	443	0.017843174759925466	4.027804686213423e-05	4.320806288244815e-05	4.320806288244815e-05	15.0	0.03289473684210526
chr17	chr17	2876	71900000	4.3202312301063906e-05	455	442	0.0114777745880603	2.5967815810091177e-05	4.3202312301063906e-05	4.3202312301063906e-05	10.0	0.02197802197802198
chr17	chr17	2877	71925000	4.3196564483787436e-05	454	441	0.012761695545513055	2.8938085137217812e-05	4.3196564483787436e-05	4.3196564483787436e-05	12.0	0.02643171806167401
chr17	chr17	2878	71950000	4.3190819428330005e-05	453	440	0.00834345286373656	1.8962392872128543e-05	4.3190819428330005e-05	4.3190819428330005e-05	7.0	0.01545253863134658
chr17	chr17	2879	71975000	4.318507713240565e-05	452	439	0.009823637872979695	2.237730722774418e-05	4.318507713240565e-05	4.318507713240565e-05	8.0	0.017699115044247787
chr17	chr17	2880	72000000	4.317933759373111e-05	451	438	0.0144125993205993	3.2905477900911645e-05	4.317933759373111e-05	4.317933759373111e-05	11.0	0.024390243902439025
chr17	chr17	2881	72025000	4.3173600810025694e-05	450	437	0.016724554103807045	3.82712908553937e-05	4.3173600810025694e-05	4.3173600810025694e-05	15.0	0.03333333333333333
chr17	chr17	2882	72050000	4.3167866779011523e-05	449	436	0.011944774753939246	2.739627237142029e-05	4.3167866779011523e-05	4.3167866779011523e-05	10.0	0.022271714922048998
chr17	chr17	2883	72075000	4.3162135498413255e-05	448	435	0.018174535349333273	4.178054103295005e-05	4.3162135498413255e-05	4.3162135498413255e-05	16.0	0.03571428571428571
chr17	chr17	2884	72100000	4.315640696595832e-05	447	434	0.014384674407087563	3.314441107623863e-05	4.315640696595832e-05	4.315640696595832e-05	12.0	0.026845637583892617
chr17	chr17	2885	72125000	4.315068117937678e-05	446	433	0.012329346662091074	2.84742417138362e-05	4.315068117937678e-05	4.315068117937678e-05	9.0	0.020179372197309416
chr17	chr17	2886	72150000	4.314495813640135e-05	445	432	0.015150474961877889	3.507054389323585e-05	4.314495813640135e-05	4.314495813640135e-05	12.0	0.02696629213483146
chr17	chr17	2887	72175000	4.31392378347674e-05	444	431	0.020306032552073798	4.711376462198097e-05	4.31392378347674e-05	4.31392378347674e-05	16.0	0.036036036036036036
chr17	chr17	2888	72200000	4.313352027221295e-05	443	430	0.013210815433804552	3.072282659024315e-05	4.313352027221295e-05	4.313352027221295e-05	11.0	0.024830699774266364
chr17	chr17	2889	72225000	4.312780544647875e-05	442	429	0.014868521988367968	3.4658559413445145e-05	4.312780544647875e-05	4.312780544647875e-05	12.0	0.027149321266968326
chr17	chr17	2890	72250000	4.3122093355308006e-05	441	428	0.022337158591525817	5.218962287739677e-05	4.3122093355308006e-05	4.3122093355308006e-05	18.0	0.04081632653061224
chr17	chr17	2891	72275000	4.311638399644683e-05	440	427	0.011842591993380419	2.7734407478642668e-05	4.311638399644683e-05	4.311638399644683e-05	10.0	0.022727272727272728
chr17	chr17	2892	72300000	4.3110677367643664e-05	439	426	0.01293779332927155	3.0370406876224297e-05	4.3110677367643664e-05	4.3110677367643664e-05	11.0	0.025056947608200455
chr17	chr17	2893	72325000	4.3104973466649845e-05	438	425	0.004103346524505958	9.654932998837547e-06	4.3104973466649845e-05	4.3104973466649845e-05	3.0	0.00684931506849315
chr17	chr17	2894	72350000	4.309927229121925e-05	437	424	0.021090019868636248	4.9740612897727e-05	4.309927229121925e-05	4.309927229121925e-05	16.0	0.036613272311212815
chr17	chr17	2895	72375000	4.309357383910831e-05	436	423	0.013961402125955242	3.300567878476417e-05	4.309357383910831e-05	4.309357383910831e-05	11.0	0.02522935779816514
chr17	chr17	2896	72400000	4.3087878108076137e-05	435	422	0.020613837457374048	4.8847956060128074e-05	4.3087878108076137e-05	4.3087878108076137e-05	16.0	0.0367816091954023
chr17	chr17	2897	72425000	4.3082185095884493e-05	434	421	0.008231180949638229	1.9551498692727385e-05	4.3082185095884493e-05	4.3082185095884493e-05	7.0	0.016129032258064516
chr17	chr17	2898	72450000	4.3076494800297705e-05	433	420	0.00929564108971417	2.213247878503374e-05	4.3076494800297705e-05	4.3076494800297705e-05	7.0	0.016166281755196306
chr17	chr17	2899	72475000	4.3070807219082694e-05	432	419	0.021299139814294314	5.083326924652581e-05	4.3070807219082694e-05	4.3070807219082694e-05	17.0	0.03935185185185185
chr17	chr17	2900	72500000	4.306512235000907e-05	431	418	0.014026968075628612	3.3557339893848355e-05	4.306512235000907e-05	4.306512235000907e-05	12.0	0.027842227378190254
chr17	chr17	2901	72525000	4.3059440190848916e-05	430	417	0.025332038206481514	6.074829306110675e-05	4.3059440190848916e-05	4.3059440190848916e-05	21.0	0.04883720930232558
chr17	chr17	2902	72550000	4.3053760739377074e-05	429	416	0.017079966489816568	4.105761175436675e-05	4.3053760739377074e-05	4.3053760739377074e-05	12.0	0.027972027972027972
chr17	chr17	2903	72575000	4.304808399337077e-05	428	415	0.02611229023759743	6.292118129541549e-05	4.304808399337077e-05	4.304808399337077e-05	21.0	0.04906542056074766
chr17	chr17	2904	72600000	4.3042409950610024e-05	427	414	0.017046338970255072	4.117473181221032e-05	4.3042409950610024e-05	4.3042409950610024e-05	14.0	0.03278688524590164
chr17	chr17	2905	72625000	4.303673860887736e-05	426	413	0.017002824018118323	4.1169065419172695e-05	4.303673860887736e-05	4.303673860887736e-05	13.0	0.03051643192488263
chr17	chr17	2906	72650000	4.303106996595785e-05	425	412	0.016449639977552034	3.99263106251263e-05	4.303106996595785e-05	4.303106996595785e-05	14.0	0.03294117647058824
chr17	chr17	2907	72675000	4.302540401963913e-05	424	411	0.015321167834674073	3.727778061964495e-05	4.302540401963913e-05	4.302540401963913e-05	13.0	0.030660377358490566
chr17	chr17	2908	72700000	4.3019740767711565e-05	423	410	0.018852817228393513	4.598248104486223e-05	4.3019740767711565e-05	4.3019740767711565e-05	15.0	0.03546099290780142
chr17	chr17	2909	72725000	4.301408020796786e-05	422	409	0.016598245722147836	4.058250787811207e-05	4.301408020796786e-05	4.301408020796786e-05	15.0	0.035545023696682464
chr17	chr17	2910	72750000	4.300842233820347e-05	421	408	0.017928466208351587	4.3942319138116636e-05	4.300842233820347e-05	4.300842233820347e-05	14.0	0.0332541567695962
chr17	chr17	2911	72775000	4.300276715621633e-05	420	407	0.012605221511204167	3.0971060224088864e-05	4.300276715621633e-05	4.300276715621633e-05	10.0	0.023809523809523808
chr17	chr17	2912	72800000	4.299711465980696e-05	419	406	0.009079506471472008	2.2363316432197064e-05	4.299711465980696e-05	4.299711465980696e-05	8.0	0.01909307875894988
chr17	chr17	2913	72825000	4.299146484677838e-05	418	405	0.014582266504251994	3.600559630679505e-05	4.299146484677838e-05	4.299146484677838e-05	12.0	0.028708133971291867
chr17	chr17	2914	72850000	4.298581771493627e-05	417	404	0.020659690255094114	5.113784716607454e-05	4.298581771493627e-05	4.298581771493627e-05	16.0	0.03836930455635491
chr17	chr17	2915	72875000	4.298017326208872e-05	416	403	0.016620025934480805	4.124075914263227e-05	4.298017326208872e-05	4.298017326208872e-05	14.0	0.03365384615384615
chr17	chr17	2916	72900000	4.297453148604649e-05	415	402	0.02111216103111964	5.251781351024786e-05	4.297453148604649e-05	4.297453148604649e-05	17.0	0.04096385542168675
chr17	chr17	2917	72925000	4.29688923846228e-05	414	401	0.016177458738968926	4.0342789872740464e-05	4.29688923846228e-05	4.29688923846228e-05	14.0	0.033816425120772944
chr17	chr17	2918	72950000	4.296325595563344e-05	413	400	0.019769727641707282	4.94243191042682e-05	4.296325595563344e-05	4.296325595563344e-05	17.0	0.04116222760290557
chr17	chr17	2919	72975000	4.2958187109036155e-05	412	399	0.01241344447132356	3.111138965244e-05	4.2958187109036155e-05	4.2958187109036155e-05	11.0	0.02669902912621359
chr17	chr17	2920	73000000	4.295312059636285e-05	411	398	0.014195125792260187	3.566614520668389e-05	4.295312059636285e-05	4.295312059636285e-05	12.0	0.029197080291970802
chr17	chr17	2921	73025000	4.294805641574004e-05	410	397	0.020513381077601422	5.167098508211945e-05	4.294805641574004e-05	4.294805641574004e-05	17.0	0.041463414634146344
chr17	chr17	2922	73050000	4.294299456529655e-05	409	396	0.00938348688653411	2.3695673955894218e-05	4.294299456529655e-05	4.294299456529655e-05	8.0	0.019559902200488997
chr17	chr17	2923	73075000	4.293793504316328e-05	408	395	0.019231643248220617	4.868770442587498e-05	4.293793504316328e-05	4.293793504316328e-05	15.0	0.03676470588235294
chr17	chr17	2924	73100000	4.2932877847473236e-05	407	394	0.009052064468625616	2.297478291529344e-05	4.2932877847473236e-05	4.2932877847473236e-05	9.0	0.022113022113022112
chr17	chr17	2925	73125000	4.2927822976361617e-05	406	393	0.02102519835717706	5.349923246101033e-05	4.2927822976361617e-05	4.2927822976361617e-05	18.0	0.04433497536945813
chr17	chr17	2926	73150000	4.2922770427965754e-05	405	392	0.027301628942453724	6.964701260830031e-05	4.2922770427965754e-05	4.2922770427965754e-05	22.0	0.05432098765432099
chr17	chr17	2927	73175000	4.291772020042507e-05	404	391	0.01788837777825053	4.575032679859471e-05	4.291772020042507e-05	4.291772020042507e-05	15.0	0.03712871287128713
chr17	chr17	2928	73200000	4.291267229188114e-05	403	390	0.014582677990136527	3.73914820259911e-05	4.291267229188114e-05	4.291267229188114e-05	12.0	0.02977667493796526
chr17	chr17	2929	73225000	4.290762670047763e-05	402	389	0.00957193068455514	2.460650561582298e-05	4.290762670047763e-05	4.290762670047763e-05	8.0	0.01990049751243781
chr17	chr17	2930	73250000	4.2902583424360354e-05	401	388	0.014991124099228387	3.863691778151646e-05	4.2902583424360354e-05	4.2902583424360354e-05	13.0	0.032418952618453865
chr17	chr17	2931	73275000	4.2897542461677214e-05	400	387	0.017183729263072184	4.4402401196568954e-05	4.2897542461677214e-05	4.2897542461677214e-05	14.0	0.035
chr17	chr17	2932	73300000	4.289250381057828e-05	399	386	0.02395740071200298	6.20658049533756e-05	4.289250381057828e-05	4.289250381057828e-05	20.0	0.05012531328320802
chr17	chr17	2933	73325000	4.2887467469215685e-05	398	385	0.01649733563100741	4.285022241820107e-05	4.2887467469215685e-05	4.2887467469215685e-05	16.0	0.04020100502512563
chr17	chr17	2934	73350000	4.2882433435743663e-05	397	384	0.01732512276565439	4.511750720222497e-05	4.2882433435743663e-05	4.2882433435743663e-05	14.0	0.03526448362720403
chr17	chr17	2935	73375000	4.287740170831855e-05	396	383	0.01631645133122342	4.26017006037165e-05	4.287740170831855e-05	4.287740170831855e-05	14.0	0.03535353535353535
chr17	chr17	2936	73400000	4.287237228509887e-05	395	382	0.02045561109012794	5.354872013122497e-05	4.287237228509887e-05	4.287237228509887e-05	17.0	0.043037974683544304
chr17	chr17	2937	73425000	4.28673451642451e-05	394	381	0.017885974426561976	4.69448147678792e-05	4.28673451642451e-05	4.28673451642451e-05	16.0	0.04060913705583756
chr17	chr17	2938	73450000	4.286232034391994e-05	393	380	0.014087147809930414	3.707144160508004e-05	4.286232034391994e-05	4.286232034391994e-05	12.0	0.030534351145038167
chr17	chr17	2939	73475000	4.285729782228808e-05	392	379	0.020641940307244495	5.44642224465554e-05	4.285729782228808e-05	4.285729782228808e-05	18.0	0.04591836734693878
chr17	chr17	2940	73500000	4.2852277597516374e-05	391	378	0.01642296371869594	4.344699396480407e-05	4.2852277597516374e-05	4.2852277597516374e-05	13.0	0.03324808184143223
chr17	chr17	2941	73525000	4.284725966777374e-05	390	377	0.02910878735078199	7.721163753523075e-05	4.284725966777374e-05	4.284725966777374e-05	25.0	0.0641025641025641
chr17	chr17	2942	73550000	4.284224403123114e-05	389	376	0.024780176839141292	6.590472563601407e-05	4.284224403123114e-05	4.284224403123114e-05	19.0	0.04884318766066838
chr17	chr17	2943	73575000	4.283723068606166e-05	388	375	0.021177868922023398	5.647431712539573e-05	4.283723068606166e-05	4.283723068606166e-05	14.0	0.03608247422680412
chr17	chr17	2944	73600000	4.283221963044041e-05	387	374	0.02412510882324573	6.450563856482816e-05	4.283221963044041e-05	4.283221963044041e-05	19.0	0.04909560723514212
chr17	chr17	2945	73625000	4.282721086254465e-05	386	373	0.020496798732831337	5.495120303708133e-05	4.282721086254465e-05	4.282721086254465e-05	18.0	0.046632124352331605
chr17	chr17	2946	73650000	4.282220438055367e-05	385	372	0.02590053729249451	6.962510024864115e-05	4.282220438055367e-05	4.282220438055367e-05	19.0	0.04935064935064935
chr17	chr17	2947	73675000	4.281720018264879e-05	384	371	0.013875581900761502	3.740049029854852e-05	4.281720018264879e-05	4.281720018264879e-05	11.0	0.028645833333333332
chr17	chr17	2948	73700000	4.2812198267013426e-05	383	370	0.01792142639424441	4.8436287552011914e-05	4.2812198267013426e-05	4.2812198267013426e-05	15.0	0.0391644908616188
chr17	chr17	2949	73725000	4.280719863183309e-05	382	369	0.014666128309914966	3.974560517592132e-05	4.280719863183309e-05	4.280719863183309e-05	13.0	0.034031413612565446
chr17	chr17	2950	73750000	4.280220127529532e-05	381	368	0.02785783162077634	7.570062940428353e-05	4.280220127529532e-05	4.280220127529532e-05	21.0	0.05511811023622047
chr17	chr17	2951	73775000	4.279720619558965e-05	380	367	0.021291773517451127	5.801573165518018e-05	4.279720619558965e-05	4.279720619558965e-05	16.0	0.042105263157894736
chr17	chr17	2952	73800000	4.2792213390907754e-05	379	366	0.019713031226604682	5.386074105629694e-05	4.2792213390907754e-05	4.2792213390907754e-05	16.0	0.04221635883905013
chr17	chr17	2953	73825000	4.278722285944333e-05	378	365	0.01657746754855397	4.5417719311106774e-05	4.278722285944333e-05	4.278722285944333e-05	14.0	0.037037037037037035
chr17	chr17	2954	73850000	4.27822345993921e-05	377	364	0.02415268784909946	6.635353804697654e-05	4.27822345993921e-05	4.27822345993921e-05	18.0	0.04774535809018567
chr17	chr17	2955	73875000	4.2777248608951846e-05	376	363	0.02041896811563022	5.625060086950474e-05	4.2777248608951846e-05	4.2777248608951846e-05	17.0	0.04521276595744681
chr17	chr17	2956	73900000	4.277226488632237e-05	375	362	0.03070317536782215	8.481540156856947e-05	4.277226488632237e-05	4.277226488632237e-05	23.0	0.06133333333333333
chr17	chr17	2957	73925000	4.2767283429705506e-05	374	361	0.017787428525008652	4.927265519392978e-05	4.2767283429705506e-05	4.2767283429705506e-05	14.0	0.0374331550802139
chr17	chr17	2958	73950000	4.2762304237305184e-05	373	360	0.02486517153950053	6.906992094305703e-05	4.2762304237305184e-05	4.2762304237305184e-05	20.0	0.05361930294906166
chr17	chr17	2959	73975000	4.275732730732727e-05	372	359	0.010379825282150017	2.8913162345821776e-05	4.275732730732727e-05	4.275732730732727e-05	8.0	0.021505376344086023
chr17	chr17	2960	74000000	4.275235263797976e-05	371	358	0.011970997806867206	3.343854135996426e-05	4.275235263797976e-05	4.275235263797976e-05	10.0	0.026954177897574125
chr17	chr17	2961	74025000	4.274738022747258e-05	370	357	0.01523397592237478	4.267220146323468e-05	4.274738022747258e-05	4.274738022747258e-05	13.0	0.03513513513513514
chr17	chr17	2962	74050000	4.274241007401771e-05	369	356	0.007677316173460055	2.1565494869269818e-05	4.274241007401771e-05	4.274241007401771e-05	5.0	0.013550135501355014
chr17	chr17	2963	74075000	4.2737442175829196e-05	368	355	0.021937870253657312	6.179681761593609e-05	4.2737442175829196e-05	4.2737442175829196e-05	18.0	0.04891304347826087
chr17	chr17	2964	74100000	4.273247653112308e-05	367	354	0.021929093015909878	6.194659044042338e-05	4.273247653112308e-05	4.273247653112308e-05	17.0	0.04632152588555858
chr17	chr17	2965	74125000	4.272751313811728e-05	366	353	0.023291524417885068	6.598165557474524e-05	4.272751313811728e-05	4.272751313811728e-05	20.0	0.0546448087431694
chr17	chr17	2966	74150000	4.272255199503197e-05	365	352	0.014280487019814787	4.05695653972011e-05	4.272255199503197e-05	4.272255199503197e-05	10.0	0.0273972602739726
chr17	chr17	2967	74175000	4.2717593100089106e-05	364	351	0.011453397472523155	3.2630762029980496e-05	4.2717593100089106e-05	4.2717593100089106e-05	10.0	0.027472527472527472
chr17	chr17	2968	74200000	4.271263645151274e-05	363	350	0.024711665506562945	7.060475859017984e-05	4.271263645151274e-05	4.271263645151274e-05	19.0	0.05234159779614325
chr17	chr17	2969	74225000	4.270768204752899e-05	362	349	0.011927506526588668	3.4176236465870105e-05	4.270768204752899e-05	4.270768204752899e-05	10.0	0.027624309392265192
chr17	chr17	2970	74250000	4.270272988636592e-05	361	348	0.017142939122391343	4.92613193172165e-05	4.270272988636592e-05	4.270272988636592e-05	14.0	0.038781163434903045
chr17	chr17	2971	74275000	4.269777996625349e-05	360	347	0.022831975571450235	6.57982004940929e-05	4.269777996625349e-05	4.269777996625349e-05	18.0	0.05
chr17	chr17	2972	74300000	4.269283228542381e-05	359	346	0.015251355751130527	4.40790628645391e-05	4.269283228542381e-05	4.269283228542381e-05	11.0	0.03064066852367688
chr17	chr17	2973	74325000	4.26878868421109e-05	358	345	0.02345622373225008	6.798905429637704e-05	4.26878868421109e-05	4.26878868421109e-05	17.0	0.04748603351955307
chr17	chr17	2974	74350000	4.2682943634550736e-05	357	344	0.015692904252435424	4.561890771056809e-05	4.2682943634550736e-05	4.2682943634550736e-05	12.0	0.03361344537815126
chr17	chr17	2975	74375000	4.267800266098131e-05	356	343	0.01889109997940885	5.507609323442814e-05	4.267800266098131e-05	4.267800266098131e-05	17.0	0.047752808988764044
chr17	chr17	2976	74400000	4.267306391964262e-05	355	342	0.011268707902438549	3.294943831122383e-05	4.267306391964262e-05	4.267306391964262e-05	10.0	0.028169014084507043
chr17	chr17	2977	74425000	4.266812740877667e-05	354	341	0.015099367889404199	4.427967122992434e-05	4.266812740877667e-05	4.266812740877667e-05	13.0	0.03672316384180791
chr17	chr17	2978	74450000	4.266319312662731e-05	353	340	0.018777320815596937	5.5227414163520406e-05	4.266319312662731e-05	4.266319312662731e-05	15.0	0.042492917847025496
chr17	chr17	2979	74475000	4.2658261071440505e-05	352	339	0.01394144956204287	4.112521994702912e-05	4.2658261071440505e-05	4.2658261071440505e-05	12.0	0.03409090909090909
chr17	chr17	2980	74500000	4.265333124146405e-05	351	338	0.026290147813494653	7.778150240678892e-05	4.265333124146405e-05	4.265333124146405e-05	20.0	0.05698005698005698
chr17	chr17	2981	74525000	4.264840363494784e-05	350	337	0.01567450092420841	4.6511872178659965e-05	4.264840363494784e-05	4.264840363494784e-05	12.0	0.03428571428571429
chr17	chr17	2982	74550000	4.264347825014366e-05	349	336	0.015057304881446895	4.481340738525862e-05	4.264347825014366e-05	4.264347825014366e-05	12.0	0.034383954154727794
chr17	chr17	2983	74575000	4.26385550853053e-05	348	335	0.017422301733173273	5.2006870845293355e-05	4.26385550853053e-05	4.26385550853053e-05	13.0	0.03735632183908046
chr17	chr17	2984	74600000	4.263363413868837e-05	347	334	0.01938790313347091	5.804761417206859e-05	4.263363413868837e-05	4.263363413868837e-05	15.0	0.043227665706051875
chr17	chr17	2985	74625000	4.262871540855066e-05	346	333	0.020609429446087877	6.189017851678041e-05	4.262871540855066e-05	4.262871540855066e-05	16.0	0.046242774566473986
chr17	chr17	2986	74650000	4.2623798893151734e-05	345	332	0.012605158875448063	3.796734601038573e-05	4.2623798893151734e-05	4.2623798893151734e-05	10.0	0.028985507246376812
chr17	chr17	2987	74675000	4.2619439123003875e-05	344	331	0.012041327500784687	3.6378632932884255e-05	4.2619439123003875e-05	4.2619439123003875e-05	9.0	0.02616279069767442
chr17	chr17	2988	74700000	4.2615081257908033e-05	343	330	0.02261829712302525	6.854029431219772e-05	4.2615081257908033e-05	4.2615081257908033e-05	17.0	0.04956268221574344
chr17	chr17	2989	74725000	4.26107252963946e-05	342	329	0.017659476036772995	5.3676218956756825e-05	4.26107252963946e-05	4.26107252963946e-05	13.0	0.038011695906432746
chr17	chr17	2990	74750000	4.2606371236995624e-05	341	328	0.012678978425750735	3.865542202972785e-05	4.2606371236995624e-05	4.2606371236995624e-05	10.0	0.02932551319648094
chr17	chr17	2991	74775000	4.260201907824484e-05	340	327	0.013974376302036996	4.273509572488378e-05	4.260201907824484e-05	4.260201907824484e-05	11.0	0.03235294117647059
chr17	chr17	2992	74800000	4.259766881867742e-05	339	326	0.015948473887317946	4.8921699040852596e-05	4.259766881867742e-05	4.259766881867742e-05	12.0	0.035398230088495575
chr17	chr17	2993	74825000	4.2593320456830306e-05	338	325	0.020620607939182398	6.344802442825353e-05	4.2593320456830306e-05	4.2593320456830306e-05	15.0	0.04437869822485207
chr17	chr17	2994	74850000	4.258897399124202e-05	337	324	0.010581540016465397	3.26590741248932e-05	4.258897399124202e-05	4.258897399124202e-05	9.0	0.026706231454005934
chr17	chr17	2995	74875000	4.2584629420452686e-05	336	323	0.020370677438483635	6.306711281264284e-05	4.2584629420452686e-05	4.2584629420452686e-05	16.0	0.047619047619047616
chr17	chr17	2996	74900000	4.2580286743004045e-05	335	322	0.01440754645246014	4.474393308217435e-05	4.2580286743004045e-05	4.2580286743004045e-05	11.0	0.03283582089552239
chr17	chr17	2997	74925000	4.2575945957439494e-05	334	321	0.010810036611118172	3.367612651438683e-05	4.2575945957439494e-05	4.2575945957439494e-05	8.0	0.023952095808383235
chr17	chr17	2998	74950000	4.257160706230393e-05	333	320	0.02006821404081618	6.271316887755057e-05	4.257160706230393e-05	4.257160706230393e-05	15.0	0.04504504504504504
chr17	chr17	2999	74975000	4.256727005614391e-05	332	319	0.015140549233481664	4.746253678207418e-05	4.256727005614391e-05	4.256727005614391e-05	12.0	0.03614457831325301
chr17	chr17	3000	75000000	4.256293493750764e-05	331	318	0.01403573214615165	4.4137522472175e-05	4.256293493750764e-05	4.256293493750764e-05	10.0	0.030211480362537766
chr17	chr17	3001	75025000	4.255860170494482e-05	330	317	0.008630834538381968	2.7226607376599268e-05	4.255860170494482e-05	4.255860170494482e-05	7.0	0.021212121212121213
chr17	chr17	3002	75050000	4.255427035700687e-05	329	316	0.013033705703581372	4.1245904125257506e-05	4.255427035700687e-05	4.255427035700687e-05	10.0	0.030395136778115502
chr17	chr17	3003	75075000	4.254994089224672e-05	328	315	0.017404561212010547	5.525257527622396e-05	4.254994089224672e-05	4.254994089224672e-05	14.0	0.042682926829268296
chr17	chr17	3004	75100000	4.2545613309218854e-05	327	314	0.015555221532125886	4.9538922076834035e-05	4.2545613309218854e-05	4.2545613309218854e-05	13.0	0.039755351681957186
chr17	chr17	3005	75125000	4.2541287606479524e-05	326	313	0.009624859538260037	3.075034996249213e-05	4.2541287606479524e-05	4.2541287606479524e-05	8.0	0.024539877300613498
chr17	chr17	3006	75150000	4.253696378258631e-05	325	312	0.007677950137246662	2.460881454245725e-05	4.253696378258631e-05	4.253696378258631e-05	6.0	0.018461538461538463
chr17	chr17	3007	75175000	4.253264183609868e-05	324	311	0.009543494188945897	3.068647649178745e-05	4.253264183609868e-05	4.253264183609868e-05	7.0	0.021604938271604937
chr17	chr17	3008	75200000	4.252832176557738e-05	323	310	0.016343988016837785	5.272254198979931e-05	4.252832176557738e-05	4.252832176557738e-05	14.0	0.043343653250773995
chr17	chr17	3009	75225000	4.2524003569585e-05	322	309	0.010266336051820608	3.3224388517218796e-05	4.2524003569585e-05	4.2524003569585e-05	8.0	0.024844720496894408
chr17	chr17	3010	75250000	4.2519687246685495e-05	321	308	0.015899745020359336	5.162254876740044e-05	4.2519687246685495e-05	4.2519687246685495e-05	12.0	0.037383177570093455
chr17	chr17	3011	75275000	4.2515372795444575e-05	320	307	0.01823945763993389	5.9411914136592477e-05	4.2515372795444575e-05	4.2515372795444575e-05	15.0	0.046875
chr17	chr17	3012	75300000	4.251106021442937e-05	319	306	0.008810090624052122	2.8791145830235694e-05	4.251106021442937e-05	4.251106021442937e-05	7.0	0.0219435736677116
chr17	chr17	3013	75325000	4.250674950220869e-05	318	305	0.016971852786151705	5.5645418970989196e-05	4.250674950220869e-05	4.250674950220869e-05	15.0	0.04716981132075472
chr17	chr17	3014	75350000	4.25024406573529e-05	317	304	0.016010080199221732	5.266473749743991e-05	4.25024406573529e-05	4.25024406573529e-05	14.0	0.04416403785488959
chr17	chr17	3015	75375000	4.249813367843386e-05	316	303	0.022095697753789004	7.292309489699341e-05	4.249813367843386e-05	4.249813367843386e-05	17.0	0.05379746835443038
chr17	chr17	3016	75400000	4.249382856402508e-05	315	302	0.02238664296914362	7.412795685146894e-05	4.249382856402508e-05	4.249382856402508e-05	18.0	0.05714285714285714
chr17	chr17	3017	75425000	4.248952531270163e-05	314	301	0.020164916229542605	6.699307717456015e-05	4.248952531270163e-05	4.248952531270163e-05	14.0	0.044585987261146494
chr17	chr17	3018	75450000	4.248522392304004e-05	313	300	0.008593592770709764	2.8645309235699213e-05	4.248522392304004e-05	4.248522392304004e-05	7.0	0.022364217252396165
chr17	chr17	3019	75475000	4.2480924393618515e-05	312	299	0.012568551290832645	4.2035288598102494e-05	4.2480924393618515e-05	4.2480924393618515e-05	10.0	0.03205128205128205
chr17	chr17	3020	75500000	4.2476626723016757e-05	311	298	0.007043888664230441	2.3637210282652488e-05	4.2476626723016757e-05	4.2476626723016757e-05	5.0	0.01607717041800643
chr17	chr17	3021	75525000	4.2472330909816065e-05	310	297	0.022127217482334108	7.450241576543471e-05	4.2472330909816065e-05	4.2472330909816065e-05	17.0	0.054838709677419356
chr17	chr17	3022	75550000	4.2468036952599266e-05	309	296	0.021960930306369537	7.419233211611331e-05	4.2468036952599266e-05	4.2468036952599266e-05	17.0	0.05501618122977346
chr17	chr17	3023	75575000	4.246374484995062e-05	308	295	0.010348800984377432	3.508068130297435e-05	4.246374484995062e-05	4.246374484995062e-05	8.0	0.025974025974025976
chr17	chr17	3024	75600000	4.2459454600456205e-05	307	294	0.00623391402381308	2.120378919664313e-05	4.2459454600456205e-05	4.2459454600456205e-05	5.0	0.016286644951140065
chr17	chr17	3025	75625000	4.245516620270336e-05	306	293	0.011329831558649044	3.866836709436534e-05	4.245516620270336e-05	4.245516620270336e-05	10.0	0.032679738562091505
chr17	chr17	3026	75650000	4.245087965528116e-05	305	292	0.010339871326188963	3.541051824037316e-05	4.245087965528116e-05	4.245087965528116e-05	8.0	0.02622950819672131
chr17	chr17	3027	75675000	4.2446594956780165e-05	304	291	0.01231417823125511	4.231676368128904e-05	4.2446594956780165e-05	4.2446594956780165e-05	10.0	0.03289473684210526
chr17	chr17	3028	75700000	4.2442312105792434e-05	303	290	0.004828624377518602	1.6650428887995182e-05	4.2442312105792434e-05	4.2442312105792434e-05	4.0	0.013201320132013201
chr17	chr17	3029	75725000	4.2438031100911596e-05	302	289	0.012481441867883313	4.3188380165686204e-05	4.2438031100911596e-05	4.2438031100911596e-05	10.0	0.033112582781456956
chr17	chr17	3030	75750000	4.243375194073277e-05	301	288	0.00713505116044461	2.477448319598823e-05	4.243375194073277e-05	4.243375194073277e-05	6.0	0.019933554817275746
chr17	chr17	3031	75775000	4.2429474623852735e-05	300	287	0.008655294763081023	3.0157821474149906e-05	4.2429474623852735e-05	4.2429474623852735e-05	7.0	0.023333333333333334
chr17	chr17	3032	75800000	4.242519914886965e-05	299	286	0.01873499749318867	6.550698424191843e-05	4.242519914886965e-05	4.242519914886965e-05	15.0	0.05016722408026756
chr17	chr17	3033	75825000	4.2420925514383296e-05	298	285	0.008121890206306806	2.8497860373006338e-05	4.2420925514383296e-05	4.2420925514383296e-05	7.0	0.02348993288590604
chr17	chr17	3034	75850000	4.2416653718994886e-05	297	284	0.013308061719244289	4.685937225086017e-05	4.2416653718994886e-05	4.2416653718994886e-05	10.0	0.03367003367003367
chr17	chr17	3035	75875000	4.241238376130729e-05	296	283	0.016889434918099272	5.967998204275361e-05	4.241238376130729e-05	4.241238376130729e-05	13.0	0.04391891891891892
chr17	chr17	3036	75900000	4.2408115639924846e-05	295	282	0.012441267405832252	4.4117969524227846e-05	4.2408115639924846e-05	4.2408115639924846e-05	10.0	0.03389830508474576
chr17	chr17	3037	75925000	4.2403849353453286e-05	294	281	0.011852169835955082	4.217854034147716e-05	4.2403849353453286e-05	4.2403849353453286e-05	9.0	0.030612244897959183
chr17	chr17	3038	75950000	4.239958490050008e-05	293	280	0.015993449677750543	5.7119463134823366e-05	4.239958490050008e-05	4.239958490050008e-05	12.0	0.040955631399317405
chr17	chr17	3039	75975000	4.2395322279673986e-05	292	279	0.019319548564309702	6.924569377888782e-05	4.2395322279673986e-05	4.2395322279673986e-05	14.0	0.04794520547945205
chr17	chr17	3040	76000000	4.239106148958552e-05	291	278	0.010978312329769492	3.949033212147299e-05	4.239106148958552e-05	4.239106148958552e-05	9.0	0.030927835051546393
chr17	chr17	3041	76025000	4.2386802528846475e-05	290	277	0.010479364006325573	3.783163901200568e-05	4.2386802528846475e-05	4.2386802528846475e-05	9.0	0.03103448275862069
chr17	chr17	3042	76050000	4.2382545396070274e-05	289	276	0.020734515329247128	7.512505554075046e-05	4.2382545396070274e-05	4.2382545396070274e-05	17.0	0.058823529411764705
chr17	chr17	3043	76075000	4.237829008987189e-05	288	275	0.011259660476974506	4.094421991627093e-05	4.237829008987189e-05	4.237829008987189e-05	9.0	0.03125
chr17	chr17	3044	76100000	4.237403660886763e-05	287	274	0.00877848059823864	3.203825035853518e-05	4.237403660886763e-05	4.237403660886763e-05	7.0	0.024390243902439025
chr17	chr17	3045	76125000	4.2369784951675484e-05	286	273	0.013093920542910016	4.79630789117583e-05	4.2369784951675484e-05	4.2369784951675484e-05	10.0	0.03496503496503497
chr17	chr17	3046	76150000	4.236553511691489e-05	285	272	0.004403975958393131	1.6191088082327688e-05	4.236553511691489e-05	4.236553511691489e-05	4.0	0.014035087719298246
chr17	chr17	3047	76175000	4.236128710320667e-05	284	271	0.01487820127667399	5.490111172204424e-05	4.236128710320667e-05	4.236128710320667e-05	13.0	0.045774647887323945
chr17	chr17	3048	76200000	4.235704090917328e-05	283	270	0.01726756165348832	6.395393204995673e-05	4.235704090917328e-05	4.235704090917328e-05	13.0	0.045936395759717315
chr17	chr17	3049	76225000	4.2352796533438644e-05	282	269	0.012263876456891004	4.5590618798851314e-05	4.2352796533438644e-05	4.2352796533438644e-05	10.0	0.03546099290780142
chr17	chr17	3050	76250000	4.234855397462817e-05	281	268	0.01528077527298803	5.701781818279116e-05	4.234855397462817e-05	4.234855397462817e-05	12.0	0.042704626334519574
chr17	chr17	3051	76275000	4.234431323136867e-05	280	267	0.01831788560464947	6.860631312602797e-05	4.234431323136867e-05	4.234431323136867e-05	14.0	0.05
chr17	chr17	3052	76300000	4.234007430228861e-05	279	266	0.012389325062967759	4.657641001115699e-05	4.234007430228861e-05	4.234007430228861e-05	9.0	0.03225806451612903
chr17	chr17	3053	76325000	4.2335837186017736e-05	278	265	0.008951549807450419	3.3779433235661955e-05	4.2335837186017736e-05	4.2335837186017736e-05	8.0	0.02877697841726619
chr17	chr17	3054	76350000	4.233160188118753e-05	277	264	0.01697195900987254	6.428772352224447e-05	4.233160188118753e-05	4.233160188118753e-05	13.0	0.04693140794223827
chr17	chr17	3055	76375000	4.232736838643069e-05	276	263	0.01108316402090392	4.214130806427346e-05	4.232736838643069e-05	4.232736838643069e-05	9.0	0.03260869565217391
chr17	chr17	3056	76400000	4.232313670038153e-05	275	262	0.01718451959447119	6.558976944454653e-05	4.232313670038153e-05	4.232313670038153e-05	14.0	0.05090909090909091
chr17	chr17	3057	76425000	4.2319451657303706e-05	274	261	0.01730587599599621	6.630603829883605e-05	4.2319451657303706e-05	4.2319451657303706e-05	13.0	0.04744525547445255
chr17	chr17	3058	76450000	4.231576814016952e-05	273	260	0.011911574728254064	4.581374895482332e-05	4.231576814016952e-05	4.231576814016952e-05	10.0	0.03663003663003663
chr17	chr17	3059	76475000	4.231208614784838e-05	272	259	0.01810917684917995	6.991960173428552e-05	4.231208614784838e-05	4.231208614784838e-05	14.0	0.051470588235294115
chr17	chr17	3060	76500000	4.230840567921095e-05	271	258	0.005823154545704157	2.257036645621766e-05	4.230840567921095e-05	4.230840567921095e-05	5.0	0.01845018450184502
chr17	chr17	3061	76525000	4.2304726733129045e-05	270	257	0.013701274839766239	5.331235346212544e-05	4.2304726733129045e-05	4.2304726733129045e-05	11.0	0.040740740740740744
chr17	chr17	3062	76550000	4.230104930847572e-05	269	256	0.005040446336974749	1.9689243503807613e-05	4.230104930847572e-05	4.230104930847572e-05	4.0	0.01486988847583643
chr17	chr17	3063	76575000	4.2297373404125225e-05	268	255	0.01378906789634498	5.407477606409796e-05	4.2297373404125225e-05	4.2297373404125225e-05	12.0	0.04477611940298507
chr17	chr17	3064	76600000	4.229369901895302e-05	267	254	0.0067075212179962245	2.6407563850378836e-05	4.229369901895302e-05	4.229369901895302e-05	6.0	0.02247191011235955
chr17	chr17	3065	76625000	4.229002615183574e-05	266	253	0.009097988486830922	3.596042880170325e-05	4.229002615183574e-05	4.229002615183574e-05	8.0	0.03007518796992481
chr17	chr17	3066	76650000	4.228635480165121e-05	265	252	0.007853157025132765	3.1163321528304625e-05	4.228635480165121e-05	4.228635480165121e-05	7.0	0.026415094339622643
chr17	chr17	3067	76675000	4.22826849672785e-05	264	251	0.0110803139593916	4.41446771290502e-05	4.22826849672785e-05	4.22826849672785e-05	8.0	0.030303030303030304
chr17	chr17	3068	76700000	4.227901664759781e-05	263	250	0.016109012330645708	6.443604932258283e-05	4.227901664759781e-05	4.227901664759781e-05	12.0	0.045627376425855515
chr17	chr17	3069	76725000	4.22753498414906e-05	262	249	0.010373131684722418	4.165916339245951e-05	4.22753498414906e-05	4.22753498414906e-05	8.0	0.030534351145038167
chr17	chr17	3070	76750000	4.227168454783944e-05	261	248	0.01098493529921428	4.429409394844467e-05	4.227168454783944e-05	4.227168454783944e-05	7.0	0.02681992337164751
chr17	chr17	3071	76775000	4.2268020765528195e-05	260	247	0.006721202809659786	2.72113474075295e-05	4.2268020765528195e-05	4.2268020765528195e-05	6.0	0.023076923076923078
chr17	chr17	3072	76800000	4.2264358493441754e-05	259	246	0.009510768403530585	3.86616601769536e-05	4.2264358493441754e-05	4.2264358493441754e-05	7.0	0.02702702702702703
chr17	chr17	3073	76825000	4.22606977304664e-05	258	245	0.01183273459458568	4.8296875896268086e-05	4.22606977304664e-05	4.22606977304664e-05	9.0	0.03488372093023256
chr17	chr17	3074	76850000	4.225703847548944e-05	257	244	0.015659877495266362	6.417982580027198e-05	4.225703847548944e-05	4.225703847548944e-05	13.0	0.05058365758754864
chr17	chr17	3075	76875000	4.225338072739937e-05	256	243	0.005853595716017931	2.408887125933305e-05	4.225338072739937e-05	4.225338072739937e-05	5.0	0.01953125
chr17	chr17	3076	76900000	4.2249724485085986e-05	255	242	0.013771222646820932	5.690587870587162e-05	4.2249724485085986e-05	4.2249724485085986e-05	10.0	0.0392156862745098
chr17	chr17	3077	76925000	4.224606974744012e-05	254	241	0.008211122240416696	3.407104664073318e-05	4.224606974744012e-05	4.224606974744012e-05	7.0	0.027559055118110236
chr17	chr17	3078	76950000	4.2242416513353904e-05	253	240	0.016317262032663628	6.798859180276512e-05	4.2242416513353904e-05	4.2242416513353904e-05	12.0	0.04743083003952569
chr17	chr17	3079	76975000	4.223876478172058e-05	252	239	0.011119511128253896	4.652515116424224e-05	4.223876478172058e-05	4.223876478172058e-05	9.0	0.03571428571428571
chr17	chr17	3080	77000000	4.2235114551434546e-05	251	238	0.013391502832580105	5.6266818624286156e-05	4.2235114551434546e-05	4.2235114551434546e-05	11.0	0.043824701195219126
chr17	chr17	3081	77025000	4.223146582139139e-05	250	237	0.012128638809354279	5.1175691178710034e-05	4.223146582139139e-05	4.223146582139139e-05	9.0	0.036
chr17	chr17	3082	77050000	4.22278185904879e-05	249	236	0.014832018994786167	6.28475381135007e-05	4.22278185904879e-05	4.22278185904879e-05	13.0	0.05220883534136546
chr17	chr17	3083	77075000	4.222417285762204e-05	248	235	0.011309266470393967	4.812453817188922e-05	4.222417285762204e-05	4.222417285762204e-05	8.0	0.03225806451612903
chr17	chr17	3084	77100000	4.222052862169283e-05	247	234	0.011862810270369693	5.069577038619527e-05	4.222052862169283e-05	4.222052862169283e-05	10.0	0.04048582995951417
chr17	chr17	3085	77125000	4.221688588160067e-05	246	233	0.014547091345347075	6.243386843496599e-05	4.221688588160067e-05	4.221688588160067e-05	10.0	0.04065040650406504
chr17	chr17	3086	77150000	4.221324463624687e-05	245	232	0.01053765542152291	4.5420928541047026e-05	4.221324463624687e-05	4.221324463624687e-05	9.0	0.036734693877551024
chr17	chr17	3087	77175000	4.220960488453409e-05	244	231	0.010909205094715584	4.722599608101985e-05	4.220960488453409e-05	4.220960488453409e-05	10.0	0.040983606557377046
chr17	chr17	3088	77200000	4.220596662536607e-05	243	230	0.0030881430951599353	1.3426709109391023e-05	4.220596662536607e-05	4.220596662536607e-05	3.0	0.012345679012345678
chr17	chr17	3089	77225000	4.220232985764772e-05	242	229	0.012746568804246804	5.566187250762796e-05	4.220232985764772e-05	4.220232985764772e-05	10.0	0.04132231404958678
chr17	chr17	3090	77250000	4.219869458028509e-05	241	228	0.006701623509374392	2.9393085567431543e-05	4.219869458028509e-05	4.219869458028509e-05	5.0	0.02074688796680498
chr17	chr17	3091	77275000	4.219506079218549e-05	240	227	0.00921249436515475	4.0583675617421804e-05	4.219506079218549e-05	4.219506079218549e-05	7.0	0.029166666666666667
chr17	chr17	3092	77300000	4.219142849225722e-05	239	226	0.017847523259243138	7.897134185505814e-05	4.219142849225722e-05	4.219142849225722e-05	14.0	0.058577405857740586
chr17	chr17	3093	77325000	4.218779767940987e-05	238	225	0.016834447007181143	7.481976447636064e-05	4.218779767940987e-05	4.218779767940987e-05	12.0	0.05042016806722689
chr17	chr17	3094	77350000	4.2184168352554094e-05	237	224	0.010662402170567645	4.7600009690034126e-05	4.2184168352554094e-05	4.2184168352554094e-05	8.0	0.03375527426160337
chr17	chr17	3095	77375000	4.2180540510601716e-05	236	223	0.007426820876369228	3.330412949044497e-05	4.2180540510601716e-05	4.2180540510601716e-05	5.0	0.0211864406779661
chr17	chr17	3096	77400000	4.217691415246578e-05	235	222	0.014300762097931076	6.441784728797782e-05	4.217691415246578e-05	4.217691415246578e-05	10.0	0.0425531914893617
chr17	chr17	3097	77425000	4.2173289277060365e-05	234	221	0.006726201803090112	3.0435302276425847e-05	4.2173289277060365e-05	4.2173289277060365e-05	6.0	0.02564102564102564
chr17	chr17	3098	77450000	4.216966588330082e-05	233	220	0.012906150456040653	5.866432025473024e-05	4.216966588330082e-05	4.216966588330082e-05	10.0	0.04291845493562232
chr17	chr17	3099	77475000	4.2166043970103474e-05	232	219	0.009550329605542841	4.3608810984213886e-05	4.2166043970103474e-05	4.2166043970103474e-05	7.0	0.03017241379310345
chr17	chr17	3100	77500000	4.2162423536385936e-05	231	218	0.009525228346724592	4.369370801249813e-05	4.2162423536385936e-05	4.2162423536385936e-05	9.0	0.03896103896103896
chr17	chr17	3101	77525000	4.215880458106689e-05	230	217	0.018092752406933223	8.337673920245726e-05	4.215880458106689e-05	4.215880458106689e-05	14.0	0.06086956521739131
chr17	chr17	3102	77550000	4.215518710306621e-05	229	216	0.015897444511400346	7.359928014537197e-05	4.215518710306621e-05	4.215518710306621e-05	13.0	0.056768558951965066
chr17	chr17	3103	77575000	4.215157110130483e-05	228	215	0.011087799506671275	5.1571160496145465e-05	4.215157110130483e-05	4.215157110130483e-05	9.0	0.039473684210526314
chr17	chr17	3104	77600000	4.214795657470492e-05	227	214	0.013843157041166159	6.468764972507551e-05	4.214795657470492e-05	4.214795657470492e-05	10.0	0.04405286343612335
chr17	chr17	3105	77625000	4.214434352218969e-05	226	213	0.012264560547164658	5.7580096465561777e-05	4.214434352218969e-05	4.214434352218969e-05	10.0	0.04424778761061947
chr17	chr17	3106	77650000	4.21407319426835e-05	225	212	0.0035839496899676875	1.6905423065885318e-05	4.21407319426835e-05	4.21407319426835e-05	3.0	0.013333333333333334
chr17	chr17	3107	77675000	4.2137121835111925e-05	224	211	0.012427402396437214	5.8897641689275896e-05	4.2137121835111925e-05	4.2137121835111925e-05	11.0	0.049107142857142856
chr17	chr17	3108	77700000	4.213351319840156e-05	223	210	0.016642452581558866	7.924977419789937e-05	4.213351319840156e-05	4.213351319840156e-05	11.0	0.04932735426008968
chr17	chr17	3109	77725000	4.212990603148017e-05	222	209	0.012124169033768856	5.80103781520041e-05	4.212990603148017e-05	4.212990603148017e-05	10.0	0.04504504504504504
chr17	chr17	3110	77750000	4.212630033327665e-05	221	208	0.014023857459573786	6.742239163256628e-05	4.212630033327665e-05	4.212630033327665e-05	8.0	0.03619909502262444
chr17	chr17	3111	77775000	4.212269610272104e-05	220	207	0.015742889520733983	7.605260638035741e-05	4.212269610272104e-05	4.212269610272104e-05	11.0	0.05
chr17	chr17	3112	77800000	4.2119093338744477e-05	219	206	0.009678550270729084	4.6983253741403323e-05	4.2119093338744477e-05	4.2119093338744477e-05	8.0	0.0365296803652968
chr17	chr17	3113	77825000	4.211549204027921e-05	218	205	0.016774078184083555	8.182477162967588e-05	4.211549204027921e-05	4.211549204027921e-05	13.0	0.05963302752293578
chr17	chr17	3114	77850000	4.2111892206258625e-05	217	204	0.012859393154784973	6.30362409548283e-05	4.2111892206258625e-05	4.2111892206258625e-05	11.0	0.05069124423963134
chr17	chr17	3115	77875000	4.210829383561723e-05	216	203	0.006781781780113903	3.3407792020265535e-05	4.210829383561723e-05	4.210829383561723e-05	6.0	0.027777777777777776
chr17	chr17	3116	77900000	4.210469692729065e-05	215	202	0.014268692504040332	7.063709160416006e-05	4.210469692729065e-05	4.210469692729065e-05	11.0	0.05116279069767442
chr17	chr17	3117	77925000	4.210110148021562e-05	214	201	0.007980474326763708	3.9703852371958743e-05	4.210110148021562e-05	4.210110148021562e-05	6.0	0.028037383177570093
chr17	chr17	3118	77950000	4.2097507493330014e-05	213	200	0.009448227568475562	4.724113784237781e-05	4.2097507493330014e-05	4.2097507493330014e-05	7.0	0.03286384976525822
chr17	chr17	3119	77975000	4.209391496557271e-05	212	199	0.019495142569879408	9.796554055215783e-05	4.209391496557271e-05	4.209391496557271e-05	15.0	0.07075471698113207
chr17	chr17	3120	78000000	4.209032389588386e-05	211	198	0.007940134015902486	4.010168694900245e-05	4.209032389588386e-05	4.209032389588386e-05	6.0	0.02843601895734597
chr17	chr17	3121	78025000	4.2086734283204596e-05	210	197	0.018955143862671747	9.62190043790444e-05	4.2086734283204596e-05	4.2086734283204596e-05	15.0	0.07142857142857142
chr17	chr17	3122	78050000	4.2083146126477214e-05	209	196	0.01192443462603543	6.083895217365015e-05	4.2083146126477214e-05	4.2083146126477214e-05	10.0	0.04784688995215311
chr17	chr17	3123	78075000	4.207955942464517e-05	208	195	0.009491250026419375	4.86730770585609e-05	4.207955942464517e-05	4.207955942464517e-05	8.0	0.038461538461538464
chr17	chr17	3124	78100000	4.207597417665291e-05	207	194	0.011441952369899155	5.897913592731523e-05	4.207597417665291e-05	4.207597417665291e-05	8.0	0.03864734299516908
chr17	chr17	3125	78125000	4.207239038144604e-05	206	193	0.010387148781318334	5.381942373740069e-05	4.207239038144604e-05	4.207239038144604e-05	7.0	0.03398058252427184
chr17	chr17	3126	78150000	4.2068808037971255e-05	205	192	0.013331148457456456	6.943306488258571e-05	4.2068808037971255e-05	4.2068808037971255e-05	10.0	0.04878048780487805
chr17	chr17	3127	78175000	4.206522714517636e-05	204	191	0.007274133906499515	3.808447071465714e-05	4.206522714517636e-05	4.206522714517636e-05	6.0	0.029411764705882353
chr17	chr17	3128	78200000	4.206164770201029e-05	203	190	0.00900006292328592	4.736875222782063e-05	4.206164770201029e-05	4.206164770201029e-05	7.0	0.034482758620689655
chr17	chr17	3129	78225000	4.205859809568185e-05	202	189	0.011891103077730784	6.291588930016288e-05	4.205859809568185e-05	4.205859809568185e-05	9.0	0.04455445544554455
chr17	chr17	3130	78250000	4.205554968482465e-05	201	188	0.007125787926396147	3.790312726806461e-05	4.205554968482465e-05	4.205554968482465e-05	7.0	0.03482587064676617
chr17	chr17	3131	78275000	4.205250246858832e-05	200	187	0.008421209496214764	4.5033205862111036e-05	4.205250246858832e-05	4.205250246858832e-05	6.0	0.03
chr17	chr17	3132	78300000	4.204945644612341e-05	199	186	0.009661867514895563	5.194552427363206e-05	4.204945644612341e-05	4.204945644612341e-05	7.0	0.035175879396984924
chr17	chr17	3133	78325000	4.2046411616581243e-05	198	185	0.013412246461540992	7.24986295218432e-05	4.2046411616581243e-05	4.2046411616581243e-05	10.0	0.050505050505050504
chr17	chr17	3134	78350000	4.204336797911419e-05	197	184	0.013856029584601047	7.530450861196221e-05	4.204336797911419e-05	4.204336797911419e-05	10.0	0.050761421319796954
chr17	chr17	3135	78375000	4.204032553287533e-05	196	183	0.013894249821535682	7.592486241276329e-05	4.204032553287533e-05	4.204032553287533e-05	11.0	0.05612244897959184
chr17	chr17	3136	78400000	4.203728427701873e-05	195	182	0.0029575741361411154	1.62504073414347e-05	4.203728427701873e-05	4.203728427701873e-05	2.0	0.010256410256410256
chr17	chr17	3137	78425000	4.203424421069927e-05	194	181	0.007985073179475555	4.411642640594229e-05	4.203424421069927e-05	4.203424421069927e-05	7.0	0.03608247422680412
chr17	chr17	3138	78450000	4.2031205333072666e-05	193	180	0.0086202600434836	4.789033357490889e-05	4.2031205333072666e-05	4.2031205333072666e-05	7.0	0.03626943005181347
chr17	chr17	3139	78475000	4.202816764329562e-05	192	179	0.013837783809460626	7.730605480145601e-05	4.202816764329562e-05	4.202816764329562e-05	11.0	0.057291666666666664
chr17	chr17	3140	78500000	4.2025131140525575e-05	191	178	0.006420092113150055	3.606793321994413e-05	4.2025131140525575e-05	4.2025131140525575e-05	5.0	0.02617801047120419
chr17	chr17	3141	78525000	4.2022095823920866e-05	190	178	0.007888746151287554	4.4318798602739065e-05	4.2022095823920866e-05	4.2022095823920866e-05	6.0	0.031578947368421054
chr17	chr17	3142	78550000	4.2019061692640754e-05	189	177	0.011432844154637852	6.459233985671103e-05	4.2019061692640754e-05	4.2019061692640754e-05	9.0	0.047619047619047616
chr17	chr17	3143	78575000	4.2016028745845384e-05	188	175	0.014085698473351475	8.048970556200843e-05	4.2016028745845384e-05	4.2016028745845384e-05	10.0	0.05319148936170213
chr17	chr17	3144	78600000	4.201299698269557e-05	187	174	0.013272406303986519	7.627819714934781e-05	4.201299698269557e-05	4.201299698269557e-05	11.0	0.058823529411764705
chr17	chr17	3145	78625000	4.200996640235321e-05	186	173	0.006319379168858667	3.652820328820039e-05	4.200996640235321e-05	4.200996640235321e-05	6.0	0.03225806451612903
chr17	chr17	3146	78650000	4.200693700398098e-05	185	172	0.009726125829652602	5.654724319565467e-05	4.200693700398098e-05	4.200693700398098e-05	8.0	0.043243243243243246
chr17	chr17	3147	78675000	4.200390878674237e-05	184	171	0.006806683568169219	3.980516706531707e-05	4.200390878674237e-05	4.200390878674237e-05	6.0	0.03260869565217391
chr17	chr17	3148	78700000	4.200088174980178e-05	183	171	0.015122920272315364	8.843813024745827e-05	4.200088174980178e-05	4.200088174980178e-05	12.0	0.06557377049180328
chr17	chr17	3149	78725000	4.199785589232446e-05	182	170	0.008156830038724633	4.798135316896843e-05	4.199785589232446e-05	4.199785589232446e-05	7.0	0.038461538461538464
chr17	chr17	3150	78750000	4.199483121347654e-05	181	168	0.012949742276426823	7.708179926444538e-05	4.199483121347654e-05	4.199483121347654e-05	10.0	0.055248618784530384
chr17	chr17	3151	78775000	4.19918077124249e-05	180	167	0.0057248968443237205	3.4280819427088145e-05	4.19918077124249e-05	4.19918077124249e-05	5.0	0.027777777777777776
chr17	chr17	3152	78800000	4.198878538833738e-05	179	166	0.01293542258908306	7.792423246435578e-05	4.198878538833738e-05	4.198878538833738e-05	10.0	0.055865921787709494
chr17	chr17	3153	78825000	4.198576424038262e-05	178	165	0.003229409619213767	1.9572179510386466e-05	4.198576424038262e-05	4.198576424038262e-05	3.0	0.016853932584269662
chr17	chr17	3154	78850000	4.1982744267730175e-05	177	164	0.00969978801636143	5.9145048880252626e-05	4.1982744267730175e-05	4.1982744267730175e-05	8.0	0.04519774011299435
chr17	chr17	3155	78875000	4.1979725469550345e-05	176	163	0.0072235162382263745	4.43160505412661e-05	4.1979725469550345e-05	4.1979725469550345e-05	6.0	0.03409090909090909
chr17	chr17	3156	78900000	4.1976707845014386e-05	175	162	0.006605291287179913	4.077340300728341e-05	4.1976707845014386e-05	4.1976707845014386e-05	5.0	0.02857142857142857
chr17	chr17	3157	78925000	4.197369139329435e-05	174	161	0.005232182458764212	3.249802769418765e-05	4.197369139329435e-05	4.197369139329435e-05	3.0	0.017241379310344827
chr17	chr17	3158	78950000	4.197067611356303e-05	173	160	0.011532808948918364	7.208005593073978e-05	4.197067611356303e-05	4.197067611356303e-05	9.0	0.05202312138728324
chr17	chr17	3159	78975000	4.1967662004994314e-05	172	159	0.00884881782445349	5.565294229216032e-05	4.1967662004994314e-05	4.1967662004994314e-05	6.0	0.03488372093023256
chr17	chr17	3160	79000000	4.1964649066762705e-05	171	158	0.008775668686986817	5.5542206879663395e-05	4.1964649066762705e-05	4.1964649066762705e-05	8.0	0.04678362573099415
chr17	chr17	3161	79025000	4.196163729804365e-05	170	157	0.0055509277165649	3.5356227494043946e-05	4.196163729804365e-05	4.196163729804365e-05	4.0	0.023529411764705882
chr17	chr17	3162	79050000	4.195862669801344e-05	169	156	0.008116813186489923	5.203085375955079e-05	4.195862669801344e-05	4.195862669801344e-05	7.0	0.04142011834319527
chr17	chr17	3163	79075000	4.1955617265849146e-05	168	155	0.004393476177096357	2.8345007594170044e-05	4.1955617265849146e-05	4.1955617265849146e-05	4.0	0.023809523809523808
chr17	chr17	3164	79100000	4.195260900072875e-05	167	154	0.017511919700098768	0.00011371376428635564	4.195260900072875e-05	4.195260900072875e-05	14.0	0.08383233532934131
chr17	chr17	3165	79125000	4.1949601901831044e-05	166	153	0.006339337594533664	4.1433579049239636e-05	4.1949601901831044e-05	4.1949601901831044e-05	6.0	0.03614457831325301
chr17	chr17	3166	79150000	4.1946595968335616e-05	165	152	0.007428122875707516	4.886922944544418e-05	4.1946595968335616e-05	4.1946595968335616e-05	7.0	0.04242424242424243
chr17	chr17	3167	79175000	4.194359119942301e-05	164	151	0.011131877496090932	7.372104302046975e-05	4.194359119942301e-05	4.194359119942301e-05	8.0	0.04878048780487805
chr17	chr17	3168	79200000	4.194058759427443e-05	163	150	0.012650695930473226	8.43379728698215e-05	4.194058759427443e-05	4.194058759427443e-05	10.0	0.06134969325153374
chr17	chr17	3169	79225000	4.1937585152072076e-05	162	149	0.0063292935383913625	4.247848012343196e-05	4.1937585152072076e-05	4.1937585152072076e-05	5.0	0.030864197530864196
chr17	chr17	3170	79250000	4.193458387199887e-05	161	148	0.0083144694421372	5.617884758200811e-05	4.193458387199887e-05	4.193458387199887e-05	6.0	0.037267080745341616
chr17	chr17	3171	79275000	4.193158375323862e-05	160	147	0.008956987163811807	6.093188546810753e-05	4.193158375323862e-05	4.193158375323862e-05	6.0	0.0375
chr17	chr17	3172	79300000	4.1928584794975956e-05	159	146	0.012248165093679198	8.389154173752875e-05	4.1928584794975956e-05	4.1928584794975956e-05	10.0	0.06289308176100629
chr17	chr17	3173	79325000	4.192558699639634e-05	158	145	0.008686041298205384	5.990373309107162e-05	4.192558699639634e-05	4.192558699639634e-05	7.0	0.04430379746835443
chr17	chr17	3174	79350000	4.192259035668601e-05	157	144	0.01139597480858912	7.913871394853556e-05	4.192259035668601e-05	4.192259035668601e-05	9.0	0.05732484076433121
chr17	chr17	3175	79375000	4.1919594875032144e-05	156	143	0.013470474134876346	9.419911982431011e-05	4.1919594875032144e-05	4.1919594875032144e-05	9.0	0.057692307692307696
chr17	chr17	3176	79400000	4.1916600550622635e-05	155	142	0.008164231866352466	5.7494590608115964e-05	4.1916600550622635e-05	4.1916600550622635e-05	6.0	0.03870967741935484
chr17	chr17	3177	79425000	4.1913607382646264e-05	154	141	0.01064523564809165	7.549812516377056e-05	4.1913607382646264e-05	4.1913607382646264e-05	8.0	0.05194805194805195
chr17	chr17	3178	79450000	4.19106153702926e-05	153	140	0.009355283255366642	6.682345182404744e-05	4.19106153702926e-05	4.19106153702926e-05	7.0	0.0457516339869281
chr17	chr17	3179	79475000	4.190762451275207e-05	152	139	0.013099992581249201	9.424455094423885e-05	4.190762451275207e-05	4.190762451275207e-05	9.0	0.05921052631578947
chr17	chr17	3180	79500000	4.190463480921588e-05	151	138	0.004331796498529672	3.138982969949038e-05	4.190463480921588e-05	4.190463480921588e-05	3.0	0.019867549668874173
chr17	chr17	3181	79525000	4.190164625887611e-05	150	137	0.010949882926511095	7.992615274825616e-05	4.190164625887611e-05	4.190164625887611e-05	8.0	0.05333333333333334
chr17	chr17	3182	79550000	4.189865886092557e-05	149	136	0.009311966773652126	6.847034392391269e-05	4.189865886092557e-05	4.189865886092557e-05	7.0	0.04697986577181208
chr17	chr17	3183	79575000	4.1895672614558036e-05	148	135	0.010791710446248168	7.993859589813458e-05	4.1895672614558036e-05	4.1895672614558036e-05	8.0	0.05405405405405406
chr17	chr17	3184	79600000	4.189268751896795e-05	147	134	0.011348139298438555	8.468760670476534e-05	4.189268751896795e-05	4.189268751896795e-05	8.0	0.05442176870748299
chr17	chr17	3185	79625000	4.188970357335063e-05	146	133	0.009142132494476617	6.873783830433546e-05	4.188970357335063e-05	4.188970357335063e-05	8.0	0.0547945205479452
chr17	chr17	3186	79650000	4.188672077690225e-05	145	132	0.00847552141112029	6.420849553879008e-05	4.188672077690225e-05	4.188672077690225e-05	7.0	0.04827586206896552
chr17	chr17	3187	79675000	4.1883739128819725e-05	144	131	0.005246387665323184	4.0048760803993766e-05	4.1883739128819725e-05	4.1883739128819725e-05	4.0	0.027777777777777776
chr17	chr17	3188	79700000	4.188075862830087e-05	143	130	0.012755060153266613	9.81158473328201e-05	4.188075862830087e-05	4.188075862830087e-05	9.0	0.06293706293706294
chr17	chr17	3189	79725000	4.1877779274544205e-05	142	129	0.007252879999987674	5.6223875968896696e-05	4.1877779274544205e-05	4.1877779274544205e-05	5.0	0.035211267605633804
chr17	chr17	3190	79750000	4.187480106674913e-05	141	128	0.005062054228417181	3.9547298659509225e-05	4.187480106674913e-05	4.187480106674913e-05	4.0	0.028368794326241134
chr17	chr17	3191	79775000	4.1871824004115815e-05	140	127	0.013442131677112919	0.00010584355651270015	4.1871824004115815e-05	4.1871824004115815e-05	10.0	0.07142857142857142
chr17	chr17	3192	79800000	4.186884808584535e-05	139	126	0.005276453744544807	4.187661702019688e-05	4.186884808584535e-05	4.186884808584535e-05	4.0	0.02877697841726619
chr17	chr17	3193	79825000	4.186587331113945e-05	138	125	0.009084284845418036	7.267427876334428e-05	4.186587331113945e-05	4.186587331113945e-05	7.0	0.050724637681159424
chr17	chr17	3194	79850000	4.1862899679200774e-05	137	124	0.015971226716337418	0.00012880021545433402	4.1862899679200774e-05	4.1862899679200774e-05	11.0	0.08029197080291971
chr17	chr17	3195	79875000	4.1859927189232794e-05	136	123	0.00815509866877534	6.630161519329545e-05	4.1859927189232794e-05	4.1859927189232794e-05	7.0	0.051470588235294115
chr17	chr17	3196	79900000	4.1856955840439635e-05	135	122	0.0039429970220561	3.231964772177131e-05	4.1856955840439635e-05	4.1856955840439635e-05	3.0	0.022222222222222223
chr17	chr17	3197	79925000	4.185398563202642e-05	134	121	0.004137272059483628	3.419233107011263e-05	4.185398563202642e-05	4.185398563202642e-05	3.0	0.022388059701492536
chr17	chr17	3198	79950000	4.1851016563198936e-05	133	120	0.00860028409721202	7.166903414343349e-05	4.1851016563198936e-05	4.1851016563198936e-05	6.0	0.045112781954887216
chr17	chr17	3199	79975000	4.184804863316384e-05	132	120	0.009692202607938676	8.076835506615563e-05	4.184804863316384e-05	4.184804863316384e-05	7.0	0.05303030303030303
chr17	chr17	3200	80000000	4.1845081841128536e-05	131	119	0.008821142978303316	7.412725191851525e-05	4.1845081841128536e-05	4.1845081841128536e-05	7.0	0.05343511450381679
chr17	chr17	3201	80025000	4.184211618630127e-05	130	118	0.004445222584361482	3.767137783357188e-05	4.184211618630127e-05	4.184211618630127e-05	2.0	0.015384615384615385
chr17	chr17	3202	80050000	4.183966143793631e-05	129	117	0.011535713472799468	9.85958416478587e-05	4.183966143793631e-05	4.183966143793631e-05	8.0	0.06201550387596899
chr17	chr17	3203	80075000	4.183720760002647e-05	128	116	0.007672573136422376	6.614287186571014e-05	4.183720760002647e-05	4.183720760002647e-05	6.0	0.046875
chr17	chr17	3204	80100000	4.1834754671949965e-05	127	115	0.004758375599505983	4.137717912613898e-05	4.1834754671949965e-05	4.1834754671949965e-05	4.0	0.031496062992125984
chr17	chr17	3205	80125000	4.183230265308572e-05	126	114	0.0034145172465542017	2.9951905671528084e-05	4.183230265308572e-05	4.183230265308572e-05	2.0	0.015873015873015872
chr17	chr17	3206	80150000	4.182985154281309e-05	125	114	0.006413331620912377	5.625729492028401e-05	4.182985154281309e-05	4.182985154281309e-05	5.0	0.04
chr17	chr17	3207	80175000	4.1827401340512274e-05	124	113	0.008544898636918364	7.561857200812711e-05	4.1827401340512274e-05	4.1827401340512274e-05	6.0	0.04838709677419355
chr17	chr17	3208	80200000	4.182495204556382e-05	123	112	0.004958598743988641	4.427320307132716e-05	4.182495204556382e-05	4.182495204556382e-05	4.0	0.032520325203252036
chr17	chr17	3209	80225000	4.182250365734911e-05	122	111	0.00552291988235307	4.9756034976153785e-05	4.182250365734911e-05	4.182250365734911e-05	5.0	0.040983606557377046
chr17	chr17	3210	80250000	4.1820056175250096e-05	121	110	0.0027442716225597554	2.4947923841452323e-05	4.1820056175250096e-05	4.1820056175250096e-05	2.0	0.01652892561983471
chr17	chr17	3211	80275000	4.1817609598649286e-05	120	109	0.009993772296633922	9.168598437278828e-05	4.1817609598649286e-05	4.1817609598649286e-05	7.0	0.058333333333333334
chr17	chr17	3212	80300000	4.1815163926929795e-05	119	108	0.0064112073779245635	5.936303127707929e-05	4.1815163926929795e-05	4.1815163926929795e-05	4.0	0.03361344537815126
chr17	chr17	3213	80325000	4.1812719159475405e-05	118	107	0.007063182174564747	6.60110483604182e-05	4.1812719159475405e-05	4.1812719159475405e-05	6.0	0.05084745762711865
chr17	chr17	3214	80350000	4.181027529567054e-05	117	106	0.01017247132272441	9.596671059173972e-05	4.181027529567054e-05	4.181027529567054e-05	8.0	0.06837606837606838
chr17	chr17	3215	80375000	4.180783233490013e-05	116	105	0.0034097039531187185	3.247337098208303e-05	4.180783233490013e-05	4.180783233490013e-05	2.0	0.017241379310344827
chr17	chr17	3216	80400000	4.180539027654978e-05	115	104	0.006842830955732198	6.579645149742498e-05	4.180539027654978e-05	4.180539027654978e-05	5.0	0.043478260869565216
chr17	chr17	3217	80425000	4.180294912000566e-05	114	103	0.008539203147302457	8.290488492526657e-05	4.180294912000566e-05	4.180294912000566e-05	6.0	0.05263157894736842
chr17	chr17	3218	80450000	4.180050886465464e-05	113	102	0.0055828424189467525	5.473374920536032e-05	4.180050886465464e-05	4.180050886465464e-05	4.0	0.035398230088495575
chr17	chr17	3219	80475000	4.1798069509884124e-05	112	101	0.005926642198698919	5.867962572969226e-05	4.1798069509884124e-05	4.1798069509884124e-05	4.0	0.03571428571428571
chr17	chr17	3220	80500000	4.17956310550821e-05	111	100	0.007236065480751315	7.236065480751315e-05	4.17956310550821e-05	4.17956310550821e-05	5.0	0.04504504504504504
chr17	chr17	3221	80525000	4.1793193499637216e-05	110	99	0.011796218090275166	0.00011915371808358754	4.1793193499637216e-05	4.1793193499637216e-05	7.0	0.06363636363636363
chr17	chr17	3222	80550000	4.179075684293872e-05	109	98	0.003052998394480096	3.115304484163363e-05	4.179075684293872e-05	4.179075684293872e-05	2.0	0.01834862385321101
chr17	chr17	3223	80575000	4.178832108437641e-05	108	97	0.009539733693199104	9.834777003298045e-05	4.178832108437641e-05	4.178832108437641e-05	7.0	0.06481481481481481
chr17	chr17	3224	80600000	4.1785886223340766e-05	107	96	0.005419854290346779	5.645681552444561e-05	4.1785886223340766e-05	4.1785886223340766e-05	4.0	0.037383177570093455
chr17	chr17	3225	80625000	4.1783452259222866e-05	106	95	0.004934374592184128	5.194078518088556e-05	4.1783452259222866e-05	4.1783452259222866e-05	5.0	0.04716981132075472
chr17	chr17	3226	80650000	4.1781019191414264e-05	105	94	0.004443521665261366	4.7271507077248573e-05	4.1781019191414264e-05	4.1781019191414264e-05	3.0	0.02857142857142857
chr17	chr17	3227	80675000	4.177858701930727e-05	104	93	0.0050109376158925245	5.388104963325295e-05	4.177858701930727e-05	4.177858701930727e-05	3.0	0.028846153846153848
chr17	chr17	3228	80700000	4.1776155742294754e-05	103	92	0.0	0.0	4.1776155742294754e-05	4.1776155742294754e-05	0.0	0.0
chr17	chr17	3229	80725000	4.177372535977008e-05	102	91	0.004599656591204588	5.054567682642404e-05	4.177372535977008e-05	4.177372535977008e-05	3.0	0.029411764705882353
chr17	chr17	3230	80750000	4.1771295871127366e-05	101	90	0.007019625735112691	7.799584150125212e-05	4.1771295871127366e-05	4.1771295871127366e-05	5.0	0.04950495049504951
chr17	chr17	3231	80775000	4.176886727576125e-05	100	89	0.008553924573163773	9.611151205801992e-05	4.176886727576125e-05	4.176886727576125e-05	6.0	0.06
chr17	chr17	3232	80800000	4.176643957306691e-05	99	88	0.008061021626995983	9.16025184885907e-05	4.176643957306691e-05	4.176643957306691e-05	6.0	0.06060606060606061
chr17	chr17	3233	80825000	4.1764012762440256e-05	98	87	0.010693555333220021	0.00012291442911747152	4.1764012762440256e-05	4.1764012762440256e-05	8.0	0.08163265306122448
chr17	chr17	3234	80850000	4.176158684327769e-05	97	86	0.004391097609985293	5.105927453471271e-05	4.176158684327769e-05	4.176158684327769e-05	3.0	0.030927835051546393
chr17	chr17	3235	80875000	4.1759161814976225e-05	96	85	0.008024536811602891	9.440631543062225e-05	4.1759161814976225e-05	4.1759161814976225e-05	5.0	0.052083333333333336
chr17	chr17	3236	80900000	4.175673767693354e-05	95	84	0.008574073967413984	0.00010207230913588076	4.175673767693354e-05	4.175673767693354e-05	6.0	0.06315789473684211
chr17	chr17	3237	80925000	4.175431442854782e-05	94	83	0.007561932994021892	9.11076264339987e-05	4.175431442854782e-05	4.175431442854782e-05	6.0	0.06382978723404255
chr17	chr17	3238	80950000	4.1751892069217846e-05	93	82	0.0026371374484220073	3.2160212785634236e-05	4.1751892069217846e-05	4.1751892069217846e-05	2.0	0.021505376344086023
chr17	chr17	3239	80975000	4.1749470598343026e-05	92	81	0.011568438767428791	0.00014282023169665174	4.1749470598343026e-05	4.1749470598343026e-05	8.0	0.08695652173913043
chr17	chr17	3240	81000000	4.174705001532338e-05	91	80	0.006529231169287524	8.161538961609405e-05	4.174705001532338e-05	4.174705001532338e-05	5.0	0.054945054945054944
chr17	chr17	3241	81025000	4.174463031955945e-05	90	79	0.008323822238390387	0.00010536483846063781	4.174463031955945e-05	4.174463031955945e-05	6.0	0.06666666666666667
chr17	chr17	3242	81050000	4.1742211510452444e-05	89	78	0.0029461931059785217	3.777170648690412e-05	4.1742211510452444e-05	4.1742211510452444e-05	2.0	0.02247191011235955
chr17	chr17	3243	81075000	4.173979358740408e-05	88	77	0.003003166531738353	3.900216274984874e-05	4.173979358740408e-05	4.173979358740408e-05	3.0	0.03409090909090909
chr17	chr17	3244	81100000	4.173737654981673e-05	87	76	0.0014222735177804157	1.8714125233952837e-05	4.173737654981673e-05	4.173737654981673e-05	2.0	0.022988505747126436
chr17	chr17	3245	81125000	4.173496039709333e-05	86	75	0.006618986433671908	8.825315244895877e-05	4.173496039709333e-05	4.173496039709333e-05	4.0	0.046511627906976744
chr17	chr17	3246	81150000	4.1732545128637414e-05	85	74	0.008743717007040443	0.00011815833793297895	4.1732545128637414e-05	4.1732545128637414e-05	7.0	0.08235294117647059
chr17	chr17	3247	81175000	4.1730130743853076e-05	84	73	0.0	0.0	4.1730130743853076e-05	4.1730130743853076e-05	0.0	0.0
chr17	chr17	3248	81200000	4.172771724214499e-05	83	72	0.001722507771766438	2.3923719052311638e-05	4.172771724214499e-05	4.172771724214499e-05	1.0	0.012048192771084338
chr17	chr17	3249	81225000	4.1725304622918434e-05	82	71	0.003107801780661076	4.3771856065648956e-05	4.1725304622918434e-05	4.1725304622918434e-05	2.0	0.024390243902439025
chr17	chr17	3250	81250000	4.17228928855793e-05	81	70	0.006806336069518813	9.723337242169733e-05	4.17228928855793e-05	4.17228928855793e-05	5.0	0.06172839506172839
chr17	chr17	3251	81275000	4.172048202953401e-05	80	69	0.0	0.0	4.172048202953401e-05	4.172048202953401e-05	0.0	0.0
chr17	chr17	3252	81300000	4.1718072054189556e-05	79	69	0.008194200967493483	0.00011875653576077513	4.1718072054189556e-05	4.1718072054189556e-05	6.0	0.0759493670886076
chr17	chr17	3253	81325000	4.17156629589536e-05	78	68	0.0	0.0	4.17156629589536e-05	4.17156629589536e-05	0.0	0.0
chr17	chr17	3254	81350000	4.171325474323424e-05	77	66	0.0016618975939311537	2.518026657471445e-05	4.171325474323424e-05	4.171325474323424e-05	1.0	0.012987012987012988
chr17	chr17	3255	81375000	4.171084740644037e-05	76	65	0.004008762240059643	6.167326523168681e-05	4.171084740644037e-05	4.171084740644037e-05	3.0	0.039473684210526314
chr17	chr17	3256	81400000	4.170844094798122e-05	75	64	0.002173989622493562	3.396858785146191e-05	4.170844094798122e-05	4.170844094798122e-05	1.0	0.013333333333333334
chr17	chr17	3257	81425000	4.1706035367266756e-05	74	63	0.004589269929675513	7.284555443929386e-05	4.1706035367266756e-05	4.1706035367266756e-05	3.0	0.04054054054054054
chr17	chr17	3258	81450000	4.1703630663707466e-05	73	62	0.007352408806689599	0.00011858723881757418	4.1703630663707466e-05	4.1703630663707466e-05	4.0	0.0547945205479452
chr17	chr17	3259	81475000	4.170122683671447e-05	72	61	0.003336863283376187	5.47026767766588e-05	4.170122683671447e-05	4.170122683671447e-05	2.0	0.027777777777777776
chr17	chr17	3260	81500000	4.169882388569938e-05	71	60	0.0013183854365894797	2.197309060982466e-05	4.169882388569938e-05	4.169882388569938e-05	1.0	0.014084507042253521
chr17	chr17	3261	81525000	4.169642181007441e-05	70	59	0.0012554996316830238	2.1279654774288538e-05	4.169642181007441e-05	4.169642181007441e-05	1.0	0.014285714285714285
chr17	chr17	3262	81550000	4.169402060925237e-05	69	58	0.006315158392543449	0.00010888204125074912	4.169402060925237e-05	4.169402060925237e-05	4.0	0.057971014492753624
chr17	chr17	3263	81575000	4.169162028264668e-05	68	57	0.003647116864923573	6.398450640216795e-05	4.169162028264668e-05	4.169162028264668e-05	3.0	0.04411764705882353
chr17	chr17	3264	81600000	4.168922082967124e-05	67	56	0.0013304202922266516	2.3757505218333064e-05	4.168922082967124e-05	4.168922082967124e-05	1.0	0.014925373134328358
chr17	chr17	3265	81625000	4.168682224974055e-05	66	55	0.0034455416417530325	6.264621166823696e-05	4.168682224974055e-05	4.168682224974055e-05	2.0	0.030303030303030304
chr17	chr17	3266	81650000	4.168442454226979e-05	65	55	0.0025578947484318606	4.650717724421565e-05	4.168442454226979e-05	4.168442454226979e-05	2.0	0.03076923076923077
chr17	chr17	3267	81675000	4.1682027706674525e-05	64	55	0.0014159755667781304	2.5745010305056916e-05	4.1682027706674525e-05	4.1682027706674525e-05	1.0	0.015625
chr17	chr17	3268	81700000	4.167963174237104e-05	63	54	0.0018219267882398286	3.373938496740423e-05	4.167963174237104e-05	4.167963174237104e-05	1.0	0.015873015873015872
chr17	chr17	3269	81725000	4.167723664877613e-05	62	53	0.008328909053575494	0.0001571492274259527	4.167723664877613e-05	4.167723664877613e-05	5.0	0.08064516129032258
chr17	chr17	3270	81750000	4.167484242530715e-05	61	52	0.005351731080817302	0.00010291790540033273	4.167484242530715e-05	4.167484242530715e-05	3.0	0.04918032786885246
chr17	chr17	3271	81775000	4.167244907138211e-05	60	51	0.004945437966658452	9.696937189526376e-05	4.167244907138211e-05	4.167244907138211e-05	4.0	0.06666666666666667
chr17	chr17	3272	81800000	4.167005658641941e-05	59	50	0.004388771087690605	8.777542175381211e-05	4.167005658641941e-05	4.167005658641941e-05	3.0	0.05084745762711865
chr17	chr17	3273	81825000	4.166766496983819e-05	58	49	0.0029380087113363633	5.995936145584415e-05	4.166766496983819e-05	4.166766496983819e-05	2.0	0.034482758620689655
chr17	chr17	3274	81850000	4.166527422105807e-05	57	48	0.004139878300056779	8.624746458451623e-05	4.166527422105807e-05	4.166527422105807e-05	3.0	0.05263157894736842
chr17	chr17	3275	81875000	4.166288433949921e-05	56	47	0.00423852923070844	9.018147299379659e-05	4.166288433949921e-05	4.166288433949921e-05	3.0	0.05357142857142857
chr17	chr17	3276	81900000	4.1660495324582475e-05	55	46	0.003064437056091521	6.66181968715548e-05	4.1660495324582475e-05	4.1660495324582475e-05	2.0	0.03636363636363636
chr17	chr17	3277	81925000	4.165852709898598e-05	54	45	0.0049615516600335615	0.00011025670355630136	4.165852709898598e-05	4.165852709898598e-05	3.0	0.05555555555555555
chr17	chr17	3278	81950000	4.165655956686107e-05	53	44	0.0048328603433066275	0.00010983773507515062	4.165655956686107e-05	4.165655956686107e-05	3.0	0.05660377358490566
chr17	chr17	3279	81975000	4.165459272775202e-05	52	43	0.0036158533900876276	8.408961372296809e-05	4.165459272775202e-05	4.165459272775202e-05	2.0	0.038461538461538464
chr17	chr17	3280	82000000	4.165262658120348e-05	51	42	0.0027136220107391966	6.461004787474278e-05	4.165262658120348e-05	4.165262658120348e-05	2.0	0.0392156862745098
chr17	chr17	3281	82025000	4.1650661126760524e-05	50	41	0.005336897130762431	0.00013016822270152273	4.1650661126760524e-05	4.1650661126760524e-05	3.0	0.06
chr17	chr17	3282	82050000	4.164869636396874e-05	49	40	0.0028353569594541167	7.088392398635292e-05	4.164869636396874e-05	4.164869636396874e-05	2.0	0.04081632653061224
chr17	chr17	3283	82075000	4.164673229237404e-05	48	39	0.0031808453279239374	8.15601366134343e-05	4.164673229237404e-05	4.164673229237404e-05	2.0	0.041666666666666664
chr17	chr17	3284	82100000	4.164476891152292e-05	47	38	0.002960950425097834	7.791974802889037e-05	4.164476891152292e-05	4.164476891152292e-05	2.0	0.0425531914893617
chr17	chr17	3285	82125000	4.164280622096215e-05	46	37	0.006536800736658209	0.0001766702901799516	4.164280622096215e-05	4.164280622096215e-05	4.0	0.08695652173913043
chr17	chr17	3286	82150000	4.164084422023901e-05	45	36	0.002938528289980471	8.162578583279087e-05	4.164084422023901e-05	4.164084422023901e-05	2.0	0.044444444444444446
chr17	chr17	3287	82175000	4.1638882908901294e-05	44	35	0.004152264805341962	0.00011863613729548461	4.1638882908901294e-05	4.1638882908901294e-05	2.0	0.045454545454545456
chr17	chr17	3288	82200000	4.1636922286497105e-05	43	34	0.006102452612963258	0.00017948390038127228	4.1636922286497105e-05	4.1636922286497105e-05	4.0	0.09302325581395349
chr17	chr17	3289	82225000	4.163496235257505e-05	42	33	0.003513388219882142	0.00010646630969339825	4.163496235257505e-05	4.163496235257505e-05	3.0	0.07142857142857142
chr17	chr17	3290	82250000	4.163300310668408e-05	41	32	0.006499865714395029	0.00020312080357484465	4.163300310668408e-05	4.163300310668408e-05	4.0	0.0975609756097561
chr17	chr17	3291	82275000	4.1631044548373726e-05	40	31	0.0059741204943512104	0.00019271356433391002	4.1631044548373726e-05	4.1631044548373726e-05	4.0	0.1
chr17	chr17	3292	82300000	4.162908667719383e-05	39	30	0.0011247678173235082	3.7492260577450276e-05	4.162908667719383e-05	4.162908667719383e-05	1.0	0.02564102564102564
chr17	chr17	3293	82325000	4.162712949269473e-05	38	29	0.002385105787377544	8.224502715094979e-05	4.162712949269473e-05	4.162712949269473e-05	2.0	0.05263157894736842
chr17	chr17	3294	82350000	4.1625172994427115e-05	37	28	0.0011552793671182838	4.125997739708156e-05	4.1625172994427115e-05	4.1625172994427115e-05	1.0	0.02702702702702703
chr17	chr17	3295	82375000	4.162321718194222e-05	36	27	0.0028472745756525164	0.00010545461391305617	4.162321718194222e-05	4.162321718194222e-05	2.0	0.05555555555555555
chr17	chr17	3296	82400000	4.1621262054791624e-05	35	26	0.008924901526385635	0.00034326544332252446	4.1621262054791624e-05	4.1621262054791624e-05	5.0	0.14285714285714285
chr17	chr17	3297	82425000	4.161930761252739e-05	34	25	0.0019955885589126917	7.982354235650767e-05	4.161930761252739e-05	4.161930761252739e-05	1.0	0.029411764705882353
chr17	chr17	3298	82450000	4.1617353854701906e-05	33	24	0.0016448692386230406	6.853621827596002e-05	4.1617353854701906e-05	4.1617353854701906e-05	1.0	0.030303030303030304
chr17	chr17	3299	82475000	4.1615400780868135e-05	32	23	0.0	0.0	4.1615400780868135e-05	4.1615400780868135e-05	0.0	0.0
chr17	chr17	3300	82500000	4.161344839057932e-05	31	22	0.00268606652364053	0.00012209393289275137	4.161344839057932e-05	4.161344839057932e-05	2.0	0.06451612903225806
chr17	chr17	3301	82525000	4.161149668338931e-05	30	21	0.004898077733633975	0.0002332417968397131	4.161149668338931e-05	4.161149668338931e-05	3.0	0.1
chr17	chr17	3302	82550000	4.160954565885219e-05	29	20	0.005515222596167364	0.0002757611298083682	4.160954565885219e-05	4.160954565885219e-05	4.0	0.13793103448275862
chr17	chr17	3303	82575000	4.160759531652255e-05	28	19	0.0	0.0	4.160759531652255e-05	4.160759531652255e-05	0.0	0.0
chr17	chr17	3304	82600000	4.160564565595553e-05	27	18	0.0	0.0	4.160564565595553e-05	4.160564565595553e-05	0.0	0.0
chr17	chr17	3305	82625000	4.160369667670641e-05	26	17	0.0	0.0	4.160369667670641e-05	4.160369667670641e-05	0.0	0.0
chr17	chr17	3306	82650000	4.160174837833115e-05	25	16	0.0035744742775337163	0.00022340464234585727	4.160174837833115e-05	4.160174837833115e-05	2.0	0.08
chr17	chr17	3307	82675000	4.159980076038606e-05	24	15	0.0026882261449179285	0.0001792150763278619	4.159980076038606e-05	4.159980076038606e-05	2.0	0.08333333333333333
chr17	chr17	3308	82700000	4.159785382242781e-05	23	14	0.0	0.0	4.159785382242781e-05	4.159785382242781e-05	0.0	0.0
chr17	chr17	3309	82725000	4.1595907564013556e-05	22	13	0.006682275860877476	0.0005140212200674981	4.1595907564013556e-05	4.1595907564013556e-05	4.0	0.18181818181818182
chr17	chr17	3310	82750000	4.159396198470088e-05	21	13	0.004341983895938018	0.0003339987612260014	4.159396198470088e-05	4.159396198470088e-05	3.0	0.14285714285714285
chr17	chr17	3311	82775000	4.159201708404774e-05	20	12	0.003658936188903285	0.0003049113490752738	4.159201708404774e-05	4.159201708404774e-05	2.0	0.1
chr17	chr17	3312	82800000	4.159007286161261e-05	19	11	0.0029426586562196193	0.0002675144232926927	4.159007286161261e-05	4.159007286161261e-05	2.0	0.10526315789473684
chr17	chr17	3313	82825000	4.158812931695417e-05	18	10	0.0017178698399678263	0.00017178698399678263	4.158812931695417e-05	4.158812931695417e-05	1.0	0.05555555555555555
chr17	chr17	3314	82850000	4.158618644963185e-05	17	9	0.0021371389516588466	0.00023745988351764962	4.158618644963185e-05	4.158618644963185e-05	1.0	0.058823529411764705
chr17	chr17	3315	82875000	4.1584244259205154e-05	16	8	0.0	0.0	4.1584244259205154e-05	4.1584244259205154e-05	0.0	0.0
chr17	chr17	3316	82900000	4.158230274523429e-05	15	7	0.0	0.0	4.158230274523429e-05	4.158230274523429e-05	0.0	0.0
chr17	chr17	3317	82925000	4.158036190727965e-05	14	6	0.0	0.0	4.158036190727965e-05	4.158036190727965e-05	0.0	0.0
chr17	chr17	3318	82950000	4.157842174490222e-05	13	5	0.0	0.0	4.157842174490222e-05	4.157842174490222e-05	0.0	0.0
chr17	chr17	3319	82975000	4.157648225766334e-05	12	4	0.0017975389600840858	0.00044938474002102145	4.157648225766334e-05	4.157648225766334e-05	1.0	0.08333333333333333
chr17	chr17	3320	83000000	4.15745434451247e-05	11	3	0.0033686111919970724	0.0011228703973323575	4.15745434451247e-05	4.15745434451247e-05	2.0	0.18181818181818182
chr17	chr17	3321	83025000	4.1572605306848584e-05	10	2	0.0	0.0	4.1572605306848584e-05	4.1572605306848584e-05	0.0	0.0
chr17	chr17	3322	83050000	4.1570667842397496e-05	9	1	0.0	0.0	4.1570667842397496e-05	4.1570667842397496e-05	0.0	0.0
chr17	chr17	3323	83075000	4.156873105133444e-05	8	0	0.0		4.156873105133444e-05	4.156873105133444e-05	0.0	0.0
chr17	chr17	3324	83100000	4.156679493322289e-05	7	0	0.0		4.156679493322289e-05	4.156679493322289e-05	0.0	0.0
chr17	chr17	3325	83125000	4.1564859487626636e-05	6	0	0.0		4.1564859487626636e-05	4.1564859487626636e-05	0.0	0.0
chr17	chr17	3326	83150000	4.156292471410991e-05	5	0	0.0		4.156292471410991e-05	4.156292471410991e-05	0.0	0.0
chr17	chr17	3327	83175000	4.156099061223741e-05	4	0	0.0		4.156099061223741e-05	4.156099061223741e-05	0.0	0.0
chr17	chr17	3328	83200000	4.1559057181574166e-05	3	0	0.0		4.1559057181574166e-05	4.1559057181574166e-05	0.0	0.0
chr17	chr17	3329	83225000	4.155712442168568e-05	2	0	0.0		4.155712442168568e-05	4.155712442168568e-05	0.0	0.0
chr17	chr17	3330	83250000	4.155519233213785e-05	1	0	0.0		4.155519233213785e-05	4.155519233213785e-05	0.0	0.0
